trip_id,vehicle_id,driver_id,depot,date,planned_distance_km,actual_distance_km,odometer_start,odometer_end,harsh_braking_events,harsh_accel_events,idle_minutes,after_hours_km
T-VH-1011-62,VH-1011,DR-208,Polokwane DC,2026-07-02,214.5,235.4,59290,59525.4,0,0,13.4,3.1
T-VH-1008-40,VH-1008,DR-222,Polokwane DC,2026-06-10,128.4,139.8,56018,56157.8,1,1,38.0,3.3
T-VH-1014-106,VH-1014,DR-224,Nelspruit DC,2026-08-15,201.6,209.6,65914,66123.6,3,6,38.3,52.4
T-VH-1000-102,VH-1000,DR-218,Pretoria DC,2026-08-11,183.2,187.1,65316,65503.1,0,1,24.6,1.7
T-VH-1011-63,VH-1011,DR-208,Polokwane DC,2026-07-03,203.5,207.8,59434,59641.8,0,1,27.5,5.9
T-VH-1005-104,VH-1005,DR-224,Polokwane DC,2026-08-13,171.6,173.2,65588,65761.2,2,1,16.1,0.2
T-VH-1019-43,VH-1019,DR-203,Nelspruit DC,2026-06-13,172.3,177.7,56457,56634.7,1,1,9.4,2.4
T-VH-1004-31,VH-1004,DR-200,Nelspruit DC,2026-06-01,100.4,107.4,54635,54742.4,0,2,19.0,2.6
T-VH-1020-109,VH-1020,DR-211,Polokwane DC,2026-08-18,211.4,230.9,66333,66563.9,0,2,11.4,0.8
T-VH-1005-89,VH-1005,DR-224,Polokwane DC,2026-07-29,66.1,72.4,63341,63413.4,1,0,26.1,1.4
T-VH-1019-1,VH-1019,DR-203,Nelspruit DC,2026-05-02,162.9,163.7,50146,50309.7,2,0,9.9,3.3
T-VH-1017-43,VH-1017,DR-202,Polokwane DC,2026-06-13,236.0,261.6,56453,56714.6,4,2,38.4,65.4
T-VH-1021-97,VH-1021,DR-227,Nelspruit DC,2026-08-06,131.6,137.2,64566,64703.2,0,1,12.7,1.5
T-VH-1013-35,VH-1013,DR-206,Johannesburg DC,2026-06-05,222.7,245.3,55261,55506.3,0,1,25.1,6.1
T-VH-1010-117,VH-1010,DR-210,Pretoria DC,2026-08-26,123.7,125.3,67564,67689.3,0,1,13.4,3.7
T-VH-1009-54,VH-1009,DR-213,Nelspruit DC,2026-06-24,175.0,178.2,58098,58276.2,1,3,5.0,2.4
T-VH-1018-46,VH-1018,DR-212,Nelspruit DC,2026-06-16,217.1,233.2,56900,57133.2,0,1,26.5,0.7
T-VH-1016-99,VH-1016,DR-203,Nelspruit DC,2026-08-08,88.8,93.4,64857,64950.4,3,1,19.7,1.8
T-VH-1003-14,VH-1003,DR-227,Nelspruit DC,2026-05-15,204.0,220.0,52089,52309.0,1,0,24.4,4.8
T-VH-1002-92,VH-1002,DR-225,Pretoria DC,2026-08-01,185.6,198.2,63801,63999.2,2,0,37.1,5.5
T-VH-1008-39,VH-1008,DR-222,Polokwane DC,2026-06-09,156.7,171.6,55869,56040.6,0,0,28.1,0.8
T-VH-1011-8,VH-1011,DR-208,Polokwane DC,2026-05-09,262.8,288.0,51198,51486.0,0,1,30.7,3.2
T-VH-1000-88,VH-1000,DR-218,Pretoria DC,2026-07-28,184.2,194.7,63208,63402.7,0,0,17.4,5.2
T-VH-1001-5,VH-1001,DR-208,Johannesburg DC,2026-05-06,163.2,166.4,50738,50904.4,4,3,51.1,41.6
T-VH-1024-109,VH-1024,DR-208,Polokwane DC,2026-08-18,189.2,198.5,66364,66562.5,0,2,34.7,2.9
T-VH-1004-56,VH-1004,DR-200,Nelspruit DC,2026-06-26,187.8,199.9,58401,58600.9,1,0,2.2,3.0
T-VH-1014-105,VH-1014,DR-224,Nelspruit DC,2026-08-14,254.4,258.9,65766,66024.9,3,3,49.8,64.7
T-VH-1011-105,VH-1011,DR-208,Polokwane DC,2026-08-14,200.1,207.3,65733,65940.3,1,0,20.7,3.8
T-VH-1016-40,VH-1016,DR-203,Nelspruit DC,2026-06-10,246.0,249.8,56014,56263.8,1,0,28.0,3.2
T-VH-1016-91,VH-1016,DR-203,Nelspruit DC,2026-07-31,64.5,67.8,63638,63705.8,0,1,21.0,0.6
T-VH-1015-64,VH-1015,DR-210,Johannesburg DC,2026-07-04,159.8,172.4,59599,59771.4,0,0,10.3,4.2
T-VH-1024-12,VH-1024,DR-208,Polokwane DC,2026-05-13,214.8,228.6,51791,52019.6,1,1,6.3,2.5
T-VH-1014-1,VH-1014,DR-224,Nelspruit DC,2026-05-02,166.8,167.9,50133,50300.9,4,5,47.8,42.0
T-VH-1000-82,VH-1000,DR-218,Pretoria DC,2026-07-22,191.5,202.7,62281,62483.7,1,2,21.7,3.7
T-VH-1019-77,VH-1019,DR-203,Nelspruit DC,2026-07-17,228.0,242.7,61553,61795.7,0,0,36.0,5.0
T-VH-1024-52,VH-1024,DR-208,Polokwane DC,2026-06-22,158.7,163.7,57800,57963.7,3,2,16.9,3.6
T-VH-1001-116,VH-1001,DR-208,Johannesburg DC,2026-08-25,215.5,221.6,67396,67617.6,3,2,42.4,55.4
T-VH-1006-78,VH-1006,DR-225,Pretoria DC,2026-07-18,199.2,217.5,61688,61905.5,0,0,19.8,6.3
T-VH-1016-8,VH-1016,DR-203,Nelspruit DC,2026-05-09,207.3,213.9,51202,51415.9,2,0,17.5,1.6
T-VH-1017-97,VH-1017,DR-202,Polokwane DC,2026-08-06,24.2,25.8,64556,64581.8,0,8,53.6,6.4
T-VH-1017-71,VH-1017,DR-202,Polokwane DC,2026-07-11,251.6,256.7,60653,60909.7,6,2,50.3,64.2
T-VH-1019-18,VH-1019,DR-203,Nelspruit DC,2026-05-19,238.4,242.3,52691,52933.3,0,0,-8.3,5.9
T-VH-1024-56,VH-1024,DR-208,Polokwane DC,2026-06-26,242.1,251.4,58389,58640.4,1,1,16.0,1.8
T-VH-1015-14,VH-1015,DR-210,Johannesburg DC,2026-05-15,159.7,160.4,52082,52242.4,0,1,11.4,3.6
T-VH-1018-45,VH-1018,DR-212,Nelspruit DC,2026-06-15,273.5,287.0,56754,57041.0,0,0,26.1,5.8
T-VH-1007-17,VH-1007,DR-205,Pretoria DC,2026-05-18,192.8,213.0,52559,52772.0,1,1,36.0,6.0
T-VH-1003-41,VH-1003,DR-227,Nelspruit DC,2026-06-11,228.7,233.4,56168,56401.4,1,2,10.5,3.8
T-VH-1024-39,VH-1024,DR-208,Polokwane DC,2026-06-09,150.3,162.7,55831,55993.7,1,1,25.2,0.6
T-VH-1020-8,VH-1020,DR-211,Polokwane DC,2026-05-09,85.1,93.0,51202,51295.0,0,2,37.3,2.5
T-VH-1015-108,VH-1015,DR-210,Johannesburg DC,2026-08-17,148.6,162.8,66186,66348.8,0,0,24.3,3.3
T-VH-1013-17,VH-1013,DR-206,Johannesburg DC,2026-05-18,106.3,110.9,52566,52676.9,1,0,18.0,0.1
T-VH-1013-1,VH-1013,DR-206,Johannesburg DC,2026-05-02,246.6,272.6,50142,50414.6,0,1,24.0,1.3
T-VH-1020-5,VH-1020,DR-211,Polokwane DC,2026-05-06,229.3,247.3,50759,51006.3,1,0,18.9,4.7
T-VH-1020-56,VH-1020,DR-211,Polokwane DC,2026-06-26,181.8,182.6,58399,58581.6,2,1,9.8,1.8
T-VH-1014-99,VH-1014,DR-224,Nelspruit DC,2026-08-08,172.4,177.9,64836,65013.9,1,1,48.9,44.5
T-VH-1002-91,VH-1002,DR-225,Pretoria DC,2026-07-31,156.1,164.5,63644,63808.5,1,0,27.0,2.0
T-VH-1000-73,VH-1000,DR-218,Pretoria DC,2026-07-13,223.9,248.4,60958,61206.4,1,1,6.9,5.7
T-VH-1001-35,VH-1001,DR-208,Johannesburg DC,2026-06-05,30.8,33.9,55262,55295.9,3,2,63.6,8.5
T-VH-1023-39,VH-1023,DR-219,Polokwane DC,2026-06-09,139.6,151.8,55855,56006.8,2,1,56.6,38.0
T-VH-1023-102,VH-1023,DR-219,Polokwane DC,2026-08-11,104.8,108.5,65291,65399.5,4,4,57.5,27.1
T-VH-1013-83,VH-1013,DR-206,Johannesburg DC,2026-07-23,194.5,200.9,62460,62660.9,0,1,38.3,3.1
T-VH-1020-29,VH-1020,DR-211,Polokwane DC,2026-05-30,126.4,137.6,54330,54467.6,1,0,33.4,3.4
T-VH-1017-31,VH-1017,DR-202,Polokwane DC,2026-06-01,101.1,112.2,54651,54763.2,3,4,51.5,28.0
T-VH-1007-22,VH-1007,DR-205,Pretoria DC,2026-05-23,242.7,264.0,53308,53572.0,2,1,20.8,2.5
T-VH-1023-75,VH-1023,DR-219,Polokwane DC,2026-07-15,272.0,294.0,61262,61556.0,4,5,58.6,73.5
T-VH-1020-103,VH-1020,DR-211,Polokwane DC,2026-08-12,155.8,157.3,65448,65605.3,1,2,19.3,3.2
T-VH-1003-75,VH-1003,DR-227,Nelspruit DC,2026-07-15,177.5,177.8,61232,61409.8,1,1,19.9,4.3
T-VH-1023-71,VH-1023,DR-219,Polokwane DC,2026-07-11,126.8,132.7,60660,60792.7,4,5,48.5,33.2
T-VH-1007-112,VH-1007,DR-205,Pretoria DC,2026-08-21,228.7,249.1,66803,67052.1,2,0,18.1,2.3
T-VH-1003-84,VH-1003,DR-227,Nelspruit DC,2026-07-24,193.2,196.2,62587,62783.2,0,1,15.0,4.0
T-VH-1014-24,VH-1014,DR-224,Nelspruit DC,2026-05-25,199.7,205.7,53620,53825.7,3,0,42.5,51.4
T-VH-1014-61,VH-1014,DR-224,Nelspruit DC,2026-07-01,212.6,215.5,59143,59358.5,1,1,43.5,53.9
T-VH-1020-63,VH-1020,DR-211,Polokwane DC,2026-07-03,222.3,238.3,59434,59672.3,0,1,18.2,0.1
T-VH-1003-99,VH-1003,DR-227,Nelspruit DC,2026-08-08,107.5,109.5,64837,64946.5,0,1,18.9,2.6
T-VH-1024-118,VH-1024,DR-208,Polokwane DC,2026-08-27,145.2,145.9,67680,67825.9,0,0,39.8,3.7
T-VH-1007-24,VH-1007,DR-205,Pretoria DC,2026-05-25,160.1,171.4,53580,53751.4,1,1,21.4,3.9
T-VH-1018-4,VH-1018,DR-212,Nelspruit DC,2026-05-05,79.0,79.8,50612,50691.8,1,0,33.2,0.6
T-VH-1016-25,VH-1016,DR-203,Nelspruit DC,2026-05-26,229.5,238.9,53747,53985.9,0,0,8.9,5.6
T-VH-1007-33,VH-1007,DR-205,Pretoria DC,2026-06-03,273.2,278.2,54939,55217.2,0,1,19.8,5.9
T-VH-1011-50,VH-1011,DR-208,Polokwane DC,2026-06-20,274.0,279.6,57520,57799.6,0,1,19.2,8.0
T-VH-1024-34,VH-1024,DR-208,Polokwane DC,2026-06-04,140.9,144.4,55081,55225.4,2,2,21.7,2.3
T-VH-1018-24,VH-1018,DR-212,Nelspruit DC,2026-05-25,127.6,133.5,53600,53733.5,0,2,15.3,1.3
T-VH-1015-45,VH-1015,DR-210,Johannesburg DC,2026-06-15,225.1,229.6,56768,56997.6,2,0,17.4,3.5
T-VH-1006-1,VH-1006,DR-225,Pretoria DC,2026-05-02,100.8,110.8,50151,50261.8,1,1,26.9,0.1
T-VH-1010-105,VH-1010,DR-210,Pretoria DC,2026-08-14,248.0,272.3,65767,66039.3,0,1,22.6,6.9
T-VH-1008-73,VH-1008,DR-222,Polokwane DC,2026-07-13,223.7,244.4,60962,61206.4,0,1,31.8,1.6
T-VH-1006-14,VH-1006,DR-225,Pretoria DC,2026-05-15,118.6,120.2,52095,52215.2,0,0,26.9,2.4
T-VH-1001-84,VH-1001,DR-208,Johannesburg DC,2026-07-24,121.5,129.3,62580,62709.3,2,6,54.4,32.3
T-VH-1019-60,VH-1019,DR-203,Nelspruit DC,2026-06-30,167.6,173.2,59004,59177.2,1,0,34.1,0.2
T-VH-1018-55,VH-1018,DR-212,Nelspruit DC,2026-06-25,135.4,137.4,58260,58397.4,1,1,9.4,3.0
T-VH-1017-19,VH-1017,DR-202,Polokwane DC,2026-05-20,226.5,234.0,52849,53083.0,5,3,58.7,58.5
T-VH-1021-3,VH-1021,DR-227,Nelspruit DC,2026-05-04,216.8,236.0,50436,50672.0,0,0,3.7,0.8
T-VH-1000-46,VH-1000,DR-218,Pretoria DC,2026-06-16,246.7,251.4,56898,57149.4,1,2,24.0,5.4
T-VH-1020-110,VH-1020,DR-211,Polokwane DC,2026-08-19,81.7,83.7,66482,66565.7,0,3,4.7,1.2
T-VH-1018-118,VH-1018,DR-212,Nelspruit DC,2026-08-27,150.1,150.3,67717,67867.3,0,0,23.7,4.4
T-VH-1014-115,VH-1014,DR-224,Nelspruit DC,2026-08-24,99.1,105.8,67238,67343.8,1,1,29.7,26.4
T-VH-1017-3,VH-1017,DR-202,Polokwane DC,2026-05-04,110.3,117.8,50434,50551.8,5,1,38.5,29.4
T-VH-1010-75,VH-1010,DR-210,Pretoria DC,2026-07-15,178.2,197.6,61251,61448.6,1,1,5.0,2.2
T-VH-1013-104,VH-1013,DR-206,Johannesburg DC,2026-08-13,207.1,219.2,65614,65833.2,1,1,16.4,1.8
T-VH-1010-60,VH-1010,DR-210,Pretoria DC,2026-06-30,199.3,211.4,59014,59225.4,1,1,27.7,1.0
T-VH-1020-3,VH-1020,DR-211,Polokwane DC,2026-05-04,161.9,174.9,50467,50641.9,0,2,22.7,3.0
T-VH-1012-68,VH-1012,DR-204,Pretoria DC,2026-07-08,95.6,96.9,60219,60315.9,0,0,7.7,0.8
T-VH-1024-63,VH-1024,DR-208,Polokwane DC,2026-07-03,176.6,194.7,59457,59651.7,1,1,15.5,2.8
T-VH-1024-36,VH-1024,DR-208,Polokwane DC,2026-06-06,228.0,250.0,55380,55630.0,0,0,32.8,5.2
T-VH-1007-97,VH-1007,DR-205,Pretoria DC,2026-08-06,217.7,238.4,64543,64781.4,2,3,24.9,3.0
T-VH-1005-8,VH-1005,DR-224,Polokwane DC,2026-05-09,124.8,127.5,51186,51313.5,3,1,26.8,0.1
T-VH-1000-95,VH-1000,DR-218,Pretoria DC,2026-08-04,112.7,121.5,64232,64353.5,1,0,16.3,3.0
T-VH-1004-48,VH-1004,DR-200,Nelspruit DC,2026-06-18,191.0,199.6,57218,57417.6,1,1,36.4,4.7
T-VH-1016-59,VH-1016,DR-203,Nelspruit DC,2026-06-29,170.7,177.7,58863,59040.7,0,2,20.5,0.1
T-VH-1022-78,VH-1022,DR-211,Pretoria DC,2026-07-18,173.6,191.1,61691,61882.1,1,0,26.5,3.1
T-VH-1020-89,VH-1020,DR-211,Polokwane DC,2026-07-29,160.3,177.5,63360,63537.5,1,2,27.0,3.8
T-VH-1013-81,VH-1013,DR-206,Johannesburg DC,2026-07-21,278.3,282.6,62170,62452.6,2,0,20.2,3.9
T-VH-1016-0,VH-1016,DR-203,Nelspruit DC,2026-05-01,165.0,170.0,50011,50181.0,0,2,-0.2,2.5
T-VH-1021-62,VH-1021,DR-227,Nelspruit DC,2026-07-02,225.1,228.9,59307,59535.9,0,0,7.9,4.7
T-VH-1017-60,VH-1017,DR-202,Polokwane DC,2026-06-30,195.1,196.4,59018,59214.4,3,2,32.6,49.1
T-VH-1021-28,VH-1021,DR-227,Nelspruit DC,2026-05-29,99.5,100.3,54211,54311.3,1,3,22.4,2.0
T-VH-1005-91,VH-1005,DR-224,Polokwane DC,2026-07-31,188.0,201.9,63651,63852.9,0,2,5.1,2.0
T-VH-1024-108,VH-1024,DR-208,Polokwane DC,2026-08-17,99.0,101.5,66212,66313.5,0,1,23.2,2.8
T-VH-1007-48,VH-1007,DR-205,Pretoria DC,2026-06-18,106.1,111.5,57220,57331.5,0,0,39.3,2.4
T-VH-1009-25,VH-1009,DR-213,Nelspruit DC,2026-05-26,151.7,165.4,53757,53922.4,0,0,21.2,4.4
T-VH-1020-84,VH-1020,DR-211,Polokwane DC,2026-07-24,141.2,153.5,62585,62738.5,1,0,37.0,3.7
T-VH-1015-66,VH-1015,DR-210,Johannesburg DC,2026-07-06,94.9,101.6,59909,60010.6,1,1,16.5,1.7
T-VH-1019-96,VH-1019,DR-203,Nelspruit DC,2026-08-05,92.2,94.8,64418,64512.8,1,1,16.8,1.2
T-VH-1007-78,VH-1007,DR-205,Pretoria DC,2026-07-18,92.6,96.2,61705,61801.2,0,2,21.4,2.6
T-VH-1016-63,VH-1016,DR-203,Nelspruit DC,2026-07-03,164.9,181.9,59449,59630.9,0,1,5.7,1.2
T-VH-1020-38,VH-1020,DR-211,Polokwane DC,2026-06-08,200.8,217.4,55695,55912.4,1,1,9.7,6.2
T-VH-1018-74,VH-1018,DR-212,Nelspruit DC,2026-07-14,199.9,207.9,61111,61318.9,1,0,18.2,5.6
T-VH-1002-102,VH-1002,DR-225,Pretoria DC,2026-08-11,144.8,155.7,65307,65462.7,1,1,55.6,4.1
T-VH-1003-1,VH-1003,DR-227,Nelspruit DC,2026-05-02,127.3,129.2,50160,50289.2,0,0,27.1,2.7
T-VH-1010-34,VH-1010,DR-210,Pretoria DC,2026-06-04,252.4,265.4,55091,55356.4,0,1,12.4,5.7
T-VH-1012-101,VH-1012,DR-204,Pretoria DC,2026-08-10,117.8,125.1,65163,65288.1,0,0,33.6,3.1
T-VH-1010-33,VH-1010,DR-210,Pretoria DC,2026-06-03,249.4,276.0,54933,55209.0,0,2,26.2,7.0
T-VH-1018-42,VH-1018,DR-212,Nelspruit DC,2026-06-12,185.6,200.6,56315,56515.6,0,0,1.3,3.1
T-VH-1006-32,VH-1006,DR-225,Pretoria DC,2026-06-02,196.5,216.6,54785,55001.6,1,2,28.2,2.3
T-VH-1006-67,VH-1006,DR-225,Pretoria DC,2026-07-07,170.8,187.7,60067,60254.7,0,1,16.0,5.6
T-VH-1022-95,VH-1022,DR-211,Pretoria DC,2026-08-04,160.7,161.8,64257,64418.8,3,0,14.3,0.9
T-VH-1009-18,VH-1009,DR-213,Nelspruit DC,2026-05-19,188.0,197.9,52711,52908.9,0,1,24.8,4.5
T-VH-1020-32,VH-1020,DR-211,Polokwane DC,2026-06-02,201.0,221.2,54806,55027.2,2,0,33.5,1.1
T-VH-1007-12,VH-1007,DR-205,Pretoria DC,2026-05-13,159.5,167.7,51816,51983.7,2,1,30.0,3.6
T-VH-1017-21,VH-1017,DR-202,Polokwane DC,2026-05-22,171.1,184.3,53157,53341.3,2,4,68.0,46.1
T-VH-1015-5,VH-1015,DR-210,Johannesburg DC,2026-05-06,163.7,181.7,50761,50942.7,0,2,27.5,2.9
T-VH-1022-82,VH-1022,DR-211,Pretoria DC,2026-07-22,246.9,258.4,62283,62541.4,3,1,24.1,3.6
T-VH-1021-18,VH-1021,DR-227,Nelspruit DC,2026-05-19,194.7,207.0,52698,52905.0,0,2,14.9,4.4
T-VH-1020-119,VH-1020,DR-211,Polokwane DC,2026-08-28,217.1,219.5,67862,68081.5,2,0,8.2,0.7
T-VH-1015-47,VH-1015,DR-210,Johannesburg DC,2026-06-17,316.6,324.4,57031,57355.4,3,1,26.9,0.1
T-VH-1012-49,VH-1012,DR-204,Pretoria DC,2026-06-19,380.5,383.9,57350,57733.9,0,0,20.2,4.9
T-VH-1004-98,VH-1004,DR-200,Nelspruit DC,2026-08-07,174.4,176.7,64705,64881.7,2,2,13.1,1.0
T-VH-1010-103,VH-1010,DR-210,Pretoria DC,2026-08-12,136.9,147.3,65441,65588.3,0,1,11.7,1.4
T-VH-1016-35,VH-1016,DR-203,Nelspruit DC,2026-06-05,186.6,190.0,55238,55428.0,0,0,11.0,4.5
T-VH-1006-109,VH-1006,DR-225,Pretoria DC,2026-08-18,190.7,207.5,66363,66570.5,0,2,35.8,6.1
T-VH-1007-94,VH-1007,DR-205,Pretoria DC,2026-08-03,274.5,288.6,64100,64388.6,1,2,22.6,1.8
T-VH-1006-54,VH-1006,DR-225,Pretoria DC,2026-06-24,240.0,250.2,58112,58362.2,0,1,10.5,3.1
T-VH-1015-49,VH-1015,DR-210,Johannesburg DC,2026-06-19,223.9,242.1,57362,57604.1,0,1,21.7,2.3
T-VH-1013-14,VH-1013,DR-206,Johannesburg DC,2026-05-15,141.3,147.2,52102,52249.2,1,0,28.1,3.1
T-VH-1024-69,VH-1024,DR-208,Polokwane DC,2026-07-09,117.9,129.2,60336,60465.2,0,0,1.9,2.9
T-VH-1006-89,VH-1006,DR-225,Pretoria DC,2026-07-29,145.1,155.5,63357,63512.5,2,0,28.3,2.8
T-VH-1024-42,VH-1024,DR-208,Polokwane DC,2026-06-12,206.6,221.8,56300,56521.8,1,1,16.2,2.6
T-VH-1009-57,VH-1009,DR-213,Nelspruit DC,2026-06-27,169.7,177.7,58547,58724.7,0,0,16.8,3.8
T-VH-1008-33,VH-1008,DR-222,Polokwane DC,2026-06-03,208.9,224.7,54941,55165.7,0,1,24.3,4.5
T-VH-1009-84,VH-1009,DR-213,Nelspruit DC,2026-07-24,165.9,176.2,62598,62774.2,0,1,9.2,2.8
T-VH-1008-95,VH-1008,DR-222,Polokwane DC,2026-08-04,294.4,300.8,64256,64556.8,0,1,17.8,0.7
T-VH-1013-6,VH-1013,DR-206,Johannesburg DC,2026-05-07,97.2,103.0,50908,51011.0,0,1,15.1,0.5
T-VH-1002-84,VH-1002,DR-225,Pretoria DC,2026-07-24,199.4,214.8,62609,62823.8,0,1,10.6,0.4
T-VH-1024-26,VH-1024,DR-208,Polokwane DC,2026-05-27,156.3,167.2,53888,54055.2,1,1,15.1,0.9
T-VH-1000-17,VH-1000,DR-218,Pretoria DC,2026-05-18,224.0,241.8,52565,52806.8,2,0,9.0,1.4
T-VH-1001-54,VH-1001,DR-208,Johannesburg DC,2026-06-24,234.7,257.6,58113,58370.6,6,4,52.4,64.4
T-VH-1002-97,VH-1002,DR-225,Pretoria DC,2026-08-06,152.6,158.9,64569,64727.9,0,0,12.6,2.3
T-VH-1016-50,VH-1016,DR-203,Nelspruit DC,2026-06-20,252.5,262.7,57501,57763.7,0,0,26.0,6.1
T-VH-1005-109,VH-1005,DR-224,Polokwane DC,2026-08-18,160.5,172.2,66342,66514.2,2,0,16.3,0.6
T-VH-1003-57,VH-1003,DR-227,Nelspruit DC,2026-06-27,192.5,200.2,58532,58732.2,0,0,40.1,0.7
T-VH-1016-68,VH-1016,DR-203,Nelspruit DC,2026-07-08,233.8,250.3,60185,60435.3,0,2,19.0,0.3
T-VH-1018-61,VH-1018,DR-212,Nelspruit DC,2026-07-01,170.7,170.7,59137,59307.7,1,1,28.7,1.5
T-VH-1013-59,VH-1013,DR-206,Johannesburg DC,2026-06-29,152.8,165.7,58856,59021.7,0,1,22.5,2.0
T-VH-1009-50,VH-1009,DR-213,Nelspruit DC,2026-06-20,178.0,195.6,57516,57711.6,1,0,9.8,1.1
T-VH-1013-116,VH-1013,DR-206,Johannesburg DC,2026-08-25,279.2,281.0,67416,67697.0,0,0,26.6,2.5
T-VH-1010-77,VH-1010,DR-210,Pretoria DC,2026-07-17,42.4,47.1,61559,61606.1,2,0,-2.2,0.0
T-VH-1005-94,VH-1005,DR-224,Polokwane DC,2026-08-03,202.1,215.1,64104,64319.1,0,1,5.3,5.7
T-VH-1015-97,VH-1015,DR-210,Johannesburg DC,2026-08-06,152.6,153.2,64568,64721.2,1,1,22.5,3.0
T-VH-1000-32,VH-1000,DR-218,Pretoria DC,2026-06-02,195.8,205.0,54792,54997.0,1,0,29.6,4.1
T-VH-1007-53,VH-1007,DR-205,Pretoria DC,2026-06-23,114.4,123.5,57950,58073.5,1,2,35.1,2.8
T-VH-1001-88,VH-1001,DR-208,Johannesburg DC,2026-07-28,257.6,270.7,63213,63483.7,3,2,46.3,67.7
T-VH-1003-88,VH-1003,DR-227,Nelspruit DC,2026-07-28,43.4,44.7,63183,63227.7,0,0,31.4,0.5
T-VH-1007-81,VH-1007,DR-205,Pretoria DC,2026-07-21,203.2,219.5,62154,62373.5,2,2,11.7,2.2
T-VH-1017-116,VH-1017,DR-202,Polokwane DC,2026-08-25,133.5,143.5,67418,67561.5,0,6,34.9,35.9
T-VH-1016-13,VH-1016,DR-203,Nelspruit DC,2026-05-14,279.0,306.0,51958,52264.0,0,0,6.6,6.9
T-VH-1018-103,VH-1018,DR-212,Nelspruit DC,2026-08-12,121.5,128.7,65458,65586.7,2,0,16.4,1.3
T-VH-1010-74,VH-1010,DR-210,Pretoria DC,2026-07-14,188.6,190.0,61110,61300.0,0,0,26.7,5.2
T-VH-1017-92,VH-1017,DR-202,Polokwane DC,2026-08-01,63.0,66.7,63800,63866.7,4,0,48.7,16.7
T-VH-1022-74,VH-1022,DR-211,Pretoria DC,2026-07-14,161.4,177.1,61088,61265.1,0,2,3.9,0.6
T-VH-1007-28,VH-1007,DR-205,Pretoria DC,2026-05-29,84.5,90.2,54184,54274.2,2,1,19.1,2.4
T-VH-1019-27,VH-1019,DR-203,Nelspruit DC,2026-05-28,146.9,152.4,54035,54187.4,0,0,21.4,2.2
T-VH-1014-54,VH-1014,DR-224,Nelspruit DC,2026-06-24,135.4,145.4,58113,58258.4,5,3,52.2,36.3
T-VH-1006-48,VH-1006,DR-225,Pretoria DC,2026-06-18,184.5,191.9,57202,57393.9,1,1,1.9,2.9
T-VH-1000-104,VH-1000,DR-218,Pretoria DC,2026-08-13,85.4,86.0,65583,65669.0,1,0,30.1,1.0
T-VH-1016-97,VH-1016,DR-203,Nelspruit DC,2026-08-06,226.4,235.0,64532,64767.0,0,0,8.4,3.5
T-VH-1022-98,VH-1022,DR-211,Pretoria DC,2026-08-07,151.6,155.5,64712,64867.5,2,0,25.0,4.6
T-VH-1003-49,VH-1003,DR-227,Nelspruit DC,2026-06-19,208.9,213.4,57332,57545.4,1,2,21.1,4.1
T-VH-1024-1,VH-1024,DR-208,Polokwane DC,2026-05-02,182.9,185.3,50136,50321.3,0,1,11.6,5.4
T-VH-1011-41,VH-1011,DR-208,Polokwane DC,2026-06-11,126.2,132.7,56165,56297.7,1,0,28.5,1.2
T-VH-1010-89,VH-1010,DR-210,Pretoria DC,2026-07-29,177.4,186.9,63360,63546.9,0,0,19.0,0.7
T-VH-1000-92,VH-1000,DR-218,Pretoria DC,2026-08-01,235.4,238.0,63790,64028.0,1,1,14.6,3.1
T-VH-1009-97,VH-1009,DR-213,Nelspruit DC,2026-08-06,252.5,258.0,64565,64823.0,0,3,24.6,0.3
T-VH-1011-84,VH-1011,DR-208,Polokwane DC,2026-07-24,120.2,128.1,62599,62549.0,0,0,30.8,3.5
T-VH-1023-34,VH-1023,DR-219,Polokwane DC,2026-06-04,194.9,207.4,55087,55294.4,3,4,45.0,51.9
T-VH-1021-21,VH-1021,DR-227,Nelspruit DC,2026-05-22,121.2,131.6,53150,53281.6,3,2,19.0,0.5
T-VH-1018-26,VH-1018,DR-212,Nelspruit DC,2026-05-27,183.0,201.7,53880,54081.7,0,0,31.1,1.6
T-VH-1010-26,VH-1010,DR-210,Pretoria DC,2026-05-27,122.7,125.0,53886,54011.0,0,0,30.4,2.7
T-VH-1020-99,VH-1020,DR-211,Polokwane DC,2026-08-08,127.7,137.2,64836,64973.2,0,1,9.9,0.7
T-VH-1015-52,VH-1015,DR-210,Johannesburg DC,2026-06-22,116.5,121.2,57807,57928.2,1,1,32.7,3.4
T-VH-1010-68,VH-1010,DR-210,Pretoria DC,2026-07-08,151.4,159.5,60181,60340.5,2,3,16.3,2.4
T-VH-1005-27,VH-1005,DR-224,Polokwane DC,2026-05-28,211.6,220.5,54036,54256.5,1,0,11.2,2.7
T-VH-1010-95,VH-1010,DR-210,Pretoria DC,2026-08-04,90.2,95.7,64240,64335.7,2,0,34.9,2.6
T-VH-1005-73,VH-1005,DR-224,Polokwane DC,2026-07-13,175.6,190.2,60966,61156.2,0,1,22.9,1.7
T-VH-1010-112,VH-1010,DR-210,Pretoria DC,2026-08-21,239.3,259.0,66805,67064.0,2,2,25.7,1.2
T-VH-1024-32,VH-1024,DR-208,Polokwane DC,2026-06-02,134.4,141.9,54788,54929.9,2,0,20.3,2.0
T-VH-1024-113,VH-1024,DR-208,Polokwane DC,2026-08-22,261.0,263.3,66947,67210.3,1,0,35.7,0.3
T-VH-1014-64,VH-1014,DR-224,Nelspruit DC,2026-07-04,123.6,126.9,59618,59744.9,2,9,47.4,31.7
T-VH-1002-116,VH-1002,DR-225,Pretoria DC,2026-08-25,139.4,147.7,67402,67549.7,0,0,14.8,1.3
T-VH-1008-10,VH-1008,DR-222,Polokwane DC,2026-05-11,167.5,179.2,51494,51673.2,1,2,28.8,5.0
T-VH-1002-85,VH-1002,DR-225,Pretoria DC,2026-07-25,202.7,208.8,62749,62957.8,0,2,6.2,0.5
T-VH-1007-118,VH-1007,DR-205,Pretoria DC,2026-08-27,164.5,182.0,67712,67894.0,1,1,18.8,5.2
T-VH-1010-82,VH-1010,DR-210,Pretoria DC,2026-07-22,213.4,228.0,62299,62527.0,2,2,-2.0,5.3
T-VH-1000-42,VH-1000,DR-218,Pretoria DC,2026-06-12,230.2,246.3,56292,56538.3,2,0,1.6,0.6
T-VH-1012-70,VH-1012,DR-204,Pretoria DC,2026-07-10,141.1,146.9,60484,60630.9,2,0,2.6,0.2
T-VH-1021-20,VH-1021,DR-227,Nelspruit DC,2026-05-21,222.4,230.7,53010,53240.7,0,0,9.3,4.1
T-VH-1006-95,VH-1006,DR-225,Pretoria DC,2026-08-04,137.9,152.6,64247,64399.6,0,0,27.2,3.4
T-VH-1004-73,VH-1004,DR-200,Nelspruit DC,2026-07-13,204.3,206.6,60935,61141.6,0,0,25.0,5.2
T-VH-1018-64,VH-1018,DR-212,Nelspruit DC,2026-07-04,167.1,171.7,59585,59756.7,0,1,17.4,0.7
T-VH-1006-47,VH-1006,DR-225,Pretoria DC,2026-06-17,150.2,153.1,57068,57221.1,2,2,9.8,2.6
T-VH-1010-3,VH-1010,DR-210,Pretoria DC,2026-05-04,117.1,123.6,50465,50588.6,1,0,17.1,0.2
T-VH-1000-60,VH-1000,DR-218,Pretoria DC,2026-06-30,111.1,122.4,59008,59130.4,0,0,27.0,2.3
T-VH-1002-76,VH-1002,DR-225,Pretoria DC,2026-07-16,78.5,84.9,61380,61464.9,3,3,36.5,1.0
T-VH-1015-48,VH-1015,DR-210,Johannesburg DC,2026-06-18,162.6,171.2,57190,57361.2,1,2,18.3,4.8
T-VH-1002-110,VH-1002,DR-225,Pretoria DC,2026-08-19,257.1,280.8,66505,66785.8,0,0,6.3,3.0
T-VH-1020-116,VH-1020,DR-211,Polokwane DC,2026-08-25,271.7,288.2,67420,67708.2,0,1,17.9,7.9
T-VH-1004-83,VH-1004,DR-200,Nelspruit DC,2026-07-23,92.8,102.9,62460,62562.9,0,0,9.3,1.5
T-VH-1010-98,VH-1010,DR-210,Pretoria DC,2026-08-07,150.2,158.7,64694,64852.7,0,1,18.0,4.1
T-VH-1023-90,VH-1023,DR-219,Polokwane DC,2026-07-30,270.1,270.5,63501,63771.5,2,4,41.6,67.6
T-VH-1024-110,VH-1024,DR-208,Polokwane DC,2026-08-19,216.1,236.6,66485,66721.6,0,0,11.6,4.6
T-VH-1022-50,VH-1022,DR-211,Pretoria DC,2026-06-20,141.4,150.3,57501,57651.3,0,1,30.1,0.3
T-VH-1024-116,VH-1024,DR-208,Polokwane DC,2026-08-25,226.0,246.3,67382,67628.3,1,0,22.2,7.2
T-VH-1016-83,VH-1016,DR-203,Nelspruit DC,2026-07-23,191.2,204.4,62454,62658.4,0,0,23.1,1.5
T-VH-1013-11,VH-1013,DR-206,Johannesburg DC,2026-05-12,182.8,188.7,51648,51836.7,0,0,-1.5,0.7
T-VH-1010-64,VH-1010,DR-210,Pretoria DC,2026-07-04,220.1,239.7,59587,59826.7,1,1,11.3,4.3
T-VH-1004-55,VH-1004,DR-200,Nelspruit DC,2026-06-25,186.8,190.2,58230,58420.2,0,1,17.2,2.3
T-VH-1010-40,VH-1010,DR-210,Pretoria DC,2026-06-10,160.2,163.4,55980,56143.4,1,0,1.3,0.1
T-VH-1012-84,VH-1012,DR-204,Pretoria DC,2026-07-24,169.8,177.3,62589,62766.3,1,0,0.7,3.2
T-VH-1011-87,VH-1011,DR-208,Polokwane DC,2026-07-27,99.5,109.3,63067,63176.3,2,0,0.2,3.1
T-VH-1016-54,VH-1016,DR-203,Nelspruit DC,2026-06-24,178.2,184.1,58089,58273.1,0,2,16.5,0.9
T-VH-1000-68,VH-1000,DR-218,Pretoria DC,2026-07-08,289.0,318.9,60207,60525.9,1,0,14.8,0.4
T-VH-1008-15,VH-1008,DR-222,Polokwane DC,2026-05-16,283.6,292.3,52265,52557.3,0,1,23.3,4.7
T-VH-1019-89,VH-1019,DR-203,Nelspruit DC,2026-07-29,174.2,179.9,63364,63543.9,0,0,19.3,1.9
T-VH-1009-56,VH-1009,DR-213,Nelspruit DC,2026-06-26,211.9,213.5,58390,58603.5,1,0,37.3,6.4
T-VH-1024-41,VH-1024,DR-208,Polokwane DC,2026-06-11,168.9,179.4,56143,56322.4,1,0,24.8,1.1
T-VH-1014-63,VH-1014,DR-224,Nelspruit DC,2026-07-03,212.6,226.7,59467,59693.7,5,4,42.4,56.7
T-VH-1022-29,VH-1022,DR-211,Pretoria DC,2026-05-30,172.7,182.6,54360,54542.6,2,1,-4.7,3.2
T-VH-1014-20,VH-1014,DR-224,Nelspruit DC,2026-05-21,89.4,98.7,53006,53104.7,5,3,37.2,24.7
T-VH-1000-8,VH-1000,DR-218,Pretoria DC,2026-05-09,161.8,161.9,51189,51350.9,2,1,12.7,2.1
T-VH-1005-115,VH-1005,DR-224,Polokwane DC,2026-08-24,161.5,168.0,67241,67409.0,0,1,41.4,4.4
T-VH-1017-40,VH-1017,DR-202,Polokwane DC,2026-06-10,146.6,162.6,56004,56166.6,4,7,47.4,40.6
T-VH-1006-68,VH-1006,DR-225,Pretoria DC,2026-07-08,158.6,166.6,60185,60351.6,2,0,30.1,0.4
T-VH-1008-84,VH-1008,DR-222,Polokwane DC,2026-07-24,157.8,165.8,62601,62766.8,0,0,29.7,2.9
T-VH-1007-87,VH-1007,DR-205,Pretoria DC,2026-07-27,206.0,224.2,63066,63290.2,0,1,20.6,4.9
T-VH-1014-43,VH-1014,DR-224,Nelspruit DC,2026-06-13,163.5,179.3,56464,56643.3,4,3,52.2,44.8
T-VH-1016-15,VH-1016,DR-203,Nelspruit DC,2026-05-16,147.2,162.1,52262,52424.1,0,2,30.2,0.3
T-VH-1010-22,VH-1010,DR-210,Pretoria DC,2026-05-23,82.7,91.6,53290,53381.6,1,0,23.3,0.5
T-VH-1003-82,VH-1003,DR-227,Nelspruit DC,2026-07-22,208.9,217.8,62295,62512.8,1,1,44.7,5.9
T-VH-1021-118,VH-1021,DR-227,Nelspruit DC,2026-08-27,125.1,133.9,67697,67830.9,1,1,42.6,1.2
T-VH-1008-97,VH-1008,DR-222,Polokwane DC,2026-08-06,262.8,289.7,64542,64831.7,0,0,27.3,0.5
T-VH-1003-92,VH-1003,DR-227,Nelspruit DC,2026-08-01,197.9,218.7,63782,64000.7,1,1,16.5,1.4
T-VH-1021-50,VH-1021,DR-227,Nelspruit DC,2026-06-20,142.0,154.1,57513,57667.1,0,1,13.7,3.8
T-VH-1008-48,VH-1008,DR-222,Polokwane DC,2026-06-18,37.2,39.7,57201,57240.7,1,2,23.4,0.4
T-VH-1004-5,VH-1004,DR-200,Nelspruit DC,2026-05-06,180.6,193.3,50759,50952.3,1,0,34.5,1.8
T-VH-1014-97,VH-1014,DR-224,Nelspruit DC,2026-08-06,164.2,172.6,64547,64719.6,4,2,41.6,43.1
T-VH-1014-28,VH-1014,DR-224,Nelspruit DC,2026-05-29,137.4,140.3,54202,54342.3,2,4,57.8,35.1
T-VH-1001-78,VH-1001,DR-208,Johannesburg DC,2026-07-18,61.9,66.6,61685,61751.6,5,3,65.4,16.6
T-VH-1016-31,VH-1016,DR-203,Nelspruit DC,2026-06-01,100.5,109.4,54641,54750.4,2,1,11.5,1.8
T-VH-1001-96,VH-1001,DR-208,Johannesburg DC,2026-08-05,88.3,92.6,64408,64500.6,5,0,39.9,23.2
T-VH-1004-8,VH-1004,DR-200,Nelspruit DC,2026-05-09,61.4,62.4,51184,51246.4,0,1,31.7,0.9
T-VH-1020-96,VH-1020,DR-211,Polokwane DC,2026-08-05,245.3,247.1,64403,64650.1,1,0,18.2,3.5
T-VH-1013-29,VH-1013,DR-206,Johannesburg DC,2026-05-30,144.9,153.1,54354,54507.1,0,0,19.5,2.5
T-VH-1020-14,VH-1020,DR-211,Polokwane DC,2026-05-15,280.5,282.7,52085,52367.7,1,0,13.8,3.1
T-VH-1018-33,VH-1018,DR-212,Nelspruit DC,2026-06-03,230.6,242.9,54942,55184.9,0,1,27.8,6.6
T-VH-1022-84,VH-1022,DR-211,Pretoria DC,2026-07-24,106.7,109.7,62597,62706.7,0,1,31.6,2.3
T-VH-1017-105,VH-1017,DR-202,Polokwane DC,2026-08-14,144.9,153.6,65747,65900.6,2,4,46.4,38.4
T-VH-1000-116,VH-1000,DR-218,Pretoria DC,2026-08-25,225.0,236.0,67383,67619.0,1,1,28.6,4.3
T-VH-1011-113,VH-1011,DR-208,Polokwane DC,2026-08-22,137.9,138.0,66948,67086.0,1,0,10.3,0.8
T-VH-1011-75,VH-1011,DR-208,Polokwane DC,2026-07-15,172.8,174.7,61260,61434.7,0,0,19.1,0.9
T-VH-1005-113,VH-1005,DR-224,Polokwane DC,2026-08-22,177.6,183.9,66954,67137.9,0,0,11.8,1.5
T-VH-1022-115,VH-1022,DR-211,Pretoria DC,2026-08-24,142.6,157.2,67251,67408.2,1,2,21.8,2.7
T-VH-1019-19,VH-1019,DR-203,Nelspruit DC,2026-05-20,158.5,167.5,52832,52999.5,0,0,9.3,2.8
T-VH-1019-62,VH-1019,DR-203,Nelspruit DC,2026-07-02,161.9,176.3,59292,59468.3,0,1,19.1,2.2
T-VH-1024-66,VH-1024,DR-208,Polokwane DC,2026-07-06,207.5,211.1,59896,60107.1,3,0,22.7,0.4
T-VH-1018-32,VH-1018,DR-212,Nelspruit DC,2026-06-02,105.5,114.2,54818,54932.2,3,3,14.8,0.7
T-VH-1007-103,VH-1007,DR-205,Pretoria DC,2026-08-12,197.1,205.5,65454,65659.5,1,0,12.1,1.6
T-VH-1010-115,VH-1010,DR-210,Pretoria DC,2026-08-24,240.0,264.2,67264,67528.2,1,1,39.5,7.2
T-VH-1006-108,VH-1006,DR-225,Pretoria DC,2026-08-17,161.4,170.4,66198,66368.4,4,1,15.9,4.8
T-VH-1016-69,VH-1016,DR-203,Nelspruit DC,2026-07-09,73.2,74.4,60332,60406.4,2,1,25.0,1.0
T-VH-1005-0,VH-1005,DR-224,Polokwane DC,2026-05-01,228.7,251.6,50017,50268.6,0,0,21.7,2.5
T-VH-1013-98,VH-1013,DR-206,Johannesburg DC,2026-08-07,234.3,234.5,64682,64916.5,1,0,30.3,2.4
T-VH-1022-43,VH-1022,DR-211,Pretoria DC,2026-06-13,115.8,121.7,56435,56556.7,1,1,8.8,1.1
T-VH-1020-64,VH-1020,DR-211,Polokwane DC,2026-07-04,104.0,109.1,59606,59715.1,0,0,38.5,1.9
T-VH-1021-41,VH-1021,DR-227,Nelspruit DC,2026-06-11,73.9,80.9,56156,56236.9,1,1,18.8,0.3
T-VH-1010-13,VH-1010,DR-210,Pretoria DC,2026-05-14,240.5,262.4,51961,52223.4,0,0,19.2,0.4
T-VH-1014-21,VH-1014,DR-224,Nelspruit DC,2026-05-22,282.5,307.2,53135,53442.2,0,8,45.5,76.8
T-VH-1018-119,VH-1018,DR-212,Nelspruit DC,2026-08-28,173.6,174.6,67864,68038.6,1,2,27.3,4.9
T-VH-1005-99,VH-1005,DR-224,Polokwane DC,2026-08-08,112.6,123.4,64847,64970.4,1,1,30.1,0.8
T-VH-1009-41,VH-1009,DR-213,Nelspruit DC,2026-06-11,145.0,150.9,56153,56303.9,0,1,19.2,0.9
T-VH-1014-55,VH-1014,DR-224,Nelspruit DC,2026-06-25,70.0,71.3,58236,58307.3,1,0,40.4,17.8
T-VH-1010-46,VH-1010,DR-210,Pretoria DC,2026-06-16,154.5,156.9,56882,57038.9,0,1,8.2,3.5
T-VH-1006-116,VH-1006,DR-225,Pretoria DC,2026-08-25,192.4,207.8,67400,67607.8,2,0,16.8,4.8
T-VH-1000-64,VH-1000,DR-218,Pretoria DC,2026-07-04,152.3,152.7,59597,59749.7,1,1,15.0,1.4
T-VH-1004-90,VH-1004,DR-200,Nelspruit DC,2026-07-30,174.8,185.9,63482,63667.9,1,1,8.1,4.0
T-VH-1013-21,VH-1013,DR-206,Johannesburg DC,2026-05-22,321.9,330.7,53135,53465.7,0,2,19.7,4.7
T-VH-1018-77,VH-1018,DR-212,Nelspruit DC,2026-07-17,224.9,234.3,61562,61796.3,0,2,41.2,2.1
T-VH-1023-49,VH-1023,DR-219,Polokwane DC,2026-06-19,128.3,128.9,57358,57486.9,2,4,53.4,32.2
T-VH-1005-80,VH-1005,DR-224,Polokwane DC,2026-07-20,19.2,20.0,61984,62004.0,0,3,10.0,0.1
T-VH-1006-94,VH-1006,DR-225,Pretoria DC,2026-08-03,271.3,290.9,64080,64370.9,1,1,-4.1,0.2
T-VH-1014-11,VH-1014,DR-224,Nelspruit DC,2026-05-12,124.3,136.9,51666,51802.9,5,0,45.8,34.2
T-VH-1019-61,VH-1019,DR-203,Nelspruit DC,2026-07-01,135.1,140.6,59142,59282.6,2,0,3.3,3.6
T-VH-1019-98,VH-1019,DR-203,Nelspruit DC,2026-08-07,249.7,249.9,64680,64929.9,1,1,13.8,5.2
T-VH-1017-6,VH-1017,DR-202,Polokwane DC,2026-05-07,194.0,196.6,50909,51105.6,5,3,47.0,49.1
T-VH-1014-118,VH-1014,DR-224,Nelspruit DC,2026-08-27,179.9,193.6,67720,67913.6,3,5,64.7,48.4
T-VH-1009-78,VH-1009,DR-213,Nelspruit DC,2026-07-18,197.3,204.1,61718,61922.1,1,1,6.6,4.9
T-VH-1000-61,VH-1000,DR-218,Pretoria DC,2026-07-01,103.8,109.8,59147,59256.8,0,2,4.6,1.4
T-VH-1006-87,VH-1006,DR-225,Pretoria DC,2026-07-27,168.6,169.9,63037,63206.9,1,1,15.2,4.9
T-VH-1011-111,VH-1011,DR-208,Polokwane DC,2026-08-20,207.4,207.8,66659,66866.8,1,0,9.2,1.3
T-VH-1012-91,VH-1012,DR-204,Pretoria DC,2026-07-31,243.0,244.1,63639,63883.1,0,1,4.7,0.3
T-VH-1010-99,VH-1010,DR-210,Pretoria DC,2026-08-08,218.5,233.0,64845,65078.0,1,1,17.6,2.2
T-VH-1004-50,VH-1004,DR-200,Nelspruit DC,2026-06-20,85.3,89.5,57515,57604.5,0,1,24.5,2.0
T-VH-1001-43,VH-1001,DR-208,Johannesburg DC,2026-06-13,67.7,73.6,56448,56521.6,6,1,38.1,18.4
T-VH-1009-119,VH-1009,DR-213,Nelspruit DC,2026-08-28,211.9,223.1,67849,68072.1,1,0,26.4,3.4
T-VH-1021-71,VH-1021,DR-227,Nelspruit DC,2026-07-11,116.2,128.9,60649,60777.9,0,1,27.6,2.3
T-VH-1024-53,VH-1024,DR-208,Polokwane DC,2026-06-23,231.2,234.4,57937,58171.4,0,0,17.0,1.9
T-VH-1003-61,VH-1003,DR-227,Nelspruit DC,2026-07-01,241.0,247.1,59139,59386.1,1,1,22.2,0.6
T-VH-1013-80,VH-1013,DR-206,Johannesburg DC,2026-07-20,199.2,220.9,61995,62215.9,1,1,5.3,1.7
T-VH-1020-26,VH-1020,DR-211,Polokwane DC,2026-05-27,125.1,126.0,53905,54031.0,0,2,33.3,0.5
T-VH-1019-116,VH-1019,DR-203,Nelspruit DC,2026-08-25,228.4,239.9,67418,67657.9,2,1,31.0,1.3
T-VH-1023-20,VH-1023,DR-219,Polokwane DC,2026-05-21,188.0,195.2,53002,53197.2,6,3,59.0,48.8
T-VH-1024-64,VH-1024,DR-208,Polokwane DC,2026-07-04,213.0,218.1,59591,59809.1,1,2,10.3,6.3
T-VH-1005-46,VH-1005,DR-224,Polokwane DC,2026-06-16,220.5,230.7,56911,57141.7,0,0,24.9,0.3
T-VH-1014-68,VH-1014,DR-224,Nelspruit DC,2026-07-08,171.6,177.6,60189,60366.6,0,1,57.9,44.4
T-VH-1008-67,VH-1008,DR-222,Polokwane DC,2026-07-07,247.7,249.8,60061,60310.8,0,1,24.4,0.6
T-VH-1000-5,VH-1000,DR-218,Pretoria DC,2026-05-06,174.0,177.2,50747,50924.2,2,1,16.0,0.5
T-VH-1024-33,VH-1024,DR-208,Polokwane DC,2026-06-03,186.8,189.1,54936,55125.1,0,1,9.5,1.6
T-VH-1000-0,VH-1000,DR-218,Pretoria DC,2026-05-01,204.2,209.8,50004,50213.8,1,0,35.8,0.1
T-VH-1001-21,VH-1001,DR-208,Johannesburg DC,2026-05-22,135.4,135.9,53167,53302.9,0,1,55.2,34.0
T-VH-1010-111,VH-1010,DR-210,Pretoria DC,2026-08-20,133.7,133.7,66642,66775.7,0,2,24.0,3.6
T-VH-1024-15,VH-1024,DR-208,Polokwane DC,2026-05-16,166.2,180.9,52248,52428.9,0,1,25.1,4.3
T-VH-1023-85,VH-1023,DR-219,Polokwane DC,2026-07-25,182.2,195.3,62735,62930.3,1,2,51.9,48.8
T-VH-1011-69,VH-1011,DR-208,Polokwane DC,2026-07-09,93.1,95.3,60343,60438.3,1,1,34.7,1.6
T-VH-1011-119,VH-1011,DR-208,Polokwane DC,2026-08-28,133.0,136.0,67860,67996.0,1,1,22.1,3.3
T-VH-1022-117,VH-1022,DR-211,Pretoria DC,2026-08-26,252.9,273.9,67548,67821.9,0,2,16.8,3.1
T-VH-1008-113,VH-1008,DR-222,Polokwane DC,2026-08-22,150.0,166.3,66952,67118.3,2,0,18.2,3.9
T-VH-1018-71,VH-1018,DR-212,Nelspruit DC,2026-07-11,81.3,83.4,60639,60722.4,0,1,7.1,2.4
T-VH-1013-39,VH-1013,DR-206,Johannesburg DC,2026-06-09,233.8,253.6,55863,56116.6,2,2,7.3,6.5
T-VH-1000-39,VH-1000,DR-218,Pretoria DC,2026-06-09,133.5,140.1,55852,55992.1,0,1,14.8,2.8
T-VH-1001-39,VH-1001,DR-208,Johannesburg DC,2026-06-09,151.9,158.1,55836,55994.1,3,4,54.7,39.5
T-VH-1004-38,VH-1004,DR-200,Nelspruit DC,2026-06-08,280.4,292.8,55693,55985.8,0,0,16.7,7.1
T-VH-1017-64,VH-1017,DR-202,Polokwane DC,2026-07-04,259.3,273.2,59595,59868.2,1,2,61.3,68.3
T-VH-1023-116,VH-1023,DR-219,Polokwane DC,2026-08-25,241.2,250.6,67390,67640.6,1,1,47.9,62.6
T-VH-1019-17,VH-1019,DR-203,Nelspruit DC,2026-05-18,68.3,73.4,52558,52631.4,1,0,11.7,1.0
T-VH-1019-26,VH-1019,DR-203,Nelspruit DC,2026-05-27,92.5,94.0,53912,54006.0,1,1,25.9,1.8
T-VH-1011-7,VH-1011,DR-208,Polokwane DC,2026-05-08,133.9,145.1,51045,51190.1,0,0,12.4,3.5
T-VH-1018-38,VH-1018,DR-212,Nelspruit DC,2026-06-08,260.5,288.5,55684,55972.5,1,0,14.2,1.5
T-VH-1020-98,VH-1020,DR-211,Polokwane DC,2026-08-07,191.1,207.2,64704,64911.2,2,0,15.2,0.3
T-VH-1019-83,VH-1019,DR-203,Nelspruit DC,2026-07-23,140.2,155.0,62437,62592.0,1,0,33.7,1.4
T-VH-1020-39,VH-1020,DR-211,Polokwane DC,2026-06-09,206.0,217.0,55837,56054.0,0,1,12.8,5.4
T-VH-1015-3,VH-1015,DR-210,Johannesburg DC,2026-05-04,332.2,364.7,50436,50800.7,0,1,12.4,0.2
T-VH-1004-49,VH-1004,DR-200,Nelspruit DC,2026-06-19,233.8,239.9,57350,57589.9,1,1,20.6,1.2
T-VH-1014-48,VH-1014,DR-224,Nelspruit DC,2026-06-18,102.1,111.4,57189,57300.4,2,2,51.6,27.9
T-VH-1000-108,VH-1000,DR-218,Pretoria DC,2026-08-17,136.0,143.9,66209,66352.9,1,0,16.5,3.1
T-VH-1019-101,VH-1019,DR-203,Nelspruit DC,2026-08-10,229.1,242.3,65132,65374.3,0,1,10.4,4.9
T-VH-1016-45,VH-1016,DR-203,Nelspruit DC,2026-06-15,112.3,116.4,56769,56885.4,1,0,37.3,1.9
T-VH-1009-43,VH-1009,DR-213,Nelspruit DC,2026-06-13,174.7,188.5,56431,56619.5,1,1,43.7,2.3
T-VH-1012-28,VH-1012,DR-204,Pretoria DC,2026-05-29,183.2,185.9,54206,54391.9,0,0,17.4,1.5
T-VH-1006-20,VH-1006,DR-225,Pretoria DC,2026-05-21,69.6,75.7,52998,53073.7,0,1,23.5,1.1
T-VH-1013-106,VH-1013,DR-206,Johannesburg DC,2026-08-15,272.5,273.1,65916,66189.1,1,0,24.0,0.9
T-VH-1007-27,VH-1007,DR-205,Pretoria DC,2026-05-28,175.8,189.1,54053,54242.1,0,0,18.2,4.5
T-VH-1008-36,VH-1008,DR-222,Polokwane DC,2026-06-06,213.2,214.6,55396,55610.6,1,1,27.4,2.3
T-VH-1004-7,VH-1004,DR-200,Nelspruit DC,2026-05-08,162.4,170.4,51061,51231.4,1,1,25.5,4.9
T-VH-1013-54,VH-1013,DR-206,Johannesburg DC,2026-06-24,167.4,173.1,58108,58281.1,0,0,31.5,3.6
T-VH-1013-63,VH-1013,DR-206,Johannesburg DC,2026-07-03,188.3,191.0,59435,59626.0,1,1,18.2,2.3
T-VH-1015-35,VH-1015,DR-210,Johannesburg DC,2026-06-05,188.8,189.8,55241,55430.8,0,0,26.7,4.8
T-VH-1003-113,VH-1003,DR-227,Nelspruit DC,2026-08-22,140.2,145.7,66943,67088.7,0,0,23.6,2.1
T-VH-1001-46,VH-1001,DR-208,Johannesburg DC,2026-06-16,131.2,134.7,56888,57022.7,4,2,48.1,33.7
T-VH-1015-25,VH-1015,DR-210,Johannesburg DC,2026-05-26,169.3,170.4,53770,53940.4,0,2,10.3,4.6
T-VH-1019-59,VH-1019,DR-203,Nelspruit DC,2026-06-29,280.5,288.5,58846,59134.5,0,0,18.6,8.2
T-VH-1022-47,VH-1022,DR-211,Pretoria DC,2026-06-17,148.3,163.8,57069,57232.8,2,1,20.9,3.5
T-VH-1022-10,VH-1022,DR-211,Pretoria DC,2026-05-11,217.3,225.8,51489,51714.8,0,1,20.4,0.9
T-VH-1012-85,VH-1012,DR-204,Pretoria DC,2026-07-25,226.5,229.5,62738,62967.5,3,0,37.6,3.4
T-VH-1005-70,VH-1005,DR-224,Polokwane DC,2026-07-10,222.7,240.3,60520,60760.3,1,0,9.6,3.6
T-VH-1003-38,VH-1003,DR-227,Nelspruit DC,2026-06-08,93.1,101.7,55714,55815.7,1,0,3.6,1.5
T-VH-1020-75,VH-1020,DR-211,Polokwane DC,2026-07-15,196.7,205.5,61251,61456.5,1,1,24.0,0.0
T-VH-1009-48,VH-1009,DR-213,Nelspruit DC,2026-06-18,112.9,122.7,57185,57307.7,0,1,27.9,1.1
T-VH-1000-97,VH-1000,DR-218,Pretoria DC,2026-08-06,249.8,260.6,64570,64830.6,1,0,19.5,6.5
T-VH-1020-78,VH-1020,DR-211,Polokwane DC,2026-07-18,174.1,182.0,61716,61898.0,0,0,7.6,0.9
T-VH-1002-117,VH-1002,DR-225,Pretoria DC,2026-08-26,195.7,211.1,67559,67770.1,1,0,11.7,4.2
T-VH-1004-99,VH-1004,DR-200,Nelspruit DC,2026-08-08,247.8,273.1,64857,65130.1,0,0,20.7,5.3
T-VH-1019-67,VH-1019,DR-203,Nelspruit DC,2026-07-07,181.0,193.2,60057,60250.2,1,0,17.5,1.1
T-VH-1023-10,VH-1023,DR-219,Polokwane DC,2026-05-11,170.6,188.1,51491,51679.1,2,5,33.8,47.0
T-VH-1018-91,VH-1018,DR-212,Nelspruit DC,2026-07-31,135.0,142.7,63656,63798.7,1,0,26.4,2.2
T-VH-1005-31,VH-1005,DR-224,Polokwane DC,2026-06-01,166.4,183.5,54670,54853.5,3,2,20.3,0.6
T-VH-1011-101,VH-1011,DR-208,Polokwane DC,2026-08-10,228.0,245.3,65148,65393.3,2,0,9.0,1.4
T-VH-1003-110,VH-1003,DR-227,Nelspruit DC,2026-08-19,136.0,149.8,66490,66639.8,1,1,34.8,3.3
T-VH-1002-11,VH-1002,DR-225,Pretoria DC,2026-05-12,130.5,141.3,51636,51777.3,0,1,20.9,2.5
T-VH-1012-67,VH-1012,DR-204,Pretoria DC,2026-07-07,256.1,264.9,60030,60294.9,1,0,23.8,1.9
T-VH-1003-108,VH-1003,DR-227,Nelspruit DC,2026-08-17,195.3,199.7,66213,66412.7,0,1,19.3,2.9
T-VH-1007-66,VH-1007,DR-205,Pretoria DC,2026-07-06,174.4,189.8,59890,60079.8,0,1,20.0,2.3
T-VH-1021-98,VH-1021,DR-227,Nelspruit DC,2026-08-07,241.9,251.1,64699,64950.1,1,0,10.0,0.6
T-VH-1006-5,VH-1006,DR-225,Pretoria DC,2026-05-06,141.2,149.0,50764,50913.0,3,0,35.8,1.1
T-VH-1023-119,VH-1023,DR-219,Polokwane DC,2026-08-28,202.4,202.7,67840,68042.7,4,4,46.2,50.7
T-VH-1023-118,VH-1023,DR-219,Polokwane DC,2026-08-27,148.4,162.8,67709,67871.8,3,3,51.9,40.7
T-VH-1010-78,VH-1010,DR-210,Pretoria DC,2026-07-18,268.6,296.7,61698,61994.7,0,1,15.1,6.4
T-VH-1021-70,VH-1021,DR-227,Nelspruit DC,2026-07-10,143.0,158.6,60505,60663.6,0,0,16.4,3.3
T-VH-1001-73,VH-1001,DR-208,Johannesburg DC,2026-07-13,207.4,222.5,60950,61172.5,1,1,43.5,55.6
T-VH-1019-70,VH-1019,DR-203,Nelspruit DC,2026-07-10,250.5,261.5,60493,60754.5,0,0,19.3,6.8
T-VH-1013-111,VH-1013,DR-206,Johannesburg DC,2026-08-20,158.8,160.2,66670,66830.2,0,2,8.3,1.3
T-VH-1001-61,VH-1001,DR-208,Johannesburg DC,2026-07-01,55.3,56.4,59146,59202.4,3,5,48.3,14.1
T-VH-1011-3,VH-1011,DR-208,Polokwane DC,2026-05-04,136.0,148.2,50469,50617.2,0,0,5.7,1.6
T-VH-1020-40,VH-1020,DR-211,Polokwane DC,2026-06-10,184.5,188.8,56003,56191.8,1,3,28.2,5.1
T-VH-1014-45,VH-1014,DR-224,Nelspruit DC,2026-06-15,268.6,283.8,56732,57015.8,7,1,47.0,71.0
T-VH-1014-33,VH-1014,DR-224,Nelspruit DC,2026-06-03,214.2,231.7,54963,55194.7,1,7,45.1,57.9
T-VH-1016-3,VH-1016,DR-203,Nelspruit DC,2026-05-04,128.8,141.2,50459,50600.2,2,1,20.8,2.5
T-VH-1014-73,VH-1014,DR-224,Nelspruit DC,2026-07-13,191.2,192.1,60950,61142.1,2,5,58.0,48.0
T-VH-1012-27,VH-1012,DR-204,Pretoria DC,2026-05-28,244.9,245.4,54049,54294.4,2,1,21.3,2.8
T-VH-1008-60,VH-1008,DR-222,Polokwane DC,2026-06-30,237.7,251.7,59015,59266.7,0,2,21.7,0.4
T-VH-1021-47,VH-1021,DR-227,Nelspruit DC,2026-06-17,145.3,150.5,57063,57213.5,2,3,15.8,1.4
T-VH-1012-83,VH-1012,DR-204,Pretoria DC,2026-07-23,231.8,232.0,62431,62663.0,1,1,19.5,3.6
T-VH-1019-115,VH-1019,DR-203,Nelspruit DC,2026-08-24,233.0,252.2,67255,67507.2,0,1,30.6,6.0
T-VH-1007-88,VH-1007,DR-205,Pretoria DC,2026-07-28,149.3,161.9,63210,63371.9,1,1,30.3,3.8
T-VH-1014-111,VH-1014,DR-224,Nelspruit DC,2026-08-20,176.2,177.7,66655,66832.7,3,3,37.5,44.4
T-VH-1002-22,VH-1002,DR-225,Pretoria DC,2026-05-23,145.7,159.0,53315,53474.0,2,1,11.4,4.0
T-VH-1012-26,VH-1012,DR-204,Pretoria DC,2026-05-27,256.2,276.2,53888,54164.2,1,2,35.6,5.2
T-VH-1022-68,VH-1022,DR-211,Pretoria DC,2026-07-08,196.9,214.3,60218,60432.3,0,0,36.0,4.5
T-VH-1024-101,VH-1024,DR-208,Polokwane DC,2026-08-10,69.3,69.5,65142,65211.5,3,1,29.1,0.0
T-VH-1019-49,VH-1019,DR-203,Nelspruit DC,2026-06-19,63.1,65.6,57337,57402.6,1,1,42.1,1.3
T-VH-1005-18,VH-1005,DR-224,Polokwane DC,2026-05-19,249.6,255.4,52689,52944.4,0,1,23.6,7.1
T-VH-1002-56,VH-1002,DR-225,Pretoria DC,2026-06-26,141.9,156.3,58411,58567.3,0,1,19.7,1.6
T-VH-1009-46,VH-1009,DR-213,Nelspruit DC,2026-06-16,182.5,193.1,56883,57076.1,0,0,31.0,5.6
T-VH-1016-19,VH-1016,DR-203,Nelspruit DC,2026-05-20,228.8,248.7,52862,53110.7,3,1,10.5,5.7
T-VH-1014-83,VH-1014,DR-224,Nelspruit DC,2026-07-23,215.3,224.5,62438,62662.5,5,3,35.3,56.1
T-VH-1018-41,VH-1018,DR-212,Nelspruit DC,2026-06-11,97.4,105.3,56159,56264.3,0,2,9.2,1.6
T-VH-1019-7,VH-1019,DR-203,Nelspruit DC,2026-05-08,155.5,169.5,51060,51229.5,1,3,44.6,3.9
T-VH-1024-115,VH-1024,DR-208,Polokwane DC,2026-08-24,165.2,168.3,67237,67405.3,4,0,18.6,3.8
T-VH-1014-17,VH-1014,DR-224,Nelspruit DC,2026-05-18,130.0,131.6,52540,52671.6,5,4,47.5,32.9
T-VH-1001-38,VH-1001,DR-208,Johannesburg DC,2026-06-08,109.0,114.2,55712,55826.2,3,1,54.7,28.5
T-VH-1012-61,VH-1012,DR-204,Pretoria DC,2026-07-01,179.9,181.2,59153,59334.2,1,2,11.9,2.8
T-VH-1008-7,VH-1008,DR-222,Polokwane DC,2026-05-08,175.5,182.6,51042,51224.6,1,0,19.1,5.4
T-VH-1009-3,VH-1009,DR-213,Nelspruit DC,2026-05-04,73.6,77.8,50445,50522.8,2,1,23.7,0.4
T-VH-1024-11,VH-1024,DR-208,Polokwane DC,2026-05-12,194.5,210.1,51643,51853.1,0,0,14.6,2.2
T-VH-1006-70,VH-1006,DR-225,Pretoria DC,2026-07-10,153.1,168.8,60513,60681.8,3,1,27.3,1.0
T-VH-1019-102,VH-1019,DR-203,Nelspruit DC,2026-08-11,203.3,208.8,65305,65513.8,0,0,5.7,3.1
T-VH-1000-43,VH-1000,DR-218,Pretoria DC,2026-06-13,204.4,214.8,56458,56672.8,1,0,27.2,6.1
T-VH-1017-110,VH-1017,DR-202,Polokwane DC,2026-08-19,177.2,181.1,66485,66666.1,2,3,47.5,45.3
T-VH-1006-118,VH-1006,DR-225,Pretoria DC,2026-08-27,92.2,93.4,67681,67774.4,0,0,28.1,0.3
T-VH-1015-82,VH-1015,DR-210,Johannesburg DC,2026-07-22,265.2,281.0,62306,62587.0,2,1,16.4,1.2
T-VH-1008-50,VH-1008,DR-222,Polokwane DC,2026-06-20,287.1,303.1,57518,57821.1,0,1,9.4,0.0
T-VH-1015-63,VH-1015,DR-210,Johannesburg DC,2026-07-03,124.8,135.4,59434,59569.4,1,0,21.7,3.1
T-VH-1011-60,VH-1011,DR-208,Polokwane DC,2026-06-30,248.8,268.7,58985,59253.7,2,1,8.7,6.4
T-VH-1003-87,VH-1003,DR-227,Nelspruit DC,2026-07-27,129.7,134.2,63051,63185.2,1,1,22.4,1.7
T-VH-1021-33,VH-1021,DR-227,Nelspruit DC,2026-06-03,18.6,20.0,54931,54951.0,0,0,35.4,0.6
T-VH-1021-113,VH-1021,DR-227,Nelspruit DC,2026-08-22,239.7,259.2,66960,67219.2,1,0,13.2,4.3
T-VH-1006-66,VH-1006,DR-225,Pretoria DC,2026-07-06,197.7,201.9,59920,60121.9,0,1,11.2,5.8
T-VH-1022-20,VH-1022,DR-211,Pretoria DC,2026-05-21,152.9,165.9,52993,53158.9,0,0,24.3,2.9
T-VH-1018-20,VH-1018,DR-212,Nelspruit DC,2026-05-21,124.8,131.2,53010,53141.2,2,1,15.1,3.7
T-VH-1023-83,VH-1023,DR-219,Polokwane DC,2026-07-23,232.2,232.8,62453,62685.8,2,2,39.1,58.2
T-VH-1023-14,VH-1023,DR-219,Polokwane DC,2026-05-15,174.0,180.2,52107,52287.2,1,1,59.4,45.1
T-VH-1011-31,VH-1011,DR-208,Polokwane DC,2026-06-01,134.6,146.5,54636,54782.5,0,1,13.8,3.7
T-VH-1022-13,VH-1022,DR-211,Pretoria DC,2026-05-14,180.8,200.9,51963,52163.9,0,1,9.1,1.4
T-VH-1005-26,VH-1005,DR-224,Polokwane DC,2026-05-27,128.5,130.5,53888,54018.5,0,1,15.6,3.7
T-VH-1015-57,VH-1015,DR-210,Johannesburg DC,2026-06-27,166.4,178.3,58545,58723.3,1,0,22.1,4.6
T-VH-1019-8,VH-1019,DR-203,Nelspruit DC,2026-05-09,140.0,143.4,51198,51341.4,0,1,20.1,4.1
T-VH-1009-64,VH-1009,DR-213,Nelspruit DC,2026-07-04,230.1,249.7,59586,59835.7,0,0,11.9,1.4
T-VH-1011-49,VH-1011,DR-208,Polokwane DC,2026-06-19,118.8,122.1,57350,57472.1,4,0,19.9,1.4
T-VH-1001-42,VH-1001,DR-208,Johannesburg DC,2026-06-12,147.3,157.9,56292,56449.9,2,4,71.7,39.5
T-VH-1011-104,VH-1011,DR-208,Polokwane DC,2026-08-13,98.8,102.1,65607,65709.1,1,3,27.8,0.6
T-VH-1009-117,VH-1009,DR-213,Nelspruit DC,2026-08-26,82.1,89.3,67543,67632.3,0,0,30.3,2.4
T-VH-1010-61,VH-1010,DR-210,Pretoria DC,2026-07-01,121.9,131.0,59162,59293.0,1,1,31.6,2.4
T-VH-1002-41,VH-1002,DR-225,Pretoria DC,2026-06-11,227.4,252.1,56133,56385.1,1,1,31.2,1.7
T-VH-1007-119,VH-1007,DR-205,Pretoria DC,2026-08-28,238.2,255.6,67859,68114.6,2,0,23.8,7.5
T-VH-1006-35,VH-1006,DR-225,Pretoria DC,2026-06-05,143.9,148.9,55258,55406.9,0,1,7.4,0.9
T-VH-1022-77,VH-1022,DR-211,Pretoria DC,2026-07-17,69.8,71.3,61562,61633.3,0,0,27.3,0.8
T-VH-1011-11,VH-1011,DR-208,Polokwane DC,2026-05-12,48.8,50.3,51665,51715.3,1,0,30.8,0.6
T-VH-1008-55,VH-1008,DR-222,Polokwane DC,2026-06-25,204.5,219.2,58246,58465.2,1,1,18.7,6.1
T-VH-1024-43,VH-1024,DR-208,Polokwane DC,2026-06-13,175.1,177.8,56434,56611.8,1,0,28.5,0.9
T-VH-1016-28,VH-1016,DR-203,Nelspruit DC,2026-05-29,128.7,130.9,54210,54340.9,0,0,19.7,1.9
T-VH-1008-12,VH-1008,DR-222,Polokwane DC,2026-05-13,125.4,135.2,51819,51954.2,0,1,14.7,4.0
T-VH-1015-76,VH-1015,DR-210,Johannesburg DC,2026-07-16,221.9,222.4,61403,61625.4,1,1,27.2,4.6
T-VH-1011-74,VH-1011,DR-208,Polokwane DC,2026-07-14,283.8,298.1,61114,61412.1,2,1,15.5,1.1
T-VH-1022-48,VH-1022,DR-211,Pretoria DC,2026-06-18,137.8,147.3,57188,57335.3,1,1,4.8,3.1
T-VH-1009-103,VH-1009,DR-213,Nelspruit DC,2026-08-12,143.7,149.6,65468,65617.6,1,3,19.5,3.6
T-VH-1014-119,VH-1014,DR-224,Nelspruit DC,2026-08-28,185.6,199.0,67830,68029.0,2,3,49.9,49.7
T-VH-1003-77,VH-1003,DR-227,Nelspruit DC,2026-07-17,253.7,273.0,61564,61837.0,0,0,37.6,3.4
T-VH-1001-22,VH-1001,DR-208,Johannesburg DC,2026-05-23,168.0,172.3,53318,53490.3,4,5,45.7,43.1
T-VH-1012-15,VH-1012,DR-204,Pretoria DC,2026-05-16,158.7,162.0,52235,52397.0,0,1,34.6,1.2
T-VH-1024-88,VH-1024,DR-208,Polokwane DC,2026-07-28,207.9,216.3,63211,63427.3,3,2,9.6,1.4
T-VH-1004-66,VH-1004,DR-200,Nelspruit DC,2026-07-06,134.2,135.5,59892,60027.5,5,0,-4.8,1.6
T-VH-1003-62,VH-1003,DR-227,Nelspruit DC,2026-07-02,131.3,136.9,59313,59449.9,1,0,8.7,0.2
T-VH-1001-91,VH-1001,DR-208,Johannesburg DC,2026-07-31,209.0,209.1,63632,63841.1,4,3,51.3,52.3
T-VH-1020-47,VH-1020,DR-211,Polokwane DC,2026-06-17,249.2,261.6,57037,57298.6,1,1,28.5,2.5
T-VH-1016-57,VH-1016,DR-203,Nelspruit DC,2026-06-27,216.2,220.6,58532,58752.6,1,1,35.2,5.5
T-VH-1007-101,VH-1007,DR-205,Pretoria DC,2026-08-10,176.1,179.9,65152,65331.9,0,0,16.1,2.9
T-VH-1023-21,VH-1023,DR-219,Polokwane DC,2026-05-22,128.8,130.0,53138,53268.0,4,3,35.1,32.5
T-VH-1024-6,VH-1024,DR-208,Polokwane DC,2026-05-07,174.0,183.5,50894,51077.5,0,0,6.1,3.2
T-VH-1000-21,VH-1000,DR-218,Pretoria DC,2026-05-22,139.9,147.1,53156,53303.1,1,1,14.4,2.2
T-VH-1023-60,VH-1023,DR-219,Polokwane DC,2026-06-30,160.2,175.1,58980,59155.1,2,3,36.4,43.8
T-VH-1010-53,VH-1010,DR-210,Pretoria DC,2026-06-23,131.0,135.5,57938,58073.5,0,0,4.4,0.3
T-VH-1015-119,VH-1015,DR-210,Johannesburg DC,2026-08-28,255.8,260.5,67862,68122.5,0,0,12.0,5.2
T-VH-1014-109,VH-1014,DR-224,Nelspruit DC,2026-08-18,205.2,206.6,66350,66556.6,4,3,48.1,51.7
T-VH-1019-95,VH-1019,DR-203,Nelspruit DC,2026-08-04,155.8,167.1,64230,64397.1,1,1,13.8,3.3
T-VH-1009-73,VH-1009,DR-213,Nelspruit DC,2026-07-13,107.7,112.6,60964,61076.6,1,1,21.6,2.1
T-VH-1004-69,VH-1004,DR-200,Nelspruit DC,2026-07-09,169.2,172.2,60344,60516.2,0,2,12.5,2.0
T-VH-1023-109,VH-1023,DR-219,Polokwane DC,2026-08-18,180.0,182.9,66369,66551.9,3,5,45.7,45.7
T-VH-1010-55,VH-1010,DR-210,Pretoria DC,2026-06-25,129.1,137.3,58233,58370.3,0,1,15.9,1.3
T-VH-1014-101,VH-1014,DR-224,Nelspruit DC,2026-08-10,184.1,188.8,65143,65331.8,1,2,60.0,47.2
T-VH-1007-13,VH-1007,DR-205,Pretoria DC,2026-05-14,110.1,120.3,51951,52071.3,2,1,34.1,1.2
T-VH-1016-95,VH-1016,DR-203,Nelspruit DC,2026-08-04,174.8,175.6,64240,64415.6,2,0,10.0,3.7
T-VH-1009-27,VH-1009,DR-213,Nelspruit DC,2026-05-28,224.3,242.0,54033,54275.0,0,1,32.2,7.2
T-VH-1017-4,VH-1017,DR-202,Polokwane DC,2026-05-05,219.0,222.8,50608,50830.8,3,1,49.4,55.7
T-VH-1011-81,VH-1011,DR-208,Polokwane DC,2026-07-21,187.9,202.6,62143,62345.6,0,1,19.3,3.5
T-VH-1008-117,VH-1008,DR-222,Polokwane DC,2026-08-26,219.0,227.9,67555,67782.9,0,3,10.9,1.2
T-VH-1008-76,VH-1008,DR-222,Polokwane DC,2026-07-16,21.1,21.8,61401,61422.8,1,1,10.4,0.5
T-VH-1020-91,VH-1020,DR-211,Polokwane DC,2026-07-31,233.6,252.7,63652,63904.7,0,0,16.4,2.6
T-VH-1024-111,VH-1024,DR-208,Polokwane DC,2026-08-20,170.1,180.4,66663,66843.4,0,1,8.8,1.5
T-VH-1017-74,VH-1017,DR-202,Polokwane DC,2026-07-14,241.2,257.0,61102,61359.0,4,0,41.8,64.3
T-VH-1023-57,VH-1023,DR-219,Polokwane DC,2026-06-27,147.6,160.5,58551,58711.5,5,3,32.2,40.1
T-VH-1015-80,VH-1015,DR-210,Johannesburg DC,2026-07-20,167.4,168.5,62012,62180.5,1,0,-0.5,3.4
T-VH-1009-19,VH-1009,DR-213,Nelspruit DC,2026-05-20,59.1,65.4,52859,52924.4,1,1,21.0,0.8
T-VH-1016-32,VH-1016,DR-203,Nelspruit DC,2026-06-02,187.3,201.3,54797,54998.3,0,0,22.0,2.8
T-VH-1024-96,VH-1024,DR-208,Polokwane DC,2026-08-05,160.4,169.2,64380,64549.2,0,0,17.0,0.6
T-VH-1014-95,VH-1014,DR-224,Nelspruit DC,2026-08-04,173.1,179.8,64256,64435.8,4,1,60.7,44.9
T-VH-1007-45,VH-1007,DR-205,Pretoria DC,2026-06-15,107.0,111.9,56732,56843.9,0,0,5.8,1.8
T-VH-1012-110,VH-1012,DR-204,Pretoria DC,2026-08-19,204.4,207.6,66507,66714.6,1,1,11.4,0.6
T-VH-1023-81,VH-1023,DR-219,Polokwane DC,2026-07-21,62.5,65.8,62157,62222.8,3,3,39.4,16.5
T-VH-1010-24,VH-1010,DR-210,Pretoria DC,2026-05-25,270.3,277.3,53589,53866.3,1,3,10.7,4.0
T-VH-1002-12,VH-1002,DR-225,Pretoria DC,2026-05-13,169.6,185.9,51793,51978.9,1,2,16.1,2.6
T-VH-1002-43,VH-1002,DR-225,Pretoria DC,2026-06-13,195.4,208.5,56466,56674.5,2,1,-6.5,2.1
T-VH-1017-67,VH-1017,DR-202,Polokwane DC,2026-07-07,114.1,124.0,60068,60192.0,2,4,45.5,31.0
T-VH-1002-68,VH-1002,DR-225,Pretoria DC,2026-07-08,252.2,259.8,60213,60472.8,0,1,17.7,5.6
T-VH-1006-110,VH-1006,DR-225,Pretoria DC,2026-08-19,124.9,138.1,66511,66649.1,0,0,27.0,2.4
T-VH-1003-85,VH-1003,DR-227,Nelspruit DC,2026-07-25,52.6,54.4,62734,62788.4,4,1,26.5,1.4
T-VH-1015-33,VH-1015,DR-210,Johannesburg DC,2026-06-03,119.7,124.9,54936,55060.9,0,1,3.7,1.7
T-VH-1020-88,VH-1020,DR-211,Polokwane DC,2026-07-28,251.2,264.7,63201,63465.7,0,1,16.0,5.5
T-VH-1014-25,VH-1014,DR-224,Nelspruit DC,2026-05-26,237.6,255.7,53738,53993.7,3,1,49.8,63.9
T-VH-1005-75,VH-1005,DR-224,Polokwane DC,2026-07-15,136.7,148.5,61250,61398.5,1,2,12.8,2.2
T-VH-1000-63,VH-1000,DR-218,Pretoria DC,2026-07-03,143.1,148.7,59464,59612.7,0,0,24.1,1.5
T-VH-1022-104,VH-1022,DR-211,Pretoria DC,2026-08-13,254.9,279.3,65597,65876.3,1,0,35.9,7.8
T-VH-1008-94,VH-1008,DR-222,Polokwane DC,2026-08-03,163.8,170.7,64091,64261.7,0,2,12.1,3.1
T-VH-1005-5,VH-1005,DR-224,Polokwane DC,2026-05-06,181.0,196.0,50754,50950.0,0,1,20.8,5.5
T-VH-1008-98,VH-1008,DR-222,Polokwane DC,2026-08-07,252.4,258.0,64683,64941.0,1,1,10.5,4.1
T-VH-1017-82,VH-1017,DR-202,Polokwane DC,2026-07-22,157.1,170.2,62286,62456.2,1,3,38.1,42.6
T-VH-1012-6,VH-1012,DR-204,Pretoria DC,2026-05-07,170.8,174.8,50895,51069.8,0,1,31.6,1.2
T-VH-1022-92,VH-1022,DR-211,Pretoria DC,2026-08-01,165.9,176.7,63782,63958.7,1,1,19.1,0.0
T-VH-1004-33,VH-1004,DR-200,Nelspruit DC,2026-06-03,165.7,177.8,54970,55147.8,1,0,22.9,3.6
T-VH-1022-33,VH-1022,DR-211,Pretoria DC,2026-06-03,114.8,126.9,54939,55065.9,0,1,23.2,0.8
T-VH-1007-46,VH-1007,DR-205,Pretoria DC,2026-06-16,271.3,272.7,56915,57187.7,0,1,1.7,4.2
T-VH-1017-119,VH-1017,DR-202,Polokwane DC,2026-08-28,189.1,198.8,67862,68060.8,1,4,42.2,49.7
T-VH-1010-76,VH-1010,DR-210,Pretoria DC,2026-07-16,65.4,72.2,61390,61462.2,0,0,42.7,1.3
T-VH-1001-83,VH-1001,DR-208,Johannesburg DC,2026-07-23,231.7,238.1,62460,62698.1,8,2,45.1,59.5
T-VH-1001-26,VH-1001,DR-208,Johannesburg DC,2026-05-27,126.3,126.7,53920,54046.7,5,3,50.5,31.7
T-VH-1002-24,VH-1002,DR-225,Pretoria DC,2026-05-25,160.4,170.9,53603,53773.9,0,0,25.9,1.5
T-VH-1003-36,VH-1003,DR-227,Nelspruit DC,2026-06-06,125.4,137.1,55398,55535.1,0,3,17.2,2.6
T-VH-1024-68,VH-1024,DR-208,Polokwane DC,2026-07-08,205.6,210.4,60205,60415.4,2,0,22.8,5.2
T-VH-1014-27,VH-1014,DR-224,Nelspruit DC,2026-05-28,161.1,165.7,54053,54218.7,0,2,53.7,41.4
T-VH-1015-78,VH-1015,DR-210,Johannesburg DC,2026-07-18,189.3,199.7,61693,61892.7,1,1,18.3,1.6
T-VH-1022-101,VH-1022,DR-211,Pretoria DC,2026-08-10,179.3,187.7,65141,65328.7,0,1,5.0,4.2
T-VH-1015-109,VH-1015,DR-210,Johannesburg DC,2026-08-18,174.8,183.1,66355,66538.1,0,1,21.5,0.3
T-VH-1016-89,VH-1016,DR-203,Nelspruit DC,2026-07-29,64.1,66.3,63368,63434.3,1,0,23.9,0.9
T-VH-1008-69,VH-1008,DR-222,Polokwane DC,2026-07-09,190.7,193.5,60340,60533.5,1,3,18.2,0.9
T-VH-1004-28,VH-1004,DR-200,Nelspruit DC,2026-05-29,215.4,233.9,54215,54448.9,0,0,5.6,0.1
T-VH-1017-78,VH-1017,DR-202,Polokwane DC,2026-07-18,95.0,100.1,61692,61792.1,4,1,44.4,25.0
T-VH-1003-18,VH-1003,DR-227,Nelspruit DC,2026-05-19,250.4,263.3,52717,52980.3,2,1,8.9,0.3
T-VH-1009-10,VH-1009,DR-213,Nelspruit DC,2026-05-11,136.4,148.3,51520,51668.3,1,2,7.5,0.5
T-VH-1017-77,VH-1017,DR-202,Polokwane DC,2026-07-17,195.9,203.0,61554,61757.0,7,2,51.7,50.7
T-VH-1014-102,VH-1014,DR-224,Nelspruit DC,2026-08-11,127.8,139.9,65286,65425.9,3,2,43.1,35.0
T-VH-1006-52,VH-1006,DR-225,Pretoria DC,2026-06-22,212.0,213.4,57813,58026.4,0,0,21.0,2.5
T-VH-1024-8,VH-1024,DR-208,Polokwane DC,2026-05-09,239.7,247.0,51198,51445.0,1,0,15.7,3.2
T-VH-1001-81,VH-1001,DR-208,Johannesburg DC,2026-07-21,144.7,155.3,62153,62308.3,5,4,47.9,38.8
T-VH-1021-4,VH-1021,DR-227,Nelspruit DC,2026-05-05,177.8,186.0,50601,50787.0,2,0,25.5,0.8
T-VH-1019-91,VH-1019,DR-203,Nelspruit DC,2026-07-31,140.5,152.1,63630,63782.1,0,2,12.8,2.8
T-VH-1012-108,VH-1012,DR-204,Pretoria DC,2026-08-17,187.0,197.4,66211,66408.4,0,1,35.9,2.4
T-VH-1017-99,VH-1017,DR-202,Polokwane DC,2026-08-08,111.1,113.6,64860,64973.6,1,6,49.2,28.4
T-VH-1001-49,VH-1001,DR-208,Johannesburg DC,2026-06-19,185.9,198.5,57350,57548.5,5,3,40.6,49.6
T-VH-1017-10,VH-1017,DR-202,Polokwane DC,2026-05-11,91.8,93.7,51503,51596.7,3,5,55.8,23.4
T-VH-1010-113,VH-1010,DR-210,Pretoria DC,2026-08-22,152.6,162.0,66943,67105.0,0,1,19.8,4.7
T-VH-1002-73,VH-1002,DR-225,Pretoria DC,2026-07-13,101.8,105.7,60932,61037.7,1,0,29.7,2.3
T-VH-1006-102,VH-1006,DR-225,Pretoria DC,2026-08-11,179.9,198.7,65280,65478.7,1,2,26.1,5.7
T-VH-1017-39,VH-1017,DR-202,Polokwane DC,2026-06-09,206.0,228.4,55852,56080.4,1,2,56.7,57.1
T-VH-1018-15,VH-1018,DR-212,Nelspruit DC,2026-05-16,46.3,47.7,52260,52307.7,0,0,32.7,0.9
T-VH-1016-46,VH-1016,DR-203,Nelspruit DC,2026-06-16,268.1,279.2,56891,57170.2,1,0,28.1,5.3
T-VH-1004-80,VH-1004,DR-200,Nelspruit DC,2026-07-20,192.1,197.5,61980,62177.5,1,2,10.6,2.6
T-VH-1024-35,VH-1024,DR-208,Polokwane DC,2026-06-05,190.1,198.4,55270,55468.4,1,1,25.2,3.7
T-VH-1001-56,VH-1001,DR-208,Johannesburg DC,2026-06-26,191.2,193.5,58381,58574.5,3,4,41.7,48.4
T-VH-1024-76,VH-1024,DR-208,Polokwane DC,2026-07-16,125.3,136.6,61389,61525.6,0,1,25.5,2.6
T-VH-1004-87,VH-1004,DR-200,Nelspruit DC,2026-07-27,247.3,255.4,63044,63299.4,1,0,19.5,6.6
T-VH-1006-61,VH-1006,DR-225,Pretoria DC,2026-07-01,241.9,244.6,59148,59392.6,0,1,22.7,4.2
T-VH-1001-17,VH-1001,DR-208,Johannesburg DC,2026-05-18,95.8,98.0,52540,52638.0,2,3,50.4,24.5
T-VH-1016-118,VH-1016,DR-203,Nelspruit DC,2026-08-27,137.8,144.5,67680,67824.5,1,0,5.9,4.1
T-VH-1023-89,VH-1023,DR-219,Polokwane DC,2026-07-29,222.4,243.3,63356,63599.3,3,0,46.8,60.8
T-VH-1007-89,VH-1007,DR-205,Pretoria DC,2026-07-29,192.7,206.9,63367,63573.9,1,3,25.1,4.0
T-VH-1022-53,VH-1022,DR-211,Pretoria DC,2026-06-23,129.9,140.7,57952,58092.7,0,1,38.4,1.9
T-VH-1012-24,VH-1012,DR-204,Pretoria DC,2026-05-25,99.5,108.8,53587,53695.8,1,3,32.1,1.1
T-VH-1000-52,VH-1000,DR-218,Pretoria DC,2026-06-22,180.3,191.2,57818,58009.2,1,1,26.4,4.0
T-VH-1010-90,VH-1010,DR-210,Pretoria DC,2026-07-30,146.0,154.8,63480,63634.8,2,0,20.2,3.6
T-VH-1009-12,VH-1009,DR-213,Nelspruit DC,2026-05-13,211.6,231.4,51795,52026.4,2,2,27.2,0.6
T-VH-1017-91,VH-1017,DR-202,Polokwane DC,2026-07-31,208.5,211.1,63645,63856.1,2,0,24.5,52.8
T-VH-1006-57,VH-1006,DR-225,Pretoria DC,2026-06-27,152.5,159.7,58542,58701.7,0,0,5.9,2.9
T-VH-1022-60,VH-1022,DR-211,Pretoria DC,2026-06-30,136.7,151.0,59015,59166.0,0,0,27.5,3.6
T-VH-1010-29,VH-1010,DR-210,Pretoria DC,2026-05-30,76.9,78.7,54334,54412.7,1,0,9.7,1.9
T-VH-1013-60,VH-1013,DR-206,Johannesburg DC,2026-06-30,129.0,130.3,59007,59137.3,4,1,13.3,2.5
T-VH-1016-94,VH-1016,DR-203,Nelspruit DC,2026-08-03,205.4,208.5,64095,64303.5,0,0,13.8,0.7
T-VH-1010-104,VH-1010,DR-210,Pretoria DC,2026-08-13,135.4,143.0,65607,65750.0,2,0,18.6,2.5
T-VH-1007-111,VH-1007,DR-205,Pretoria DC,2026-08-20,163.7,172.3,66668,66840.3,0,0,46.4,1.2
T-VH-1019-117,VH-1019,DR-203,Nelspruit DC,2026-08-26,148.9,161.1,67553,67714.1,2,0,47.9,1.6
T-VH-1022-105,VH-1022,DR-211,Pretoria DC,2026-08-14,242.7,246.2,65746,65992.2,1,0,-2.7,1.3
T-VH-1003-32,VH-1003,DR-227,Nelspruit DC,2026-06-02,105.7,112.0,54811,54923.0,0,3,2.7,2.5
T-VH-1000-103,VH-1000,DR-218,Pretoria DC,2026-08-12,205.8,217.8,65449,65666.8,1,0,1.6,1.1
T-VH-1021-102,VH-1021,DR-227,Nelspruit DC,2026-08-11,140.2,153.0,65319,65472.0,1,3,16.4,2.8
T-VH-1018-88,VH-1018,DR-212,Nelspruit DC,2026-07-28,94.9,100.0,63197,63297.0,2,0,40.4,2.9
T-VH-1003-21,VH-1003,DR-227,Nelspruit DC,2026-05-22,182.1,199.1,53151,53350.1,0,1,8.9,2.9
T-VH-1024-46,VH-1024,DR-208,Polokwane DC,2026-06-16,92.1,95.6,56916,57011.6,2,1,46.0,2.2
T-VH-1016-110,VH-1016,DR-203,Nelspruit DC,2026-08-19,141.9,151.0,66494,66645.0,2,2,38.4,3.7
T-VH-1003-59,VH-1003,DR-227,Nelspruit DC,2026-06-29,191.9,193.9,58843,59036.9,0,1,-10.2,1.2
T-VH-1009-6,VH-1009,DR-213,Nelspruit DC,2026-05-07,83.9,86.3,50910,50996.3,1,1,26.5,2.4
T-VH-1013-92,VH-1013,DR-206,Johannesburg DC,2026-08-01,211.0,215.1,63797,64012.1,0,0,22.1,1.2
T-VH-1015-20,VH-1015,DR-210,Johannesburg DC,2026-05-21,149.5,163.2,52995,53158.2,1,0,41.7,4.3
T-VH-1000-41,VH-1000,DR-218,Pretoria DC,2026-06-11,191.1,204.4,56144,56348.4,1,0,44.7,4.4
T-VH-1009-75,VH-1009,DR-213,Nelspruit DC,2026-07-15,163.6,166.3,61231,61397.3,0,0,32.5,3.9
T-VH-1022-52,VH-1022,DR-211,Pretoria DC,2026-06-22,53.5,54.0,57818,57872.0,0,0,22.4,0.5
T-VH-1012-20,VH-1012,DR-204,Pretoria DC,2026-05-21,190.4,200.3,53014,53214.3,0,2,15.1,2.1
T-VH-1002-103,VH-1002,DR-225,Pretoria DC,2026-08-12,227.4,244.7,65450,65694.7,1,0,17.1,0.4
T-VH-1003-46,VH-1003,DR-227,Nelspruit DC,2026-06-16,106.0,115.2,56917,57032.2,0,0,28.3,0.9
T-VH-1015-89,VH-1015,DR-210,Johannesburg DC,2026-07-29,266.0,285.1,63353,63638.1,2,2,16.4,4.3
T-VH-1014-112,VH-1014,DR-224,Nelspruit DC,2026-08-21,141.2,148.5,66781,66929.5,3,4,48.0,37.1
T-VH-1023-5,VH-1023,DR-219,Polokwane DC,2026-05-06,122.4,123.3,50730,50853.3,3,2,44.6,30.8
T-VH-1010-118,VH-1010,DR-210,Pretoria DC,2026-08-27,176.9,186.2,67684,67870.2,1,0,20.3,1.9
T-VH-1000-6,VH-1000,DR-218,Pretoria DC,2026-05-07,222.1,227.1,50899,51126.1,0,1,20.0,4.2
T-VH-1021-60,VH-1021,DR-227,Nelspruit DC,2026-06-30,171.0,188.9,58999,59187.9,2,0,45.0,1.6
T-VH-1019-88,VH-1019,DR-203,Nelspruit DC,2026-07-28,196.8,211.7,63207,63418.7,1,1,29.9,5.3
T-VH-1005-112,VH-1005,DR-224,Polokwane DC,2026-08-21,240.6,259.3,66815,67074.3,0,0,33.3,1.1
T-VH-1021-90,VH-1021,DR-227,Nelspruit DC,2026-07-30,74.2,76.6,63482,63558.6,1,0,7.3,0.1
T-VH-1001-11,VH-1001,DR-208,Johannesburg DC,2026-05-12,200.2,205.3,51663,51868.3,1,4,42.4,51.3
T-VH-1023-4,VH-1023,DR-219,Polokwane DC,2026-05-05,128.1,136.5,50606,50742.5,3,5,50.8,34.1
T-VH-1022-21,VH-1022,DR-211,Pretoria DC,2026-05-22,195.1,211.9,53166,53377.9,1,0,32.9,1.5
T-VH-1012-115,VH-1012,DR-204,Pretoria DC,2026-08-24,166.6,181.9,67245,67426.9,0,1,8.2,2.4
T-VH-1003-45,VH-1003,DR-227,Nelspruit DC,2026-06-15,194.2,211.9,56732,56943.9,2,1,13.8,3.2
T-VH-1022-69,VH-1022,DR-211,Pretoria DC,2026-07-09,255.0,260.6,60336,60596.6,0,2,25.1,5.9
T-VH-1000-113,VH-1000,DR-218,Pretoria DC,2026-08-22,154.5,157.3,66932,67089.3,0,0,19.7,2.7
T-VH-1008-18,VH-1008,DR-222,Polokwane DC,2026-05-19,155.3,166.2,52695,52861.2,2,0,16.1,4.6
T-VH-1016-60,VH-1016,DR-203,Nelspruit DC,2026-06-30,153.8,155.8,59008,59163.8,0,0,23.6,2.0
T-VH-1000-91,VH-1000,DR-218,Pretoria DC,2026-07-31,125.0,134.0,63639,63773.0,1,1,15.0,0.6
T-VH-1009-101,VH-1009,DR-213,Nelspruit DC,2026-08-10,153.6,169.0,65142,65311.0,2,1,11.6,3.2
T-VH-1021-42,VH-1021,DR-227,Nelspruit DC,2026-06-12,172.6,186.2,56315,56501.2,1,0,-3.7,3.2
T-VH-1008-57,VH-1008,DR-222,Polokwane DC,2026-06-27,272.0,275.3,58569,58844.3,0,2,6.1,0.3
T-VH-1012-87,VH-1012,DR-204,Pretoria DC,2026-07-27,143.0,149.8,63066,63215.8,1,2,24.3,3.5
T-VH-1019-105,VH-1019,DR-203,Nelspruit DC,2026-08-14,146.9,156.1,65768,65924.1,4,2,11.3,3.1
T-VH-1016-73,VH-1016,DR-203,Nelspruit DC,2026-07-13,231.1,236.6,60962,61198.6,0,1,29.7,6.3
T-VH-1001-68,VH-1001,DR-208,Johannesburg DC,2026-07-08,240.4,260.7,60189,60449.7,5,3,57.6,65.2
T-VH-1014-39,VH-1014,DR-224,Nelspruit DC,2026-06-09,281.3,287.2,55846,56133.2,1,1,47.1,71.8
T-VH-1018-97,VH-1018,DR-212,Nelspruit DC,2026-08-06,174.1,192.3,64557,64749.3,0,0,6.6,4.8
T-VH-1004-116,VH-1004,DR-200,Nelspruit DC,2026-08-25,244.3,251.8,67389,67640.8,1,1,26.1,2.8
T-VH-1024-57,VH-1024,DR-208,Polokwane DC,2026-06-27,151.9,154.8,58535,58689.8,0,1,25.6,4.0
T-VH-1017-103,VH-1017,DR-202,Polokwane DC,2026-08-12,237.2,258.3,65465,65723.3,3,2,46.0,64.6
T-VH-1013-27,VH-1013,DR-206,Johannesburg DC,2026-05-28,71.4,76.7,54049,54125.7,3,2,18.7,2.1
T-VH-1024-25,VH-1024,DR-208,Polokwane DC,2026-05-26,152.4,159.2,53759,53918.2,0,1,19.2,1.1
T-VH-1016-98,VH-1016,DR-203,Nelspruit DC,2026-08-07,175.7,181.9,64713,64894.9,1,1,24.9,1.7
T-VH-1002-4,VH-1002,DR-225,Pretoria DC,2026-05-05,200.7,210.6,50598,50808.6,2,0,28.3,0.2
T-VH-1008-28,VH-1008,DR-222,Polokwane DC,2026-05-29,192.7,209.4,54209,54418.4,2,1,21.3,3.6
T-VH-1018-49,VH-1018,DR-212,Nelspruit DC,2026-06-19,234.6,248.1,57333,57581.1,1,0,33.7,0.9
T-VH-1017-26,VH-1017,DR-202,Polokwane DC,2026-05-27,144.2,147.2,53916,54063.2,1,3,37.3,36.8
T-VH-1014-47,VH-1014,DR-224,Nelspruit DC,2026-06-17,112.9,119.2,57066,57185.2,5,2,39.5,29.8
T-VH-1007-98,VH-1007,DR-205,Pretoria DC,2026-08-07,143.0,156.5,64709,64865.5,1,0,30.8,4.1
T-VH-1017-62,VH-1017,DR-202,Polokwane DC,2026-07-02,183.9,191.2,59281,59472.2,5,3,44.4,47.8
T-VH-1001-111,VH-1001,DR-208,Johannesburg DC,2026-08-20,210.5,227.6,66658,66885.6,0,1,46.3,56.9
T-VH-1019-63,VH-1019,DR-203,Nelspruit DC,2026-07-03,141.1,148.9,59453,59601.9,1,0,35.1,1.0
T-VH-1000-11,VH-1000,DR-218,Pretoria DC,2026-05-12,172.4,172.8,51653,51825.8,0,0,28.5,0.2
T-VH-1010-8,VH-1010,DR-210,Pretoria DC,2026-05-09,192.4,196.9,51180,51376.9,1,0,34.6,4.4
T-VH-1014-76,VH-1014,DR-224,Nelspruit DC,2026-07-16,148.6,154.0,61380,61534.0,1,5,51.4,38.5
T-VH-1003-94,VH-1003,DR-227,Nelspruit DC,2026-08-03,132.2,143.5,64088,64231.5,1,0,22.7,3.1
T-VH-1017-55,VH-1017,DR-202,Polokwane DC,2026-06-25,143.1,154.6,58262,58416.6,1,0,37.4,38.6
T-VH-1005-52,VH-1005,DR-224,Polokwane DC,2026-06-22,40.5,44.7,57801,57845.7,1,0,17.3,0.6
T-VH-1017-115,VH-1017,DR-202,Polokwane DC,2026-08-24,160.2,172.5,67236,67408.5,3,2,33.5,43.1
T-VH-1004-40,VH-1004,DR-200,Nelspruit DC,2026-06-10,42.5,46.2,55991,56037.2,0,0,-3.8,0.6
T-VH-1017-11,VH-1017,DR-202,Polokwane DC,2026-05-12,230.4,235.1,51639,51874.1,6,4,59.3,58.8
T-VH-1024-84,VH-1024,DR-208,Polokwane DC,2026-07-24,117.3,118.8,62616,62734.8,2,0,26.7,1.7
T-VH-1020-94,VH-1020,DR-211,Polokwane DC,2026-08-03,242.9,263.5,64109,64372.5,2,0,29.5,4.6
T-VH-1016-87,VH-1016,DR-203,Nelspruit DC,2026-07-27,162.2,173.4,63057,63230.4,1,3,33.6,0.3
T-VH-1003-103,VH-1003,DR-227,Nelspruit DC,2026-08-12,139.5,151.6,65467,65618.6,0,0,23.8,3.8
T-VH-1014-13,VH-1014,DR-224,Nelspruit DC,2026-05-14,97.3,102.4,51968,52070.4,0,0,48.6,25.6
T-VH-1024-27,VH-1024,DR-208,Polokwane DC,2026-05-28,192.0,203.2,54058,54261.2,1,1,19.9,3.0
T-VH-1015-117,VH-1015,DR-210,Johannesburg DC,2026-08-26,244.2,269.6,67570,67839.6,1,0,17.1,7.2
T-VH-1015-102,VH-1015,DR-210,Johannesburg DC,2026-08-11,291.9,321.1,65291,65612.1,2,1,2.5,0.2
T-VH-1014-71,VH-1014,DR-224,Nelspruit DC,2026-07-11,184.2,186.8,60670,60856.8,1,5,62.1,46.7
T-VH-1000-84,VH-1000,DR-218,Pretoria DC,2026-07-24,62.1,68.8,62618,62686.8,0,0,22.9,0.5
T-VH-1002-83,VH-1002,DR-225,Pretoria DC,2026-07-23,117.2,126.5,62432,62558.5,1,0,6.6,3.0
T-VH-1011-32,VH-1011,DR-208,Polokwane DC,2026-06-02,156.1,169.2,54797,54966.2,1,0,26.5,0.0
T-VH-1024-20,VH-1024,DR-208,Polokwane DC,2026-05-21,201.3,221.7,53000,53221.7,0,0,14.8,2.6
T-VH-1020-0,VH-1020,DR-211,Polokwane DC,2026-05-01,224.2,232.4,49988,50220.4,0,1,20.7,6.5
T-VH-1016-20,VH-1016,DR-203,Nelspruit DC,2026-05-21,235.0,246.4,52992,53238.4,0,2,12.3,1.1
T-VH-1004-34,VH-1004,DR-200,Nelspruit DC,2026-06-04,73.1,79.1,55096,55175.1,1,0,16.1,1.1
T-VH-1000-19,VH-1000,DR-218,Pretoria DC,2026-05-20,112.1,115.8,52861,52976.8,1,0,16.2,2.9
T-VH-1020-21,VH-1020,DR-211,Polokwane DC,2026-05-22,150.7,163.4,53166,53329.4,0,1,8.7,3.7
T-VH-1004-10,VH-1004,DR-200,Nelspruit DC,2026-05-11,104.9,112.8,51501,51613.8,1,0,2.3,3.0
T-VH-1003-76,VH-1003,DR-227,Nelspruit DC,2026-07-16,168.7,179.7,61415,61594.7,1,1,16.5,4.2
T-VH-1022-85,VH-1022,DR-211,Pretoria DC,2026-07-25,296.5,296.8,62769,63065.8,1,0,28.5,5.1
T-VH-1021-54,VH-1021,DR-227,Nelspruit DC,2026-06-24,241.4,245.8,58090,58335.8,0,1,25.7,3.2
T-VH-1001-119,VH-1001,DR-208,Johannesburg DC,2026-08-28,122.4,124.5,67853,67977.5,3,2,62.2,31.1
T-VH-1024-19,VH-1024,DR-208,Polokwane DC,2026-05-20,121.5,125.7,52849,52974.7,1,0,22.3,0.4
T-VH-1024-81,VH-1024,DR-208,Polokwane DC,2026-07-21,100.0,102.1,62132,62234.1,0,1,3.9,0.7
T-VH-1024-95,VH-1024,DR-208,Polokwane DC,2026-08-04,31.9,33.0,64236,64269.0,1,0,12.9,0.0
T-VH-1010-25,VH-1010,DR-210,Pretoria DC,2026-05-26,264.7,281.1,53768,54049.1,1,1,30.7,0.3
T-VH-1010-47,VH-1010,DR-210,Pretoria DC,2026-06-17,102.9,109.0,57060,57169.0,1,0,2.4,0.8
T-VH-1005-7,VH-1005,DR-224,Polokwane DC,2026-05-08,252.0,263.8,51056,51319.8,0,2,20.5,1.8
T-VH-1001-80,VH-1001,DR-208,Johannesburg DC,2026-07-20,82.5,91.1,61986,62077.1,5,6,55.4,22.8
T-VH-1013-55,VH-1013,DR-206,Johannesburg DC,2026-06-25,116.7,120.2,58236,58356.2,1,1,7.0,1.2
T-VH-1004-39,VH-1004,DR-200,Nelspruit DC,2026-06-09,199.5,210.3,55864,56074.3,0,1,27.8,0.3
T-VH-1007-110,VH-1007,DR-205,Pretoria DC,2026-08-19,168.8,178.5,66487,66665.5,1,2,30.2,2.7
T-VH-1004-27,VH-1004,DR-200,Nelspruit DC,2026-05-28,187.2,197.1,54062,54259.1,1,0,13.5,4.5
T-VH-1009-76,VH-1009,DR-213,Nelspruit DC,2026-07-16,174.9,176.9,61401,61577.9,2,0,33.6,3.1
T-VH-1020-55,VH-1020,DR-211,Polokwane DC,2026-06-25,112.6,120.2,58235,58355.2,2,1,9.0,0.1
T-VH-1008-29,VH-1008,DR-222,Polokwane DC,2026-05-30,137.7,138.4,54366,54504.4,0,0,14.3,2.1
T-VH-1008-77,VH-1008,DR-222,Polokwane DC,2026-07-17,139.6,143.5,61535,61678.5,0,4,20.9,3.9
T-VH-1024-91,VH-1024,DR-208,Polokwane DC,2026-07-31,158.5,158.9,63657,63815.9,0,1,10.7,4.4
T-VH-1010-84,VH-1010,DR-210,Pretoria DC,2026-07-24,264.1,270.4,62617,62887.4,0,2,24.4,0.9
T-VH-1004-103,VH-1004,DR-200,Nelspruit DC,2026-08-12,193.6,206.1,65432,65638.1,1,4,-2.3,6.1
T-VH-1014-5,VH-1014,DR-224,Nelspruit DC,2026-05-06,221.9,229.2,50732,50961.2,5,2,38.1,57.3
T-VH-1000-28,VH-1000,DR-218,Pretoria DC,2026-05-29,273.1,284.9,54209,54493.9,1,1,17.5,8.1
T-VH-1011-48,VH-1011,DR-208,Polokwane DC,2026-06-18,181.9,183.7,57206,57389.7,2,1,10.1,3.7
T-VH-1018-50,VH-1018,DR-212,Nelspruit DC,2026-06-20,112.0,114.8,57510,57624.8,0,1,36.3,0.8
T-VH-1022-116,VH-1022,DR-211,Pretoria DC,2026-08-25,202.6,220.6,67401,67621.6,1,1,0.7,1.1
T-VH-1002-53,VH-1002,DR-225,Pretoria DC,2026-06-23,190.3,204.9,57951,58155.9,0,1,15.1,5.5
T-VH-1020-80,VH-1020,DR-211,Polokwane DC,2026-07-20,96.9,105.3,61986,62091.3,3,2,23.6,0.7
T-VH-1007-36,VH-1007,DR-205,Pretoria DC,2026-06-06,211.2,216.2,55400,55616.2,1,0,19.6,5.4
T-VH-1004-64,VH-1004,DR-200,Nelspruit DC,2026-07-04,150.1,163.3,59603,59766.3,0,1,22.8,1.5
T-VH-1004-53,VH-1004,DR-200,Nelspruit DC,2026-06-23,204.3,211.2,57955,58166.2,0,0,25.0,2.1
T-VH-1019-22,VH-1019,DR-203,Nelspruit DC,2026-05-23,199.6,209.1,53310,53519.1,0,1,18.0,5.4
T-VH-1007-1,VH-1007,DR-205,Pretoria DC,2026-05-02,79.3,83.2,50142,50225.2,1,1,16.7,0.1
T-VH-1007-68,VH-1007,DR-205,Pretoria DC,2026-07-08,153.7,163.3,60209,60372.3,0,0,13.6,4.3
T-VH-1013-84,VH-1013,DR-206,Johannesburg DC,2026-07-24,153.1,165.2,62616,62781.2,1,2,15.1,1.8
T-VH-1011-57,VH-1011,DR-208,Polokwane DC,2026-06-27,242.3,248.2,58570,58818.2,0,0,23.0,6.7
T-VH-1005-117,VH-1005,DR-224,Polokwane DC,2026-08-26,240.7,252.2,67564,67816.2,0,1,-4.9,7.1
T-VH-1020-112,VH-1020,DR-211,Polokwane DC,2026-08-21,226.7,235.7,66801,67036.7,1,0,16.7,0.9
T-VH-1010-15,VH-1010,DR-210,Pretoria DC,2026-05-16,116.2,124.5,52261,52385.5,0,1,28.6,0.8
T-VH-1008-41,VH-1008,DR-222,Polokwane DC,2026-06-11,81.8,90.3,56142,56232.3,0,0,22.9,0.4
T-VH-1019-53,VH-1019,DR-203,Nelspruit DC,2026-06-23,131.8,135.7,57959,58094.7,1,1,9.1,2.7
T-VH-1009-31,VH-1009,DR-213,Nelspruit DC,2026-06-01,151.7,164.5,54663,54827.5,1,0,17.3,0.4
T-VH-1011-53,VH-1011,DR-208,Polokwane DC,2026-06-23,262.7,265.0,57965,58230.0,0,0,23.0,2.1
T-VH-1002-111,VH-1002,DR-225,Pretoria DC,2026-08-20,152.5,164.9,66657,66821.9,1,2,17.2,4.3
T-VH-1004-43,VH-1004,DR-200,Nelspruit DC,2026-06-13,279.6,293.9,56455,56748.9,1,0,18.3,5.1
T-VH-1005-62,VH-1005,DR-224,Polokwane DC,2026-07-02,126.2,139.5,59306,59445.5,0,0,19.3,2.1
T-VH-1020-19,VH-1020,DR-211,Polokwane DC,2026-05-20,239.6,240.4,52856,53096.4,0,2,12.3,0.6
T-VH-1016-43,VH-1016,DR-203,Nelspruit DC,2026-06-13,290.3,306.3,56444,56750.3,1,1,23.9,8.4
T-VH-1010-48,VH-1010,DR-210,Pretoria DC,2026-06-18,115.5,125.5,57219,57344.5,1,0,22.3,1.2
T-VH-1022-103,VH-1022,DR-211,Pretoria DC,2026-08-12,298.0,308.3,65433,65741.3,2,2,22.6,6.5
T-VH-1009-20,VH-1009,DR-213,Nelspruit DC,2026-05-21,58.0,58.5,52983,53041.5,0,0,9.7,1.2
T-VH-1021-88,VH-1021,DR-227,Nelspruit DC,2026-07-28,106.5,107.0,63192,63299.0,2,2,18.7,1.7
T-VH-1005-63,VH-1005,DR-224,Polokwane DC,2026-07-03,190.0,202.4,59467,59669.4,2,2,17.1,5.1
T-VH-1005-110,VH-1005,DR-224,Polokwane DC,2026-08-19,84.6,87.8,66480,66567.8,1,1,19.9,0.9
T-VH-1008-59,VH-1008,DR-222,Polokwane DC,2026-06-29,51.1,55.7,58853,58908.7,0,3,21.1,1.2
T-VH-1017-89,VH-1017,DR-202,Polokwane DC,2026-07-29,175.7,179.0,63368,63547.0,3,5,42.2,44.7
T-VH-1014-116,VH-1014,DR-224,Nelspruit DC,2026-08-25,241.6,252.0,67382,67634.0,4,4,38.2,63.0
T-VH-1010-35,VH-1010,DR-210,Pretoria DC,2026-06-05,199.1,207.1,55242,55449.1,0,1,20.4,2.5
T-VH-1016-103,VH-1016,DR-203,Nelspruit DC,2026-08-12,190.4,194.5,65463,65657.5,1,1,22.0,0.8
T-VH-1015-41,VH-1015,DR-210,Johannesburg DC,2026-06-11,230.3,230.7,56146,56376.7,0,0,11.2,0.6
T-VH-1007-34,VH-1007,DR-205,Pretoria DC,2026-06-04,34.8,36.7,55100,55136.7,1,1,40.7,0.1
T-VH-1006-73,VH-1006,DR-225,Pretoria DC,2026-07-13,158.4,161.6,60949,61110.6,1,1,9.7,4.1
T-VH-1009-108,VH-1009,DR-213,Nelspruit DC,2026-08-17,231.3,233.4,66207,66440.4,0,0,11.8,0.7
T-VH-1022-7,VH-1022,DR-211,Pretoria DC,2026-05-08,173.6,183.9,51039,51222.9,0,1,35.3,0.8
T-VH-1014-60,VH-1014,DR-224,Nelspruit DC,2026-06-30,159.8,166.6,59008,59174.6,5,2,37.9,41.7
T-VH-1021-49,VH-1021,DR-227,Nelspruit DC,2026-06-19,158.9,168.8,57346,57514.8,1,0,28.3,4.8
T-VH-1023-115,VH-1023,DR-219,Polokwane DC,2026-08-24,190.1,200.8,67246,67446.8,10,1,41.0,50.2
T-VH-1007-84,VH-1007,DR-205,Pretoria DC,2026-07-24,164.9,175.3,62590,62765.3,2,0,24.7,0.8
T-VH-1024-105,VH-1024,DR-208,Polokwane DC,2026-08-14,94.2,104.5,65732,65836.5,2,0,17.9,1.7
T-VH-1020-57,VH-1020,DR-211,Polokwane DC,2026-06-27,165.2,166.2,58559,58725.2,1,2,25.9,0.9
T-VH-1017-17,VH-1017,DR-202,Polokwane DC,2026-05-18,139.0,152.2,52560,52712.2,3,2,37.4,38.1
T-VH-1002-74,VH-1002,DR-225,Pretoria DC,2026-07-14,213.9,220.9,61082,61302.9,1,1,28.8,2.0
T-VH-1019-36,VH-1019,DR-203,Nelspruit DC,2026-06-06,147.5,159.3,55384,55543.3,0,0,24.5,0.3
T-VH-1014-70,VH-1014,DR-224,Nelspruit DC,2026-07-10,256.6,265.5,60516,60781.5,4,3,33.8,66.4
T-VH-1003-96,VH-1003,DR-227,Nelspruit DC,2026-08-05,237.0,246.4,64410,64656.4,0,2,0.8,6.2
T-VH-1024-71,VH-1024,DR-208,Polokwane DC,2026-07-11,151.0,166.4,60638,60804.4,1,0,16.4,2.8
T-VH-1011-71,VH-1011,DR-208,Polokwane DC,2026-07-11,155.8,168.5,60657,60825.5,0,0,22.0,3.2
T-VH-1018-67,VH-1018,DR-212,Nelspruit DC,2026-07-07,156.6,167.1,60043,60210.1,0,0,17.0,1.5
T-VH-1002-33,VH-1002,DR-225,Pretoria DC,2026-06-03,121.7,122.8,54944,55066.8,1,1,8.7,0.8
T-VH-1016-88,VH-1016,DR-203,Nelspruit DC,2026-07-28,142.4,152.0,63211,63363.0,3,0,9.3,1.5
T-VH-1016-39,VH-1016,DR-203,Nelspruit DC,2026-06-09,129.8,137.8,55834,55971.8,0,0,37.0,1.4
T-VH-1004-68,VH-1004,DR-200,Nelspruit DC,2026-07-08,230.5,241.5,60195,60436.5,2,2,29.8,2.7
T-VH-1023-105,VH-1023,DR-219,Polokwane DC,2026-08-14,81.8,84.7,65761,65845.7,2,0,39.4,21.2
T-VH-1000-76,VH-1000,DR-218,Pretoria DC,2026-07-16,161.2,176.7,61414,61590.7,0,0,21.4,0.4
T-VH-1016-14,VH-1016,DR-203,Nelspruit DC,2026-05-15,78.9,83.7,52092,52175.7,1,1,7.1,1.8
T-VH-1000-67,VH-1000,DR-218,Pretoria DC,2026-07-07,62.7,63.6,60057,60120.6,0,0,30.0,1.8
T-VH-1010-4,VH-1010,DR-210,Pretoria DC,2026-05-05,214.4,229.4,50595,50824.4,0,1,17.4,1.0
T-VH-1002-87,VH-1002,DR-225,Pretoria DC,2026-07-27,136.6,150.1,63064,63214.1,0,0,18.6,3.4
T-VH-1014-62,VH-1014,DR-224,Nelspruit DC,2026-07-02,225.1,249.5,59305,59554.5,4,3,45.9,62.4
T-VH-1012-53,VH-1012,DR-204,Pretoria DC,2026-06-23,180.8,188.1,57965,58153.1,0,1,17.2,2.9
T-VH-1010-42,VH-1010,DR-210,Pretoria DC,2026-06-12,183.2,186.4,56296,56482.4,0,1,19.4,1.3
T-VH-1019-108,VH-1019,DR-203,Nelspruit DC,2026-08-17,91.5,94.0,66181,66275.0,0,0,22.7,1.9
T-VH-1015-11,VH-1015,DR-210,Johannesburg DC,2026-05-12,205.7,225.5,51653,51878.5,1,1,26.4,0.1
T-VH-1023-95,VH-1023,DR-219,Polokwane DC,2026-08-04,202.4,223.7,64236,64459.7,5,3,42.2,55.9
T-VH-1012-47,VH-1012,DR-204,Pretoria DC,2026-06-17,140.8,144.5,57042,57186.5,0,0,19.1,0.8
T-VH-1001-41,VH-1001,DR-208,Johannesburg DC,2026-06-11,104.7,108.7,56151,56259.7,4,3,53.2,27.2
T-VH-1013-45,VH-1013,DR-206,Johannesburg DC,2026-06-15,185.5,200.4,56755,56955.4,0,2,19.0,4.9
T-VH-1018-113,VH-1018,DR-212,Nelspruit DC,2026-08-22,182.2,195.7,66956,67151.7,1,1,35.3,4.5
T-VH-1022-89,VH-1022,DR-211,Pretoria DC,2026-07-29,254.2,278.4,63337,63615.4,2,1,20.0,6.8
T-VH-1009-96,VH-1009,DR-213,Nelspruit DC,2026-08-05,221.8,228.3,64405,64633.3,0,0,15.4,3.7
T-VH-1011-18,VH-1011,DR-208,Polokwane DC,2026-05-19,153.7,165.8,52685,52850.8,0,0,8.9,1.7
T-VH-1006-10,VH-1006,DR-225,Pretoria DC,2026-05-11,214.3,234.0,51505,51739.0,1,3,19.0,1.8
T-VH-1011-14,VH-1011,DR-208,Polokwane DC,2026-05-15,100.0,100.3,52110,52210.3,0,0,28.9,1.3
T-VH-1009-52,VH-1009,DR-213,Nelspruit DC,2026-06-22,229.6,248.8,57782,58030.8,0,1,44.6,2.1
T-VH-1006-56,VH-1006,DR-225,Pretoria DC,2026-06-26,268.9,270.9,58394,58664.9,1,5,19.7,6.8
T-VH-1005-17,VH-1005,DR-224,Polokwane DC,2026-05-18,248.4,259.7,52570,52829.7,2,2,30.9,3.4
T-VH-1005-6,VH-1005,DR-224,Polokwane DC,2026-05-07,252.1,259.0,50898,51157.0,0,0,41.8,1.9
T-VH-1016-102,VH-1016,DR-203,Nelspruit DC,2026-08-11,255.7,266.8,65314,65580.8,0,1,30.5,5.2
T-VH-1023-8,VH-1023,DR-219,Polokwane DC,2026-05-09,318.8,333.5,51203,51536.5,5,1,65.1,83.4
T-VH-1003-0,VH-1003,DR-227,Nelspruit DC,2026-05-01,176.6,184.1,50000,50184.1,0,1,14.0,3.8
T-VH-1000-106,VH-1000,DR-218,Pretoria DC,2026-08-15,119.2,131.3,65894,66025.3,1,0,40.1,3.5
T-VH-1002-67,VH-1002,DR-225,Pretoria DC,2026-07-07,238.3,261.9,60033,60294.9,0,0,27.8,4.4
T-VH-1021-1,VH-1021,DR-227,Nelspruit DC,2026-05-02,197.3,216.8,50162,50378.8,0,1,25.6,0.5
T-VH-1007-6,VH-1007,DR-205,Pretoria DC,2026-05-07,167.7,182.3,50888,51070.3,1,0,17.4,4.7
T-VH-1002-36,VH-1002,DR-225,Pretoria DC,2026-06-06,132.7,144.8,55389,55533.8,1,0,15.8,1.4
T-VH-1004-81,VH-1004,DR-200,Nelspruit DC,2026-07-21,171.8,189.1,62147,62336.1,1,1,14.9,1.3
T-VH-1013-24,VH-1013,DR-206,Johannesburg DC,2026-05-25,125.5,133.6,53615,53748.6,1,0,32.3,3.5
T-VH-1005-71,VH-1005,DR-224,Polokwane DC,2026-07-11,217.9,230.1,60630,60860.1,1,0,10.6,5.7
T-VH-1019-12,VH-1019,DR-203,Nelspruit DC,2026-05-13,100.0,100.3,51809,51909.3,3,0,32.4,2.4
T-VH-1021-14,VH-1021,DR-227,Nelspruit DC,2026-05-15,194.0,198.2,52118,52316.2,1,0,13.9,2.6
T-VH-1023-61,VH-1023,DR-219,Polokwane DC,2026-07-01,210.7,224.4,59142,59366.4,3,1,64.8,56.1
T-VH-1018-3,VH-1018,DR-212,Nelspruit DC,2026-05-04,138.3,150.8,50462,50612.8,1,1,11.4,4.4
T-VH-1000-96,VH-1000,DR-218,Pretoria DC,2026-08-05,143.4,151.9,64419,64570.9,2,2,13.1,3.0
T-VH-1007-73,VH-1007,DR-205,Pretoria DC,2026-07-13,214.1,230.6,60965,61195.6,0,0,23.7,6.1
T-VH-1001-76,VH-1001,DR-208,Johannesburg DC,2026-07-16,160.0,160.6,61399,61559.6,3,2,28.8,40.1
T-VH-1018-0,VH-1018,DR-212,Nelspruit DC,2026-05-01,252.0,264.3,50011,50275.3,0,1,37.1,0.1
T-VH-1006-26,VH-1006,DR-225,Pretoria DC,2026-05-27,140.5,146.0,53899,54045.0,1,0,12.5,1.8
T-VH-1017-1,VH-1017,DR-202,Polokwane DC,2026-05-02,138.7,142.2,50132,50274.2,5,5,45.1,35.6
T-VH-1007-38,VH-1007,DR-205,Pretoria DC,2026-06-08,196.4,210.3,55694,55904.3,0,0,46.4,2.3
T-VH-1010-28,VH-1010,DR-210,Pretoria DC,2026-05-29,159.9,174.7,54219,54393.7,1,2,20.2,0.4
T-VH-1017-38,VH-1017,DR-202,Polokwane DC,2026-06-08,80.6,87.2,55696,55783.2,2,5,31.4,21.8
T-VH-1024-67,VH-1024,DR-208,Polokwane DC,2026-07-07,73.0,79.8,60053,60132.8,3,0,20.7,1.3
T-VH-1016-96,VH-1016,DR-203,Nelspruit DC,2026-08-05,255.4,267.0,64409,64676.0,0,0,14.5,2.9
T-VH-1023-56,VH-1023,DR-219,Polokwane DC,2026-06-26,228.8,229.7,58414,58643.7,3,0,42.3,57.4
T-VH-1023-117,VH-1023,DR-219,Polokwane DC,2026-08-26,183.4,188.9,67568,67756.9,1,2,45.8,47.2
T-VH-1017-29,VH-1017,DR-202,Polokwane DC,2026-05-30,156.6,165.9,54340,54505.9,4,4,38.1,41.5
T-VH-1008-4,VH-1008,DR-222,Polokwane DC,2026-05-05,127.0,132.6,50590,50722.6,1,3,45.4,1.6
T-VH-1018-36,VH-1018,DR-212,Nelspruit DC,2026-06-06,231.7,257.4,55411,55668.4,1,0,12.8,0.8
T-VH-1000-24,VH-1000,DR-218,Pretoria DC,2026-05-25,140.1,153.4,53596,53749.4,0,0,29.8,2.8
T-VH-1009-28,VH-1009,DR-213,Nelspruit DC,2026-05-29,181.0,182.3,54207,54389.3,2,1,12.1,3.7
T-VH-1008-24,VH-1008,DR-222,Polokwane DC,2026-05-25,130.0,132.0,53609,53741.0,0,3,24.3,1.6
T-VH-1008-118,VH-1008,DR-222,Polokwane DC,2026-08-27,134.7,141.9,67687,67828.9,0,2,15.5,2.7
T-VH-1017-27,VH-1017,DR-202,Polokwane DC,2026-05-28,121.0,129.0,54054,54183.0,1,3,39.2,32.3
T-VH-1003-90,VH-1003,DR-227,Nelspruit DC,2026-07-30,156.4,167.4,63513,63680.4,1,1,21.3,0.0
T-VH-1018-76,VH-1018,DR-212,Nelspruit DC,2026-07-16,155.3,166.3,61387,61553.3,0,0,15.3,3.9
T-VH-1005-67,VH-1005,DR-224,Polokwane DC,2026-07-07,122.0,123.3,60062,60185.3,3,1,21.6,3.1
T-VH-1002-50,VH-1002,DR-225,Pretoria DC,2026-06-20,206.2,219.3,57509,57728.3,0,2,21.1,4.9
T-VH-1015-29,VH-1015,DR-210,Johannesburg DC,2026-05-30,235.9,252.0,54331,54583.0,1,2,27.9,5.4
T-VH-1010-18,VH-1010,DR-210,Pretoria DC,2026-05-19,172.1,190.0,52714,52904.0,0,0,27.0,3.8
T-VH-1021-36,VH-1021,DR-227,Nelspruit DC,2026-06-06,73.2,73.6,55412,55485.6,0,1,18.5,0.4
T-VH-1015-110,VH-1015,DR-210,Johannesburg DC,2026-08-19,218.2,231.8,66516,66747.8,0,1,25.0,4.6
T-VH-1012-66,VH-1012,DR-204,Pretoria DC,2026-07-06,75.2,82.9,59892,59974.9,0,0,9.7,0.2
T-VH-1002-63,VH-1002,DR-225,Pretoria DC,2026-07-03,210.8,229.6,59448,59677.6,1,0,19.2,0.5
T-VH-1024-17,VH-1024,DR-208,Polokwane DC,2026-05-18,202.5,206.7,52569,52775.7,0,0,10.0,3.5
T-VH-1022-17,VH-1022,DR-211,Pretoria DC,2026-05-18,57.1,62.1,52562,52624.1,1,1,23.4,0.9
T-VH-1023-108,VH-1023,DR-219,Polokwane DC,2026-08-17,98.9,108.7,66194,66302.7,10,3,57.9,27.2
T-VH-1004-60,VH-1004,DR-200,Nelspruit DC,2026-06-30,121.8,125.2,59014,59139.2,1,1,31.1,3.7
T-VH-1012-19,VH-1012,DR-204,Pretoria DC,2026-05-20,60.2,64.1,52868,52932.1,1,2,18.3,0.5
T-VH-1006-59,VH-1006,DR-225,Pretoria DC,2026-06-29,195.7,200.1,58853,59053.1,0,1,10.4,0.9
T-VH-1002-47,VH-1002,DR-225,Pretoria DC,2026-06-17,231.1,247.7,57041,57288.7,0,1,12.1,6.9
T-VH-1004-110,VH-1004,DR-200,Nelspruit DC,2026-08-19,126.2,127.4,66493,66620.4,1,0,25.5,1.2
T-VH-1020-85,VH-1020,DR-211,Polokwane DC,2026-07-25,110.1,114.0,62762,62876.0,0,1,5.6,0.1
T-VH-1013-32,VH-1013,DR-206,Johannesburg DC,2026-06-02,72.0,75.2,54805,54880.2,1,0,18.2,0.4
T-VH-1021-110,VH-1021,DR-227,Nelspruit DC,2026-08-19,210.2,220.5,66515,66735.5,1,0,30.9,2.1
T-VH-1006-84,VH-1006,DR-225,Pretoria DC,2026-07-24,157.7,168.5,62611,62779.5,0,3,11.2,5.0
T-VH-1017-36,VH-1017,DR-202,Polokwane DC,2026-06-06,179.9,181.3,55420,55601.3,0,3,43.5,45.3
T-VH-1022-110,VH-1022,DR-211,Pretoria DC,2026-08-19,201.8,216.0,66500,66716.0,3,2,24.0,3.6
T-VH-1012-52,VH-1012,DR-204,Pretoria DC,2026-06-22,232.3,256.5,57802,58058.5,1,1,12.8,0.6
T-VH-1007-14,VH-1007,DR-205,Pretoria DC,2026-05-15,211.5,221.0,52111,52332.0,2,1,2.2,2.0
T-VH-1004-76,VH-1004,DR-200,Nelspruit DC,2026-07-16,178.2,181.9,61392,61573.9,0,0,-0.3,2.2
T-VH-1021-55,VH-1021,DR-227,Nelspruit DC,2026-06-25,148.9,155.6,58241,58396.6,0,1,3.9,4.3
T-VH-1009-92,VH-1009,DR-213,Nelspruit DC,2026-08-01,248.7,270.5,63809,64079.5,1,0,27.4,4.0
T-VH-1012-32,VH-1012,DR-204,Pretoria DC,2026-06-02,187.9,190.5,54799,54989.5,2,0,24.8,1.7
T-VH-1018-5,VH-1018,DR-212,Nelspruit DC,2026-05-06,265.3,273.9,50767,51040.9,0,0,7.7,6.5
T-VH-1022-111,VH-1022,DR-211,Pretoria DC,2026-08-20,227.3,249.3,66633,66882.3,1,1,43.2,3.8
T-VH-1011-46,VH-1011,DR-208,Polokwane DC,2026-06-16,256.6,262.3,56884,57146.3,0,2,-0.5,4.4
T-VH-1018-12,VH-1018,DR-212,Nelspruit DC,2026-05-13,165.8,166.4,51785,51951.4,0,1,35.7,3.5
T-VH-1013-61,VH-1013,DR-206,Johannesburg DC,2026-07-01,164.8,166.3,59149,59315.3,1,1,20.4,0.4
T-VH-1013-19,VH-1013,DR-206,Johannesburg DC,2026-05-20,164.4,169.8,52858,53027.8,0,0,2.5,2.0
T-VH-1004-14,VH-1004,DR-200,Nelspruit DC,2026-05-15,168.5,179.7,52110,52289.7,0,2,19.4,1.3
T-VH-1008-92,VH-1008,DR-222,Polokwane DC,2026-08-01,145.2,146.7,63793,63939.7,0,1,14.9,4.3
T-VH-1013-91,VH-1013,DR-206,Johannesburg DC,2026-07-31,121.7,124.5,63657,63781.5,1,1,38.3,0.0
T-VH-1001-40,VH-1001,DR-208,Johannesburg DC,2026-06-10,194.2,204.1,56018,56222.1,3,4,37.1,51.0
T-VH-1014-52,VH-1014,DR-224,Nelspruit DC,2026-06-22,149.2,162.2,57808,57970.2,4,6,54.0,40.6
T-VH-1023-94,VH-1023,DR-219,Polokwane DC,2026-08-03,222.8,227.1,64085,64312.1,2,5,35.3,56.8
T-VH-1017-15,VH-1017,DR-202,Polokwane DC,2026-05-16,41.0,45.2,52266,52311.2,5,2,39.4,11.3
T-VH-1021-78,VH-1021,DR-227,Nelspruit DC,2026-07-18,184.5,197.3,61699,61896.3,1,3,4.6,0.2
T-VH-1013-74,VH-1013,DR-206,Johannesburg DC,2026-07-14,80.7,84.5,61108,61192.5,0,1,14.7,2.2
T-VH-1004-41,VH-1004,DR-200,Nelspruit DC,2026-06-11,124.6,128.2,56154,56282.2,0,0,5.8,2.2
T-VH-1013-89,VH-1013,DR-206,Johannesburg DC,2026-07-29,215.6,216.0,63350,63566.0,2,0,-1.7,5.1
T-VH-1011-5,VH-1011,DR-208,Polokwane DC,2026-05-06,141.6,143.2,50754,50897.2,3,1,2.5,1.1
T-VH-1023-67,VH-1023,DR-219,Polokwane DC,2026-07-07,195.6,198.0,60062,60260.0,5,10,49.6,49.5
T-VH-1018-28,VH-1018,DR-212,Nelspruit DC,2026-05-29,289.0,290.0,54191,54481.0,0,0,-0.4,2.1
T-VH-1013-52,VH-1013,DR-206,Johannesburg DC,2026-06-22,158.2,163.0,57799,57962.0,2,1,27.9,0.8
T-VH-1011-56,VH-1011,DR-208,Polokwane DC,2026-06-26,168.0,172.3,58407,58579.3,0,0,15.6,2.0
T-VH-1021-89,VH-1021,DR-227,Nelspruit DC,2026-07-29,122.5,134.7,63339,63473.7,0,1,14.4,4.0
T-VH-1006-74,VH-1006,DR-225,Pretoria DC,2026-07-14,204.7,210.4,61101,61311.4,0,0,27.7,6.2
T-VH-1011-6,VH-1011,DR-208,Polokwane DC,2026-05-07,162.3,170.6,50916,51086.6,0,1,23.7,1.3
T-VH-1014-96,VH-1014,DR-224,Nelspruit DC,2026-08-05,66.8,72.1,64385,64457.1,6,4,43.6,18.0
T-VH-1021-116,VH-1021,DR-227,Nelspruit DC,2026-08-25,96.9,97.5,67410,67507.5,0,0,18.2,0.3
T-VH-1010-12,VH-1010,DR-210,Pretoria DC,2026-05-13,126.5,135.3,51790,51925.3,0,2,18.6,3.9
T-VH-1006-6,VH-1006,DR-225,Pretoria DC,2026-05-07,198.4,205.4,50883,51088.4,1,1,14.3,6.1
T-VH-1006-119,VH-1006,DR-225,Pretoria DC,2026-08-28,154.1,162.7,67866,68028.7,0,1,27.2,0.4
T-VH-1000-40,VH-1000,DR-218,Pretoria DC,2026-06-10,240.6,256.0,55998,56254.0,1,0,8.2,1.3
T-VH-1015-32,VH-1015,DR-210,Johannesburg DC,2026-06-02,114.2,126.1,54798,54924.1,0,1,19.8,1.2
T-VH-1004-11,VH-1004,DR-200,Nelspruit DC,2026-05-12,149.4,152.0,51668,51820.0,1,0,20.4,4.1
T-VH-1015-10,VH-1015,DR-210,Johannesburg DC,2026-05-11,175.7,185.0,51511,51696.0,0,2,21.1,1.6
T-VH-1010-101,VH-1010,DR-210,Pretoria DC,2026-08-10,168.0,182.5,65166,65348.5,0,0,31.3,3.9
T-VH-1021-104,VH-1021,DR-227,Nelspruit DC,2026-08-13,247.9,262.2,65598,65860.2,2,0,25.4,3.8
T-VH-1003-43,VH-1003,DR-227,Nelspruit DC,2026-06-13,125.5,133.5,56448,56581.5,1,1,16.0,0.3
T-VH-1001-66,VH-1001,DR-208,Johannesburg DC,2026-07-06,209.9,212.2,59913,60125.2,6,0,34.3,53.1
T-VH-1019-73,VH-1019,DR-203,Nelspruit DC,2026-07-13,213.8,235.2,60965,61200.2,2,0,49.5,6.4
T-VH-1004-70,VH-1004,DR-200,Nelspruit DC,2026-07-10,180.9,198.3,60503,60701.3,1,1,35.3,4.4
T-VH-1018-10,VH-1018,DR-212,Nelspruit DC,2026-05-11,147.1,155.8,51497,51652.8,1,2,24.2,4.5
T-VH-1008-104,VH-1008,DR-222,Polokwane DC,2026-08-13,283.1,292.5,65592,65884.5,3,0,13.9,3.4
T-VH-1012-18,VH-1012,DR-204,Pretoria DC,2026-05-19,263.0,282.8,52714,52996.8,1,0,1.5,1.0
T-VH-1014-38,VH-1014,DR-224,Nelspruit DC,2026-06-08,150.5,159.2,55703,55862.2,3,3,36.9,39.8
T-VH-1015-38,VH-1015,DR-210,Johannesburg DC,2026-06-08,227.7,231.4,55715,55946.4,0,1,20.3,4.7
T-VH-1008-66,VH-1008,DR-222,Polokwane DC,2026-07-06,165.3,168.8,59916,60084.8,1,1,17.9,3.9
T-VH-1012-60,VH-1012,DR-204,Pretoria DC,2026-06-30,56.2,61.4,59011,59072.4,0,1,21.2,1.3
T-VH-1022-22,VH-1022,DR-211,Pretoria DC,2026-05-23,211.5,219.3,53314,53533.3,0,1,7.4,0.3
T-VH-1012-29,VH-1012,DR-204,Pretoria DC,2026-05-30,235.1,243.8,54333,54576.8,4,1,25.9,1.2
T-VH-1020-13,VH-1020,DR-211,Polokwane DC,2026-05-14,176.7,179.3,51956,52135.3,0,0,9.7,0.4
T-VH-1008-45,VH-1008,DR-222,Polokwane DC,2026-06-15,102.8,106.3,56749,56855.3,1,1,4.9,1.7
T-VH-1007-63,VH-1007,DR-205,Pretoria DC,2026-07-03,125.4,132.4,59460,59592.4,0,0,13.1,3.4
T-VH-1022-38,VH-1022,DR-211,Pretoria DC,2026-06-08,246.8,263.4,55717,55980.4,1,0,17.4,5.4
T-VH-1016-81,VH-1016,DR-203,Nelspruit DC,2026-07-21,202.0,216.0,62141,62357.0,1,0,20.8,0.6
T-VH-1006-63,VH-1006,DR-225,Pretoria DC,2026-07-03,147.1,150.9,59431,59581.9,1,1,16.7,0.7
T-VH-1016-12,VH-1016,DR-203,Nelspruit DC,2026-05-13,63.9,70.0,51820,51890.0,1,1,20.0,0.1
T-VH-1023-13,VH-1023,DR-219,Polokwane DC,2026-05-14,111.9,114.9,51940,52054.9,3,3,33.5,28.7
T-VH-1006-25,VH-1006,DR-225,Pretoria DC,2026-05-26,260.5,261.1,53737,53998.1,0,1,18.0,7.4
T-VH-1015-0,VH-1015,DR-210,Johannesburg DC,2026-05-01,216.4,220.4,50020,50240.4,1,1,5.4,1.5
T-VH-1021-61,VH-1021,DR-227,Nelspruit DC,2026-07-01,108.0,120.0,59162,59282.0,0,2,14.7,0.6
T-VH-1003-25,VH-1003,DR-227,Nelspruit DC,2026-05-26,144.2,156.7,53732,53888.7,1,1,19.4,3.8
T-VH-1021-112,VH-1021,DR-227,Nelspruit DC,2026-08-21,223.7,227.9,66800,67027.9,0,1,33.4,1.4
T-VH-1021-43,VH-1021,DR-227,Nelspruit DC,2026-06-13,144.3,152.6,56454,56606.6,1,2,9.5,0.7
T-VH-1001-97,VH-1001,DR-208,Johannesburg DC,2026-08-06,243.8,249.2,64551,64800.2,2,1,37.3,62.3
T-VH-1014-94,VH-1014,DR-224,Nelspruit DC,2026-08-03,224.1,234.8,64103,64337.8,3,2,58.6,58.7
T-VH-1015-112,VH-1015,DR-210,Johannesburg DC,2026-08-21,200.7,205.6,66791,66996.6,1,0,31.3,2.8
T-VH-1018-70,VH-1018,DR-212,Nelspruit DC,2026-07-10,212.3,224.1,60489,60713.1,1,1,32.1,1.1
T-VH-1022-102,VH-1022,DR-211,Pretoria DC,2026-08-11,58.4,59.1,65290,65349.1,0,1,21.5,1.5
T-VH-1020-82,VH-1020,DR-211,Polokwane DC,2026-07-22,159.5,167.8,62301,62468.8,1,1,29.6,2.0
T-VH-1001-71,VH-1001,DR-208,Johannesburg DC,2026-07-11,62.1,64.2,60649,60713.2,0,1,47.5,16.1
T-VH-1024-47,VH-1024,DR-208,Polokwane DC,2026-06-17,184.5,199.3,57069,57268.3,1,0,27.2,1.6
T-VH-1022-57,VH-1022,DR-211,Pretoria DC,2026-06-27,159.6,160.1,58530,58690.1,0,1,24.5,3.8
T-VH-1011-97,VH-1011,DR-208,Polokwane DC,2026-08-06,268.4,287.4,64547,64834.4,0,0,12.0,0.1
T-VH-1019-99,VH-1019,DR-203,Nelspruit DC,2026-08-08,193.3,204.4,64840,65044.4,0,3,30.6,0.8
T-VH-1021-109,VH-1021,DR-227,Nelspruit DC,2026-08-18,297.8,306.7,66344,66650.7,2,0,13.0,3.0
T-VH-1000-7,VH-1000,DR-218,Pretoria DC,2026-05-08,79.4,81.3,51066,51147.3,3,0,27.3,0.0
T-VH-1005-43,VH-1005,DR-224,Polokwane DC,2026-06-13,229.5,251.2,56441,56692.2,0,0,14.3,5.4
T-VH-1001-108,VH-1001,DR-208,Johannesburg DC,2026-08-17,289.5,293.8,66182,66475.8,2,1,16.7,73.4
T-VH-1001-7,VH-1001,DR-208,Johannesburg DC,2026-05-08,223.9,225.5,51047,51272.5,2,1,36.3,56.4
T-VH-1003-67,VH-1003,DR-227,Nelspruit DC,2026-07-07,192.9,196.6,60061,60257.6,2,2,26.4,2.3
T-VH-1016-62,VH-1016,DR-203,Nelspruit DC,2026-07-02,184.6,185.1,59283,59468.1,1,0,13.2,2.9
T-VH-1012-77,VH-1012,DR-204,Pretoria DC,2026-07-17,164.6,175.2,61542,61717.2,1,0,21.2,4.0
T-VH-1002-28,VH-1002,DR-225,Pretoria DC,2026-05-29,128.4,128.6,54196,54324.6,1,1,7.4,2.8
T-VH-1004-36,VH-1004,DR-200,Nelspruit DC,2026-06-06,244.9,257.7,55415,55672.7,0,0,33.8,6.7
T-VH-1002-42,VH-1002,DR-225,Pretoria DC,2026-06-12,171.7,185.8,56302,56487.8,1,2,22.3,2.4
T-VH-1019-90,VH-1019,DR-203,Nelspruit DC,2026-07-30,152.9,165.6,63513,63678.6,1,0,22.7,2.6
T-VH-1014-53,VH-1014,DR-224,Nelspruit DC,2026-06-23,173.2,185.3,57967,58152.3,6,1,60.4,46.3
T-VH-1012-73,VH-1012,DR-204,Pretoria DC,2026-07-13,162.6,180.2,60936,61116.2,1,0,19.3,4.4
T-VH-1005-47,VH-1005,DR-224,Polokwane DC,2026-06-17,265.4,283.4,57037,57320.4,1,3,0.8,2.5
T-VH-1023-69,VH-1023,DR-219,Polokwane DC,2026-07-09,213.8,225.0,60336,60561.0,5,2,44.0,56.2
T-VH-1000-49,VH-1000,DR-218,Pretoria DC,2026-06-19,131.9,134.8,57358,57492.8,0,0,28.8,3.6
T-VH-1001-112,VH-1001,DR-208,Johannesburg DC,2026-08-21,129.8,138.5,66789,66927.5,4,5,43.9,34.6
T-VH-1021-17,VH-1021,DR-227,Nelspruit DC,2026-05-18,219.0,230.7,52536,52766.7,1,0,19.3,6.0
T-VH-1003-33,VH-1003,DR-227,Nelspruit DC,2026-06-03,271.1,300.0,54951,55251.0,0,2,13.7,3.8
T-VH-1022-118,VH-1022,DR-211,Pretoria DC,2026-08-27,35.4,38.0,67687,67725.0,3,2,14.7,0.5
T-VH-1004-109,VH-1004,DR-200,Nelspruit DC,2026-08-18,151.7,159.1,66341,66500.1,1,0,5.1,1.4
T-VH-1022-27,VH-1022,DR-211,Pretoria DC,2026-05-28,146.7,159.3,54038,54197.3,1,1,17.3,3.6
T-VH-1006-117,VH-1006,DR-225,Pretoria DC,2026-08-26,230.4,231.3,67543,67774.3,0,1,9.3,5.8
T-VH-1011-19,VH-1011,DR-208,Polokwane DC,2026-05-20,133.4,144.6,52868,53012.6,2,1,26.8,0.2
T-VH-1009-118,VH-1009,DR-213,Nelspruit DC,2026-08-27,159.1,164.4,67701,67865.4,0,0,5.2,1.3
T-VH-1003-22,VH-1003,DR-227,Nelspruit DC,2026-05-23,289.3,317.7,53317,53634.7,2,0,28.4,8.4
T-VH-1019-76,VH-1019,DR-203,Nelspruit DC,2026-07-16,103.5,105.8,61390,61495.8,2,0,34.3,2.9
T-VH-1012-45,VH-1012,DR-204,Pretoria DC,2026-06-15,135.5,143.0,56737,56880.0,0,2,14.6,2.7
T-VH-1006-8,VH-1006,DR-225,Pretoria DC,2026-05-09,145.3,150.7,51186,51336.7,2,1,29.2,2.3
T-VH-1002-1,VH-1002,DR-225,Pretoria DC,2026-05-02,110.3,122.2,50145,50267.2,1,3,24.7,3.5
T-VH-1009-112,VH-1009,DR-213,Nelspruit DC,2026-08-21,107.0,114.7,66782,66896.7,1,1,10.0,1.6
T-VH-1001-27,VH-1001,DR-208,Johannesburg DC,2026-05-28,95.8,100.0,54047,54147.0,3,1,59.0,25.0
T-VH-1001-94,VH-1001,DR-208,Johannesburg DC,2026-08-03,372.0,383.1,64118,64501.1,3,8,46.1,95.8
T-VH-1019-39,VH-1019,DR-203,Nelspruit DC,2026-06-09,138.4,148.3,55841,55989.3,0,1,4.5,1.3
T-VH-1012-48,VH-1012,DR-204,Pretoria DC,2026-06-18,145.5,158.3,57188,57346.3,0,1,26.7,4.1
T-VH-1003-24,VH-1003,DR-227,Nelspruit DC,2026-05-25,163.8,179.6,53618,53797.6,0,1,23.2,4.8
T-VH-1022-119,VH-1022,DR-211,Pretoria DC,2026-08-28,130.6,139.2,67839,67978.2,2,1,15.9,2.7
T-VH-1002-80,VH-1002,DR-225,Pretoria DC,2026-07-20,194.0,211.0,62009,62220.0,1,1,32.2,5.7
T-VH-1002-3,VH-1002,DR-225,Pretoria DC,2026-05-04,186.7,200.5,50446,50646.5,2,4,27.0,5.2
T-VH-1002-13,VH-1002,DR-225,Pretoria DC,2026-05-14,153.6,165.7,51946,52111.7,0,0,21.0,1.7
T-VH-1003-11,VH-1003,DR-227,Nelspruit DC,2026-05-12,122.9,128.2,51634,51762.2,1,0,29.0,0.9
T-VH-1004-1,VH-1004,DR-200,Nelspruit DC,2026-05-02,178.4,185.5,50136,50321.5,1,2,21.5,3.9
T-VH-1011-42,VH-1011,DR-208,Polokwane DC,2026-06-12,234.1,242.8,56311,56553.8,0,1,16.1,2.8
T-VH-1002-19,VH-1002,DR-225,Pretoria DC,2026-05-20,197.5,201.1,52830,53031.1,0,2,15.0,2.6
T-VH-1014-14,VH-1014,DR-224,Nelspruit DC,2026-05-15,111.1,112.6,52088,52200.6,2,6,42.7,28.2
T-VH-1013-112,VH-1013,DR-206,Johannesburg DC,2026-08-21,85.7,91.3,66811,66902.3,0,1,25.7,0.4
T-VH-1006-13,VH-1006,DR-225,Pretoria DC,2026-05-14,176.9,177.5,51955,52132.5,0,0,22.3,1.2
T-VH-1019-10,VH-1019,DR-203,Nelspruit DC,2026-05-11,188.5,205.7,51520,51725.7,0,1,29.9,4.4
T-VH-1024-24,VH-1024,DR-208,Polokwane DC,2026-05-25,211.1,226.0,53581,53807.0,2,0,23.0,0.1
T-VH-1016-119,VH-1016,DR-203,Nelspruit DC,2026-08-28,159.9,174.5,67865,68039.5,2,2,11.7,3.7
T-VH-1009-40,VH-1009,DR-213,Nelspruit DC,2026-06-10,127.0,138.9,55988,56126.9,1,1,19.1,4.0
T-VH-1018-52,VH-1018,DR-212,Nelspruit DC,2026-06-22,105.6,111.5,57809,57920.5,1,0,28.5,3.2
T-VH-1001-53,VH-1001,DR-208,Johannesburg DC,2026-06-23,270.7,277.7,57960,58237.7,2,0,52.8,69.4
T-VH-1021-15,VH-1021,DR-227,Nelspruit DC,2026-05-16,206.4,211.7,52233,52444.7,2,2,18.8,4.0
T-VH-1002-15,VH-1002,DR-225,Pretoria DC,2026-05-16,175.2,190.5,52238,52428.5,3,1,9.0,3.9
T-VH-1002-52,VH-1002,DR-225,Pretoria DC,2026-06-22,185.3,192.5,57791,57983.5,1,1,20.2,0.8
T-VH-1023-62,VH-1023,DR-219,Polokwane DC,2026-07-02,110.1,117.6,59299,59416.6,3,5,37.2,29.4
T-VH-1004-57,VH-1004,DR-200,Nelspruit DC,2026-06-27,135.5,137.5,58561,58698.5,2,0,22.3,2.0
T-VH-1006-41,VH-1006,DR-225,Pretoria DC,2026-06-11,167.0,174.7,56142,56316.7,1,0,18.9,4.2
T-VH-1003-63,VH-1003,DR-227,Nelspruit DC,2026-07-03,198.8,200.2,59467,59667.2,0,3,31.9,1.6
T-VH-1007-11,VH-1007,DR-205,Pretoria DC,2026-05-12,34.9,35.8,51658,51693.8,1,0,25.5,0.3
T-VH-1005-53,VH-1005,DR-224,Polokwane DC,2026-06-23,126.0,128.0,57933,58061.0,3,1,20.4,0.1
T-VH-1021-63,VH-1021,DR-227,Nelspruit DC,2026-07-03,114.8,123.5,59447,59570.5,2,0,14.8,1.8
T-VH-1010-70,VH-1010,DR-210,Pretoria DC,2026-07-10,146.0,157.0,60503,60660.0,1,1,-1.3,2.8
T-VH-1004-105,VH-1004,DR-200,Nelspruit DC,2026-08-14,204.4,214.7,65769,65983.7,1,0,25.4,6.1
T-VH-1014-103,VH-1014,DR-224,Nelspruit DC,2026-08-12,172.1,181.8,65456,65637.8,3,1,45.2,45.4
T-VH-1012-8,VH-1012,DR-204,Pretoria DC,2026-05-09,72.8,75.7,51208,51283.7,1,0,22.1,1.5
T-VH-1007-75,VH-1007,DR-205,Pretoria DC,2026-07-15,215.3,217.7,61234,61184.0,0,0,10.7,2.1
T-VH-1009-80,VH-1009,DR-213,Nelspruit DC,2026-07-20,179.6,187.3,62002,62189.3,0,2,22.5,3.8
T-VH-1012-105,VH-1012,DR-204,Pretoria DC,2026-08-14,221.7,221.8,65748,65969.8,1,1,26.2,5.9
T-VH-1001-28,VH-1001,DR-208,Johannesburg DC,2026-05-29,208.3,222.2,54200,54422.2,2,2,52.2,55.6
T-VH-1003-35,VH-1003,DR-227,Nelspruit DC,2026-06-05,207.2,220.4,55233,55453.4,0,0,23.6,2.8
T-VH-1004-12,VH-1004,DR-200,Nelspruit DC,2026-05-13,190.1,193.4,51802,51995.4,1,1,22.9,0.6
T-VH-1000-87,VH-1000,DR-218,Pretoria DC,2026-07-27,253.1,271.6,63062,63333.6,0,1,17.5,2.6
T-VH-1020-25,VH-1020,DR-211,Polokwane DC,2026-05-26,77.8,85.7,53755,53840.7,0,0,13.7,1.3
T-VH-1024-75,VH-1024,DR-208,Polokwane DC,2026-07-15,188.7,193.3,61232,61425.3,1,2,13.0,5.8
T-VH-1013-3,VH-1013,DR-206,Johannesburg DC,2026-05-04,152.3,168.5,50440,50608.5,2,2,20.4,1.4
T-VH-1023-55,VH-1023,DR-219,Polokwane DC,2026-06-25,130.6,133.0,58249,58382.0,3,0,58.9,33.2
T-VH-1005-68,VH-1005,DR-224,Polokwane DC,2026-07-08,134.3,148.5,60212,60360.5,1,0,27.8,4.0
T-VH-1001-75,VH-1001,DR-208,Johannesburg DC,2026-07-15,69.5,70.2,61259,61329.2,6,0,58.5,17.5
T-VH-1015-73,VH-1015,DR-210,Johannesburg DC,2026-07-13,47.3,50.3,60950,61000.3,1,0,20.5,0.6
T-VH-1013-62,VH-1013,DR-206,Johannesburg DC,2026-07-02,113.8,122.9,59317,59439.9,0,0,11.8,2.5
T-VH-1023-80,VH-1023,DR-219,Polokwane DC,2026-07-20,214.1,216.5,61981,62197.5,2,2,35.2,54.1
T-VH-1018-87,VH-1018,DR-212,Nelspruit DC,2026-07-27,86.9,87.3,63050,63137.3,3,3,19.9,0.2
T-VH-1003-42,VH-1003,DR-227,Nelspruit DC,2026-06-12,211.5,229.6,56314,56543.6,0,1,19.5,3.5
T-VH-1011-103,VH-1011,DR-208,Polokwane DC,2026-08-12,123.8,131.8,65461,65592.8,1,1,29.9,3.4
T-VH-1015-56,VH-1015,DR-210,Johannesburg DC,2026-06-26,154.4,170.0,58417,58587.0,0,1,6.9,4.7
T-VH-1018-21,VH-1018,DR-212,Nelspruit DC,2026-05-22,90.6,91.2,53136,53227.2,2,1,31.5,0.6
T-VH-1006-27,VH-1006,DR-225,Pretoria DC,2026-05-28,117.1,122.5,54037,54159.5,0,1,26.9,0.6
T-VH-1008-62,VH-1008,DR-222,Polokwane DC,2026-07-02,172.2,180.2,59286,59466.2,1,3,24.3,0.9
T-VH-1021-77,VH-1021,DR-227,Nelspruit DC,2026-07-17,123.9,134.1,61549,61683.1,0,1,12.3,1.5
T-VH-1002-5,VH-1002,DR-225,Pretoria DC,2026-05-06,188.9,205.8,50755,50960.8,2,1,19.6,5.3
T-VH-1007-108,VH-1007,DR-205,Pretoria DC,2026-08-17,219.4,234.2,66202,66436.2,0,0,-0.8,1.6
T-VH-1015-8,VH-1015,DR-210,Johannesburg DC,2026-05-09,200.3,204.0,51199,51403.0,0,1,23.1,3.6
T-VH-1008-13,VH-1008,DR-222,Polokwane DC,2026-05-14,157.2,166.0,51963,52129.0,2,0,9.1,4.8
T-VH-1005-82,VH-1005,DR-224,Polokwane DC,2026-07-22,160.4,178.1,62280,62458.1,1,1,5.8,2.9
T-VH-1021-32,VH-1021,DR-227,Nelspruit DC,2026-06-02,96.1,100.2,54794,54894.2,0,0,30.9,0.8
T-VH-1012-82,VH-1012,DR-204,Pretoria DC,2026-07-22,217.9,225.2,62291,62516.2,0,1,3.8,2.4
T-VH-1013-53,VH-1013,DR-206,Johannesburg DC,2026-06-23,230.4,243.5,57948,58191.5,0,0,19.2,3.1
T-VH-1011-95,VH-1011,DR-208,Polokwane DC,2026-08-04,132.3,138.2,64266,64404.2,3,0,9.1,2.5
T-VH-1007-99,VH-1007,DR-205,Pretoria DC,2026-08-08,89.5,96.8,64833,64929.8,1,4,12.8,2.2
T-VH-1021-26,VH-1021,DR-227,Nelspruit DC,2026-05-27,138.1,147.5,53885,54032.5,2,0,9.4,4.1
T-VH-1003-117,VH-1003,DR-227,Nelspruit DC,2026-08-26,156.2,159.6,67531,67690.6,3,0,29.3,3.0
T-VH-1004-21,VH-1004,DR-200,Nelspruit DC,2026-05-22,181.6,186.6,53152,53338.6,0,0,16.7,1.0
T-VH-1019-106,VH-1019,DR-203,Nelspruit DC,2026-08-15,98.0,105.1,65894,65999.1,0,1,45.4,2.4
T-VH-1017-66,VH-1017,DR-202,Polokwane DC,2026-07-06,182.7,183.2,59896,60079.2,5,3,62.0,45.8
T-VH-1020-53,VH-1020,DR-211,Polokwane DC,2026-06-23,158.7,172.6,57957,58129.6,1,0,5.8,0.3
T-VH-1015-62,VH-1015,DR-210,Johannesburg DC,2026-07-02,257.7,284.3,59309,59593.3,1,3,25.4,2.5
T-VH-1001-45,VH-1001,DR-208,Johannesburg DC,2026-06-15,187.0,198.4,56736,56934.4,3,5,32.1,49.6
T-VH-1016-113,VH-1016,DR-203,Nelspruit DC,2026-08-22,133.5,135.6,66936,67071.6,0,0,25.0,1.6
T-VH-1004-62,VH-1004,DR-200,Nelspruit DC,2026-07-02,95.0,100.7,59311,59411.7,0,1,39.1,2.2
T-VH-1008-75,VH-1008,DR-222,Polokwane DC,2026-07-15,123.4,133.8,61251,61384.8,0,0,13.5,3.7
T-VH-1007-115,VH-1007,DR-205,Pretoria DC,2026-08-24,100.4,111.2,67260,67371.2,0,0,15.7,1.3
T-VH-1023-46,VH-1023,DR-219,Polokwane DC,2026-06-16,209.9,216.9,56897,57113.9,6,6,42.2,54.2
T-VH-1022-75,VH-1022,DR-211,Pretoria DC,2026-07-15,176.1,181.6,61242,61423.6,0,0,25.1,4.4
T-VH-1000-36,VH-1000,DR-218,Pretoria DC,2026-06-06,111.8,118.4,55414,55532.4,0,2,14.2,3.1
T-VH-1015-77,VH-1015,DR-210,Johannesburg DC,2026-07-17,125.1,130.1,61532,61662.1,0,0,-8.6,3.8
T-VH-1000-50,VH-1000,DR-218,Pretoria DC,2026-06-20,241.6,252.9,57485,57737.9,1,0,22.6,6.8
T-VH-1002-35,VH-1002,DR-225,Pretoria DC,2026-06-05,111.7,123.2,55259,55382.2,0,2,22.9,0.2
T-VH-1008-105,VH-1008,DR-222,Polokwane DC,2026-08-14,111.8,120.6,65751,65871.6,3,2,15.5,0.1
T-VH-1024-38,VH-1024,DR-208,Polokwane DC,2026-06-08,98.7,104.0,55701,55805.0,2,0,4.1,2.3
T-VH-1003-109,VH-1003,DR-227,Nelspruit DC,2026-08-18,154.9,166.1,66367,66533.1,1,1,23.6,1.1
T-VH-1002-29,VH-1002,DR-225,Pretoria DC,2026-05-30,348.6,364.6,54365,54729.6,0,0,28.7,2.3
T-VH-1008-5,VH-1008,DR-222,Polokwane DC,2026-05-06,168.0,170.1,50743,50913.1,1,1,21.7,3.1
T-VH-1020-59,VH-1020,DR-211,Polokwane DC,2026-06-29,147.3,153.4,58859,59012.4,1,1,15.9,3.0
T-VH-1021-59,VH-1021,DR-227,Nelspruit DC,2026-06-29,132.8,137.1,58840,58977.1,2,1,43.2,2.8
T-VH-1023-99,VH-1023,DR-219,Polokwane DC,2026-08-08,176.0,183.7,64863,65046.7,1,3,60.8,45.9
T-VH-1007-69,VH-1007,DR-205,Pretoria DC,2026-07-09,112.9,113.6,60353,60466.6,1,0,12.0,1.2
T-VH-1024-87,VH-1024,DR-208,Polokwane DC,2026-07-27,240.1,250.7,63063,63313.7,1,1,18.6,3.0
T-VH-1005-24,VH-1005,DR-224,Polokwane DC,2026-05-25,135.0,135.6,53619,53754.6,1,1,17.6,0.9
T-VH-1003-54,VH-1003,DR-227,Nelspruit DC,2026-06-24,134.0,141.8,58109,58250.8,1,0,18.7,0.8
T-VH-1023-52,VH-1023,DR-219,Polokwane DC,2026-06-22,31.4,34.4,57805,57839.4,5,6,44.0,8.6
T-VH-1006-40,VH-1006,DR-225,Pretoria DC,2026-06-10,117.6,130.5,56009,56139.5,0,0,12.4,0.8
T-VH-1016-106,VH-1016,DR-203,Nelspruit DC,2026-08-15,187.3,192.8,65913,66105.8,2,2,34.6,1.9
T-VH-1013-57,VH-1013,DR-206,Johannesburg DC,2026-06-27,65.0,70.5,58565,58635.5,1,3,40.0,0.2
T-VH-1002-31,VH-1002,DR-225,Pretoria DC,2026-06-01,162.2,166.8,54645,54811.8,2,1,4.4,2.8
T-VH-1012-21,VH-1012,DR-204,Pretoria DC,2026-05-22,201.8,206.0,53145,53351.0,1,1,37.8,1.6
T-VH-1010-36,VH-1010,DR-210,Pretoria DC,2026-06-06,178.9,183.3,55403,55586.3,2,0,16.9,0.4
T-VH-1003-111,VH-1003,DR-227,Nelspruit DC,2026-08-20,130.8,131.7,66665,66796.7,0,0,35.7,1.7
T-VH-1009-7,VH-1009,DR-213,Nelspruit DC,2026-05-08,124.2,131.8,51065,51196.8,3,0,25.7,1.1
T-VH-1018-17,VH-1018,DR-212,Nelspruit DC,2026-05-18,126.6,129.1,52555,52684.1,0,1,2.1,0.6
T-VH-1019-118,VH-1019,DR-203,Nelspruit DC,2026-08-27,178.5,186.6,67703,67889.6,2,1,28.2,3.1
T-VH-1011-35,VH-1011,DR-208,Polokwane DC,2026-06-05,221.3,245.5,55256,55501.5,1,0,19.6,1.0
T-VH-1002-89,VH-1002,DR-225,Pretoria DC,2026-07-29,179.9,183.3,63352,63535.3,1,4,8.5,3.9
T-VH-1001-89,VH-1001,DR-208,Johannesburg DC,2026-07-29,216.6,223.6,63336,63559.6,4,4,43.8,55.9
T-VH-1000-81,VH-1000,DR-218,Pretoria DC,2026-07-21,116.4,125.3,62137,62262.3,1,0,30.2,1.1
T-VH-1008-47,VH-1008,DR-222,Polokwane DC,2026-06-17,307.6,311.6,57044,57355.6,1,1,15.0,4.2
T-VH-1022-15,VH-1022,DR-211,Pretoria DC,2026-05-16,169.5,174.5,52249,52423.5,0,0,9.1,1.1
T-VH-1011-29,VH-1011,DR-208,Polokwane DC,2026-05-30,136.8,150.2,54346,54496.2,1,2,28.3,2.5
T-VH-1009-77,VH-1009,DR-213,Nelspruit DC,2026-07-17,124.3,138.0,61569,61707.0,2,2,22.3,1.4
T-VH-1008-61,VH-1008,DR-222,Polokwane DC,2026-07-01,152.1,161.3,59153,59314.3,1,0,29.0,3.1
T-VH-1007-116,VH-1007,DR-205,Pretoria DC,2026-08-25,179.4,185.1,67385,67570.1,0,4,22.4,2.0
T-VH-1020-118,VH-1020,DR-211,Polokwane DC,2026-08-27,137.9,145.1,67704,67849.1,3,2,17.8,2.8
T-VH-1006-91,VH-1006,DR-225,Pretoria DC,2026-07-31,178.9,179.5,63651,63830.5,0,0,20.3,0.4
T-VH-1014-59,VH-1014,DR-224,Nelspruit DC,2026-06-29,129.2,141.5,58844,58985.5,2,4,34.0,35.4
T-VH-1023-101,VH-1023,DR-219,Polokwane DC,2026-08-10,183.3,186.4,65150,65336.4,2,4,48.3,46.6
T-VH-1007-10,VH-1007,DR-205,Pretoria DC,2026-05-11,154.3,166.4,51520,51686.4,1,1,14.7,0.3
T-VH-1014-46,VH-1014,DR-224,Nelspruit DC,2026-06-16,128.2,131.7,56915,57046.7,3,1,41.8,32.9
T-VH-1005-108,VH-1005,DR-224,Polokwane DC,2026-08-17,96.6,99.8,66205,66304.8,2,1,28.9,1.4
T-VH-1007-4,VH-1007,DR-205,Pretoria DC,2026-05-05,169.8,176.7,50608,50784.7,0,3,46.4,4.9
T-VH-1018-62,VH-1018,DR-212,Nelspruit DC,2026-07-02,167.7,175.3,59300,59475.3,1,1,19.5,3.5
T-VH-1014-69,VH-1014,DR-224,Nelspruit DC,2026-07-09,247.7,248.8,60351,60599.8,6,5,39.9,62.2
T-VH-1013-38,VH-1013,DR-206,Johannesburg DC,2026-06-08,212.3,219.9,55698,55917.9,0,0,24.4,2.1
T-VH-1012-59,VH-1012,DR-204,Pretoria DC,2026-06-29,226.1,243.3,58843,59086.3,0,1,31.7,1.6
T-VH-1018-47,VH-1018,DR-212,Nelspruit DC,2026-06-17,201.2,208.1,57039,57247.1,0,4,27.7,5.6
T-VH-1001-33,VH-1001,DR-208,Johannesburg DC,2026-06-03,133.9,138.8,54951,55089.8,1,4,38.0,34.7
T-VH-1010-73,VH-1010,DR-210,Pretoria DC,2026-07-13,215.3,219.7,60968,61187.7,0,1,19.1,5.7
T-VH-1006-15,VH-1006,DR-225,Pretoria DC,2026-05-16,219.9,235.1,52234,52469.1,0,0,24.2,3.7
T-VH-1019-75,VH-1019,DR-203,Nelspruit DC,2026-07-15,227.3,227.7,61257,61484.7,0,1,23.1,4.2
T-VH-1007-52,VH-1007,DR-205,Pretoria DC,2026-06-22,184.8,188.2,57782,57970.2,0,1,18.0,4.7
T-VH-1021-27,VH-1021,DR-227,Nelspruit DC,2026-05-28,251.9,262.5,54036,54298.5,1,1,9.1,0.7
T-VH-1015-53,VH-1015,DR-210,Johannesburg DC,2026-06-23,203.6,211.9,57960,58171.9,0,2,9.2,1.3
T-VH-1016-74,VH-1016,DR-203,Nelspruit DC,2026-07-14,122.1,129.8,61080,61209.8,2,1,14.6,0.4
T-VH-1020-68,VH-1020,DR-211,Polokwane DC,2026-07-08,202.0,208.3,60216,60424.3,2,0,19.6,5.6
T-VH-1017-24,VH-1017,DR-202,Polokwane DC,2026-05-25,185.1,191.5,53619,53810.5,4,3,48.8,47.9
T-VH-1018-108,VH-1018,DR-212,Nelspruit DC,2026-08-17,173.7,181.0,66190,66371.0,1,3,11.3,4.0
T-VH-1002-106,VH-1002,DR-225,Pretoria DC,2026-08-15,162.2,179.8,65884,66063.8,0,0,48.9,4.9
T-VH-1015-24,VH-1015,DR-210,Johannesburg DC,2026-05-25,190.3,191.2,53604,53795.2,2,0,38.9,0.3
T-VH-1001-64,VH-1001,DR-208,Johannesburg DC,2026-07-04,167.6,182.6,59582,59764.6,5,3,44.0,45.7
T-VH-1009-24,VH-1009,DR-213,Nelspruit DC,2026-05-25,196.2,202.8,53612,53814.8,1,0,14.3,3.9
T-VH-1007-42,VH-1007,DR-205,Pretoria DC,2026-06-12,206.1,227.1,56307,56534.1,1,3,34.6,4.3
T-VH-1005-28,VH-1005,DR-224,Polokwane DC,2026-05-29,163.5,175.0,54194,54369.0,0,2,24.3,3.2
T-VH-1001-60,VH-1001,DR-208,Johannesburg DC,2026-06-30,115.4,120.5,59011,59131.5,2,1,42.7,30.1
T-VH-1005-97,VH-1005,DR-224,Polokwane DC,2026-08-06,210.5,210.6,64531,64741.6,1,0,25.8,6.1
T-VH-1001-4,VH-1001,DR-208,Johannesburg DC,2026-05-05,45.7,46.2,50599,50645.2,4,3,45.2,11.5
T-VH-1013-10,VH-1013,DR-206,Johannesburg DC,2026-05-11,115.7,117.9,51509,51626.9,1,1,12.7,0.9
T-VH-1016-75,VH-1016,DR-203,Nelspruit DC,2026-07-15,149.1,160.0,61234,61394.0,0,2,13.0,2.7
T-VH-1008-35,VH-1008,DR-222,Polokwane DC,2026-06-05,244.9,256.3,55263,55519.3,0,1,-4.0,2.1
T-VH-1007-54,VH-1007,DR-205,Pretoria DC,2026-06-24,163.7,164.9,58101,58265.9,0,1,12.7,3.5
T-VH-1022-73,VH-1022,DR-211,Pretoria DC,2026-07-13,174.9,188.8,60939,61127.8,0,1,26.3,0.9
T-VH-1020-71,VH-1020,DR-211,Polokwane DC,2026-07-11,177.5,192.6,60661,60853.6,1,2,35.4,0.4
T-VH-1011-40,VH-1011,DR-208,Polokwane DC,2026-06-10,180.4,191.1,56007,56198.1,0,2,10.8,3.7
T-VH-1000-66,VH-1000,DR-218,Pretoria DC,2026-07-06,191.3,194.9,59905,60099.9,2,0,14.5,5.4
T-VH-1005-3,VH-1005,DR-224,Polokwane DC,2026-05-04,144.6,153.0,50465,50618.0,0,2,30.6,1.6
T-VH-1010-94,VH-1010,DR-210,Pretoria DC,2026-08-03,141.1,148.3,64108,64256.3,1,0,18.5,1.4
T-VH-1019-55,VH-1019,DR-203,Nelspruit DC,2026-06-25,262.8,291.9,58260,58551.9,1,1,24.9,2.0
T-VH-1009-102,VH-1009,DR-213,Nelspruit DC,2026-08-11,72.9,79.9,65316,65395.9,1,1,16.7,0.3
T-VH-1010-108,VH-1010,DR-210,Pretoria DC,2026-08-17,263.5,276.1,66180,66456.1,0,2,17.5,1.1
T-VH-1013-108,VH-1013,DR-206,Johannesburg DC,2026-08-17,184.8,185.1,66204,66389.1,3,2,24.4,4.9
T-VH-1018-34,VH-1018,DR-212,Nelspruit DC,2026-06-04,233.2,257.6,55101,55358.6,0,1,50.9,2.2
T-VH-1011-25,VH-1011,DR-208,Polokwane DC,2026-05-26,167.8,176.6,53762,53938.6,2,2,-3.6,5.1
T-VH-1006-18,VH-1006,DR-225,Pretoria DC,2026-05-19,240.9,257.8,52713,52970.8,0,3,27.5,4.7
T-VH-1022-113,VH-1022,DR-211,Pretoria DC,2026-08-22,131.1,140.9,66953,67093.9,1,1,25.4,2.7
T-VH-1016-61,VH-1016,DR-203,Nelspruit DC,2026-07-01,158.7,176.3,59136,59312.3,0,0,39.4,1.0
T-VH-1009-11,VH-1009,DR-213,Nelspruit DC,2026-05-12,166.6,184.9,51653,51837.9,0,0,30.8,3.2
T-VH-1012-25,VH-1012,DR-204,Pretoria DC,2026-05-26,147.1,149.1,53736,53885.1,1,1,22.4,3.9
T-VH-1009-83,VH-1009,DR-213,Nelspruit DC,2026-07-23,218.2,226.5,62462,62688.5,2,1,0.0,0.1
T-VH-1022-14,VH-1022,DR-211,Pretoria DC,2026-05-15,256.7,283.2,52098,52381.2,1,0,21.8,0.2
T-VH-1017-98,VH-1017,DR-202,Polokwane DC,2026-08-07,127.6,130.7,64710,64840.7,2,5,36.9,32.7
T-VH-1018-53,VH-1018,DR-212,Nelspruit DC,2026-06-23,220.3,221.1,57938,58159.1,0,1,11.8,6.3
T-VH-1010-67,VH-1010,DR-210,Pretoria DC,2026-07-07,240.9,254.2,60037,60291.2,2,1,17.0,3.8
T-VH-1012-63,VH-1012,DR-204,Pretoria DC,2026-07-03,209.1,231.1,59448,59679.1,1,1,14.0,1.7
T-VH-1010-66,VH-1010,DR-210,Pretoria DC,2026-07-06,253.4,256.3,59893,60149.3,0,1,13.0,4.0
T-VH-1013-47,VH-1013,DR-206,Johannesburg DC,2026-06-17,91.3,95.1,57047,57142.1,0,2,8.1,0.1
T-VH-1011-1,VH-1011,DR-208,Polokwane DC,2026-05-02,226.4,241.9,50154,50395.9,1,0,15.2,0.3
T-VH-1014-56,VH-1014,DR-224,Nelspruit DC,2026-06-26,124.8,127.7,58387,58514.7,2,1,39.5,31.9
T-VH-1024-14,VH-1024,DR-208,Polokwane DC,2026-05-15,182.6,200.4,52083,52283.4,0,0,29.7,1.5
T-VH-1022-41,VH-1022,DR-211,Pretoria DC,2026-06-11,148.9,154.2,56130,56284.2,1,1,22.6,4.1
T-VH-1023-53,VH-1023,DR-219,Polokwane DC,2026-06-23,182.8,191.1,57947,58138.1,2,2,50.1,47.8
T-VH-1009-89,VH-1009,DR-213,Nelspruit DC,2026-07-29,193.5,205.4,63369,63574.4,0,2,32.2,0.3
T-VH-1022-42,VH-1022,DR-211,Pretoria DC,2026-06-12,195.4,201.2,56302,56503.2,0,1,10.8,4.3
T-VH-1011-22,VH-1011,DR-208,Polokwane DC,2026-05-23,148.1,153.1,53297,53450.1,1,1,0.3,3.6
T-VH-1006-11,VH-1006,DR-225,Pretoria DC,2026-05-12,245.8,253.3,51665,51918.3,0,1,17.4,5.0
T-VH-1005-69,VH-1005,DR-224,Polokwane DC,2026-07-09,155.9,156.0,60368,60524.0,0,1,8.4,4.3
T-VH-1018-92,VH-1018,DR-212,Nelspruit DC,2026-08-01,253.8,263.6,63788,64051.6,1,0,31.8,4.7
T-VH-1005-35,VH-1005,DR-224,Polokwane DC,2026-06-05,178.9,194.6,55260,55454.6,1,0,-2.2,0.6
T-VH-1022-108,VH-1022,DR-211,Pretoria DC,2026-08-17,134.8,141.2,66187,66328.2,1,1,40.2,2.9
T-VH-1022-45,VH-1022,DR-211,Pretoria DC,2026-06-15,41.3,44.2,56731,56775.2,2,1,18.6,0.4
T-VH-1003-70,VH-1003,DR-227,Nelspruit DC,2026-07-10,163.2,166.4,60480,60646.4,1,0,11.0,0.3
T-VH-1003-13,VH-1003,DR-227,Nelspruit DC,2026-05-14,272.2,272.9,51968,52240.9,1,3,6.5,3.3
T-VH-1021-68,VH-1021,DR-227,Nelspruit DC,2026-07-08,269.0,272.0,60201,60473.0,1,0,5.5,2.3
T-VH-1015-54,VH-1015,DR-210,Johannesburg DC,2026-06-24,206.9,222.6,58085,58307.6,0,1,13.5,2.7
T-VH-1019-46,VH-1019,DR-203,Nelspruit DC,2026-06-16,253.2,274.6,56920,57194.6,0,0,27.5,1.2
T-VH-1003-27,VH-1003,DR-227,Nelspruit DC,2026-05-28,209.0,230.7,54066,54296.7,2,1,8.1,4.9
T-VH-1002-14,VH-1002,DR-225,Pretoria DC,2026-05-15,182.7,195.0,52086,52281.0,3,1,51.1,4.1
T-VH-1011-83,VH-1011,DR-208,Polokwane DC,2026-07-23,153.5,156.1,62464,62620.1,0,1,4.8,4.3
T-VH-1019-112,VH-1019,DR-203,Nelspruit DC,2026-08-21,166.9,170.4,66792,66962.4,0,1,16.3,1.7
T-VH-1020-11,VH-1020,DR-211,Polokwane DC,2026-05-12,160.3,170.3,51663,51833.3,0,1,17.9,1.9
T-VH-1009-34,VH-1009,DR-213,Nelspruit DC,2026-06-04,158.4,159.5,55090,55249.5,0,0,20.5,1.9
T-VH-1004-96,VH-1004,DR-200,Nelspruit DC,2026-08-05,182.7,184.1,64409,64593.1,0,0,2.9,2.6
T-VH-1007-21,VH-1007,DR-205,Pretoria DC,2026-05-22,139.4,148.0,53159,53307.0,2,1,11.2,3.1
T-VH-1014-91,VH-1014,DR-224,Nelspruit DC,2026-07-31,184.1,186.2,63635,63821.2,3,5,51.7,46.6
T-VH-1017-101,VH-1017,DR-202,Polokwane DC,2026-08-10,174.2,180.9,65139,65319.9,6,4,46.5,45.2
T-VH-1023-70,VH-1023,DR-219,Polokwane DC,2026-07-10,165.0,165.9,60514,60679.9,3,2,48.3,41.5
T-VH-1006-104,VH-1006,DR-225,Pretoria DC,2026-08-13,183.8,198.2,65607,65805.2,1,1,19.3,1.8
T-VH-1006-50,VH-1006,DR-225,Pretoria DC,2026-06-20,182.7,190.9,57518,57708.9,0,1,23.1,3.1
T-VH-1011-28,VH-1011,DR-208,Polokwane DC,2026-05-29,209.2,213.4,54211,54424.4,2,1,27.0,0.8
T-VH-1018-25,VH-1018,DR-212,Nelspruit DC,2026-05-26,162.5,170.4,53761,53931.4,1,2,26.8,4.9
T-VH-1012-81,VH-1012,DR-204,Pretoria DC,2026-07-21,124.8,127.2,62142,62269.2,1,1,37.8,3.1
T-VH-1009-8,VH-1009,DR-213,Nelspruit DC,2026-05-09,232.7,251.1,51195,51446.1,0,0,26.1,2.9
T-VH-1013-34,VH-1013,DR-206,Johannesburg DC,2026-06-04,65.0,71.8,55117,55188.8,2,3,17.1,1.2
T-VH-1014-12,VH-1014,DR-224,Nelspruit DC,2026-05-13,185.0,191.0,51816,52007.0,5,2,46.9,47.8
T-VH-1004-112,VH-1004,DR-200,Nelspruit DC,2026-08-21,255.0,257.7,66802,67059.7,0,0,2.5,6.1
T-VH-1020-108,VH-1020,DR-211,Polokwane DC,2026-08-17,204.0,207.1,66198,66405.1,0,0,25.1,3.5
T-VH-1002-6,VH-1002,DR-225,Pretoria DC,2026-05-07,159.9,163.1,50896,51059.1,0,0,26.4,0.5
T-VH-1014-26,VH-1014,DR-224,Nelspruit DC,2026-05-27,181.4,199.1,53895,54094.1,5,0,51.8,49.8
T-VH-1007-5,VH-1007,DR-205,Pretoria DC,2026-05-06,92.3,99.3,50745,50844.3,0,0,0.7,2.0
T-VH-1015-83,VH-1015,DR-210,Johannesburg DC,2026-07-23,193.2,195.6,62461,62656.6,1,0,31.7,4.5
T-VH-1017-83,VH-1017,DR-202,Polokwane DC,2026-07-23,211.3,230.0,62454,62684.0,4,4,66.2,57.5
T-VH-1022-49,VH-1022,DR-211,Pretoria DC,2026-06-19,88.2,94.5,57367,57461.5,0,1,22.4,2.1
T-VH-1003-102,VH-1003,DR-227,Nelspruit DC,2026-08-11,120.6,124.1,65288,65412.1,2,0,28.0,3.4
T-VH-1008-11,VH-1008,DR-222,Polokwane DC,2026-05-12,139.0,153.6,51659,51812.6,0,0,5.9,2.8
T-VH-1012-95,VH-1012,DR-204,Pretoria DC,2026-08-04,168.3,173.7,64267,64440.7,1,0,33.8,2.2
T-VH-1019-71,VH-1019,DR-203,Nelspruit DC,2026-07-11,273.5,280.7,60639,60919.7,2,1,25.2,5.8
T-VH-1015-4,VH-1015,DR-210,Johannesburg DC,2026-05-05,201.4,223.3,50609,50832.3,0,1,7.8,0.7
T-VH-1002-69,VH-1002,DR-225,Pretoria DC,2026-07-09,171.1,187.1,60360,60547.1,1,0,30.7,0.6
T-VH-1018-104,VH-1018,DR-212,Nelspruit DC,2026-08-13,159.6,170.2,65602,65772.2,0,0,14.5,3.3
T-VH-1006-17,VH-1006,DR-225,Pretoria DC,2026-05-18,145.8,146.8,52555,52701.8,0,1,21.6,4.4
T-VH-1023-11,VH-1023,DR-219,Polokwane DC,2026-05-12,155.8,162.3,51669,51831.3,5,2,41.7,40.6
T-VH-1001-63,VH-1001,DR-208,Johannesburg DC,2026-07-03,186.6,203.3,59440,59643.3,2,0,40.1,50.8
T-VH-1015-40,VH-1015,DR-210,Johannesburg DC,2026-06-10,66.1,73.4,56016,56089.4,2,0,13.0,1.4
T-VH-1020-81,VH-1020,DR-211,Polokwane DC,2026-07-21,191.1,198.8,62161,62359.8,2,1,11.7,2.4
T-VH-1017-12,VH-1017,DR-202,Polokwane DC,2026-05-13,144.4,160.3,51802,51962.3,3,3,47.6,40.1
T-VH-1019-87,VH-1019,DR-203,Nelspruit DC,2026-07-27,257.2,279.0,63034,63313.0,0,1,10.4,7.9
T-VH-1017-81,VH-1017,DR-202,Polokwane DC,2026-07-21,263.0,280.3,62160,62440.3,2,4,38.0,70.1
T-VH-1006-90,VH-1006,DR-225,Pretoria DC,2026-07-30,91.9,99.9,63483,63582.9,0,0,20.2,1.0
T-VH-1000-27,VH-1000,DR-218,Pretoria DC,2026-05-28,147.7,150.1,54052,54202.1,0,0,13.7,2.6
T-VH-1015-28,VH-1015,DR-210,Johannesburg DC,2026-05-29,150.1,164.8,54191,54355.8,1,3,28.0,1.9
T-VH-1013-96,VH-1013,DR-206,Johannesburg DC,2026-08-05,180.8,183.1,64390,64573.1,1,0,19.1,5.2
T-VH-1010-11,VH-1010,DR-210,Pretoria DC,2026-05-12,144.4,145.3,51660,51805.3,0,0,21.2,2.7
T-VH-1001-82,VH-1001,DR-208,Johannesburg DC,2026-07-22,174.0,192.0,62296,62488.0,2,2,23.1,48.0
T-VH-1010-57,VH-1010,DR-210,Pretoria DC,2026-06-27,300.2,325.1,58559,58884.1,2,1,5.9,1.6
T-VH-1007-59,VH-1007,DR-205,Pretoria DC,2026-06-29,194.8,210.2,58864,59074.2,2,2,9.8,6.0
T-VH-1000-77,VH-1000,DR-218,Pretoria DC,2026-07-17,231.8,236.4,61542,61778.4,1,2,9.9,5.8
T-VH-1023-47,VH-1023,DR-219,Polokwane DC,2026-06-17,144.9,157.2,57031,57188.2,3,3,52.4,39.3
T-VH-1007-25,VH-1007,DR-205,Pretoria DC,2026-05-26,189.2,193.9,53767,53960.9,0,1,9.1,4.3
T-VH-1001-74,VH-1001,DR-208,Johannesburg DC,2026-07-14,208.8,228.7,61093,61321.7,3,4,38.6,57.2
T-VH-1001-6,VH-1001,DR-208,Johannesburg DC,2026-05-07,103.1,110.5,50915,51025.5,1,1,45.3,27.6
T-VH-1022-0,VH-1022,DR-211,Pretoria DC,2026-05-01,220.7,226.9,50003,50229.9,3,0,6.8,1.1
T-VH-1002-99,VH-1002,DR-225,Pretoria DC,2026-08-08,150.3,162.3,64859,65021.3,2,2,21.9,3.3
T-VH-1011-108,VH-1011,DR-208,Polokwane DC,2026-08-17,141.6,149.6,66209,66358.6,0,1,18.9,2.5
T-VH-1021-5,VH-1021,DR-227,Nelspruit DC,2026-05-06,217.6,218.0,50751,50969.0,0,1,13.1,1.4
T-VH-1001-0,VH-1001,DR-208,Johannesburg DC,2026-05-01,139.4,151.8,49983,50134.8,3,2,38.0,38.0
T-VH-1011-88,VH-1011,DR-208,Polokwane DC,2026-07-28,83.6,86.4,63182,63268.4,1,1,-12.5,0.9
T-VH-1012-14,VH-1012,DR-204,Pretoria DC,2026-05-15,83.0,90.2,52084,52174.2,1,0,22.1,1.6
T-VH-1023-66,VH-1023,DR-219,Polokwane DC,2026-07-06,273.0,288.3,59900,60188.3,4,3,63.4,72.1
T-VH-1014-110,VH-1014,DR-224,Nelspruit DC,2026-08-19,120.6,131.8,66495,66626.8,2,2,56.1,32.9
T-VH-1021-92,VH-1021,DR-227,Nelspruit DC,2026-08-01,129.7,140.1,63817,63957.1,1,1,30.6,2.6
T-VH-1002-115,VH-1002,DR-225,Pretoria DC,2026-08-24,184.9,185.4,67238,67423.4,1,1,22.3,2.6
T-VH-1003-71,VH-1003,DR-227,Nelspruit DC,2026-07-11,96.9,101.1,60633,60734.1,0,3,12.8,0.7
T-VH-1005-76,VH-1005,DR-224,Polokwane DC,2026-07-16,138.0,138.0,61392,61530.0,3,0,26.3,2.8
T-VH-1012-109,VH-1012,DR-204,Pretoria DC,2026-08-18,92.0,102.1,66370,66472.1,0,0,32.6,0.8
T-VH-1014-32,VH-1014,DR-224,Nelspruit DC,2026-06-02,147.8,149.2,54803,54952.2,4,3,55.0,37.3
T-VH-1024-62,VH-1024,DR-208,Polokwane DC,2026-07-02,311.7,312.7,59307,59619.7,2,0,21.5,6.9
T-VH-1021-87,VH-1021,DR-227,Nelspruit DC,2026-07-27,144.6,160.5,63033,63193.5,0,1,28.6,3.7
T-VH-1008-43,VH-1008,DR-222,Polokwane DC,2026-06-13,169.1,175.1,56435,56610.1,1,1,35.7,5.0
T-VH-1018-106,VH-1018,DR-212,Nelspruit DC,2026-08-15,189.6,191.8,65915,66106.8,1,1,4.8,5.7
T-VH-1010-17,VH-1010,DR-210,Pretoria DC,2026-05-18,133.6,148.1,52536,52684.1,2,3,23.4,2.2
T-VH-1009-14,VH-1009,DR-213,Nelspruit DC,2026-05-15,143.2,147.9,52098,52245.9,0,0,25.4,2.8
T-VH-1000-110,VH-1000,DR-218,Pretoria DC,2026-08-19,142.1,143.0,66501,66644.0,2,2,26.8,3.2
T-VH-1003-119,VH-1003,DR-227,Nelspruit DC,2026-08-28,292.5,300.7,67847,68147.7,0,3,25.9,3.7
T-VH-1011-82,VH-1011,DR-208,Polokwane DC,2026-07-22,250.2,270.9,62306,62576.9,3,0,19.6,5.2
T-VH-1011-78,VH-1011,DR-208,Polokwane DC,2026-07-18,242.6,263.3,61683,61946.3,1,1,20.4,4.1
T-VH-1017-75,VH-1017,DR-202,Polokwane DC,2026-07-15,177.5,183.6,61258,61441.6,3,2,50.1,45.9
T-VH-1010-71,VH-1010,DR-210,Pretoria DC,2026-07-11,201.0,211.3,60653,60864.3,0,1,5.1,3.5
T-VH-1002-66,VH-1002,DR-225,Pretoria DC,2026-07-06,137.9,144.3,59888,60032.3,0,0,2.5,3.9
T-VH-1004-13,VH-1004,DR-200,Nelspruit DC,2026-05-14,144.2,156.3,51967,52123.3,0,1,13.0,4.5
T-VH-1016-48,VH-1016,DR-203,Nelspruit DC,2026-06-18,137.0,144.9,57189,57333.9,0,0,11.3,4.3
T-VH-1022-31,VH-1022,DR-211,Pretoria DC,2026-06-01,235.7,241.8,54656,54897.8,0,0,22.6,4.2
T-VH-1005-59,VH-1005,DR-224,Polokwane DC,2026-06-29,190.0,199.4,58844,59043.4,0,0,11.6,6.0
T-VH-1010-32,VH-1010,DR-210,Pretoria DC,2026-06-02,117.0,128.9,54818,54946.9,1,1,12.5,1.3
T-VH-1024-70,VH-1024,DR-208,Polokwane DC,2026-07-10,128.7,137.1,60512,60649.1,0,0,40.3,0.4
T-VH-1016-55,VH-1016,DR-203,Nelspruit DC,2026-06-25,189.7,205.9,58270,58475.9,0,1,39.4,0.7
T-VH-1022-25,VH-1022,DR-211,Pretoria DC,2026-05-26,175.9,181.5,53770,53951.5,2,1,3.6,2.2
T-VH-1007-90,VH-1007,DR-205,Pretoria DC,2026-07-30,185.4,191.6,63493,63684.6,0,0,22.2,4.8
T-VH-1023-113,VH-1023,DR-219,Polokwane DC,2026-08-22,160.1,160.3,66955,67115.3,2,2,64.2,40.1
T-VH-1016-47,VH-1016,DR-203,Nelspruit DC,2026-06-17,146.2,157.9,57052,57209.9,0,0,13.1,4.3
T-VH-1005-105,VH-1005,DR-224,Polokwane DC,2026-08-14,231.9,233.1,65743,65976.1,0,1,5.6,5.4
T-VH-1022-36,VH-1022,DR-211,Pretoria DC,2026-06-06,157.7,164.2,55401,55565.2,1,2,7.9,0.3
T-VH-1003-17,VH-1003,DR-227,Nelspruit DC,2026-05-18,150.3,162.5,52568,52730.5,1,0,23.2,4.9
T-VH-1003-50,VH-1003,DR-227,Nelspruit DC,2026-06-20,230.4,245.4,57482,57727.4,2,0,10.8,1.3
T-VH-1024-18,VH-1024,DR-208,Polokwane DC,2026-05-19,54.8,57.0,52709,52766.0,0,0,24.3,0.2
T-VH-1005-111,VH-1005,DR-224,Polokwane DC,2026-08-20,236.3,260.6,66643,66903.6,0,2,27.4,2.9
T-VH-1006-55,VH-1006,DR-225,Pretoria DC,2026-06-25,215.5,219.1,58232,58451.1,1,0,1.1,0.9
T-VH-1004-3,VH-1004,DR-200,Nelspruit DC,2026-05-04,186.1,196.5,50432,50628.5,0,0,20.1,4.5
T-VH-1009-63,VH-1009,DR-213,Nelspruit DC,2026-07-03,281.3,287.6,59454,59741.6,2,0,22.3,3.8
T-VH-1023-96,VH-1023,DR-219,Polokwane DC,2026-08-05,177.6,184.6,64408,64592.6,3,2,39.4,46.1
T-VH-1009-35,VH-1009,DR-213,Nelspruit DC,2026-06-05,84.2,91.3,55256,55347.3,0,1,17.7,1.0
T-VH-1002-45,VH-1002,DR-225,Pretoria DC,2026-06-15,285.2,298.9,56761,57059.9,2,3,28.5,1.8
T-VH-1021-35,VH-1021,DR-227,Nelspruit DC,2026-06-05,202.3,221.2,55250,55471.2,1,0,36.5,6.1
T-VH-1011-92,VH-1011,DR-208,Polokwane DC,2026-08-01,217.4,236.2,63798,64034.2,0,1,17.5,4.9
T-VH-1012-12,VH-1012,DR-204,Pretoria DC,2026-05-13,161.9,166.8,51789,51955.8,0,0,20.0,2.0
T-VH-1012-76,VH-1012,DR-204,Pretoria DC,2026-07-16,238.4,251.6,61394,61645.6,1,1,29.4,7.1
T-VH-1012-10,VH-1012,DR-204,Pretoria DC,2026-05-11,123.3,130.3,51495,51625.3,1,3,37.7,2.1
T-VH-1011-70,VH-1011,DR-208,Polokwane DC,2026-07-10,212.3,215.9,60480,60695.9,1,1,33.2,2.8
T-VH-1018-112,VH-1018,DR-212,Nelspruit DC,2026-08-21,212.3,231.3,66786,67017.3,1,0,11.6,1.8
T-VH-1005-29,VH-1005,DR-224,Polokwane DC,2026-05-30,174.2,190.3,54354,54544.3,0,1,22.0,2.3
T-VH-1022-5,VH-1022,DR-211,Pretoria DC,2026-05-06,265.8,266.6,50768,51034.6,0,3,31.2,6.1
T-VH-1018-85,VH-1018,DR-212,Nelspruit DC,2026-07-25,223.4,228.4,62763,62991.4,1,2,30.3,6.3
T-VH-1017-7,VH-1017,DR-202,Polokwane DC,2026-05-08,174.1,185.2,51056,51241.2,7,3,50.7,46.3
T-VH-1022-63,VH-1022,DR-211,Pretoria DC,2026-07-03,251.4,255.3,59446,59701.3,1,1,-10.2,4.9
T-VH-1023-110,VH-1023,DR-219,Polokwane DC,2026-08-19,133.7,136.5,66509,66645.5,2,2,44.9,34.1
T-VH-1020-106,VH-1020,DR-211,Polokwane DC,2026-08-15,200.2,209.3,65888,66097.3,1,0,18.2,1.5
T-VH-1011-116,VH-1011,DR-208,Polokwane DC,2026-08-25,235.9,249.3,67399,67648.3,1,0,40.0,1.3
T-VH-1018-63,VH-1018,DR-212,Nelspruit DC,2026-07-03,152.7,153.9,59459,59612.9,1,0,4.3,0.2
T-VH-1020-66,VH-1020,DR-211,Polokwane DC,2026-07-06,125.0,132.5,59915,60047.5,1,0,15.9,1.3
T-VH-1007-117,VH-1007,DR-205,Pretoria DC,2026-08-26,171.2,179.9,67541,67720.9,2,0,9.9,0.7
T-VH-1011-10,VH-1011,DR-208,Polokwane DC,2026-05-11,142.8,154.4,51506,51660.4,2,0,24.3,0.3
T-VH-1024-82,VH-1024,DR-208,Polokwane DC,2026-07-22,193.7,198.0,62280,62478.0,2,2,21.5,2.4
T-VH-1000-55,VH-1000,DR-218,Pretoria DC,2026-06-25,151.1,162.6,58257,58419.6,2,0,26.3,1.9
T-VH-1015-31,VH-1015,DR-210,Johannesburg DC,2026-06-01,231.3,242.0,54661,54903.0,2,0,28.0,6.4
T-VH-1024-3,VH-1024,DR-208,Polokwane DC,2026-05-04,179.7,195.3,50451,50646.3,0,0,15.9,4.8
T-VH-1009-39,VH-1009,DR-213,Nelspruit DC,2026-06-09,191.0,211.8,55838,56049.8,1,1,8.6,4.7
T-VH-1016-33,VH-1016,DR-203,Nelspruit DC,2026-06-03,200.3,218.9,54948,55166.9,1,1,8.2,1.3
T-VH-1014-92,VH-1014,DR-224,Nelspruit DC,2026-08-01,248.7,259.4,63785,64044.4,1,2,47.1,64.8
T-VH-1014-80,VH-1014,DR-224,Nelspruit DC,2026-07-20,205.7,215.6,61984,62199.6,4,2,50.3,53.9
T-VH-1013-18,VH-1013,DR-206,Johannesburg DC,2026-05-19,221.4,222.9,52717,52939.9,2,1,32.5,2.2
T-VH-1014-57,VH-1014,DR-224,Nelspruit DC,2026-06-27,170.4,174.2,58563,58737.2,2,4,30.9,43.5
T-VH-1004-101,VH-1004,DR-200,Nelspruit DC,2026-08-10,208.6,231.5,65135,65366.5,0,0,10.1,5.8
T-VH-1000-22,VH-1000,DR-218,Pretoria DC,2026-05-23,241.4,253.8,53301,53554.8,0,0,20.1,6.1
T-VH-1000-94,VH-1000,DR-218,Pretoria DC,2026-08-03,192.9,203.1,64090,64293.1,1,0,31.6,2.4
T-VH-1016-34,VH-1016,DR-203,Nelspruit DC,2026-06-04,181.4,188.2,55106,55294.2,0,0,16.2,0.5
T-VH-1018-101,VH-1018,DR-212,Nelspruit DC,2026-08-10,137.3,141.0,65167,65308.0,0,0,21.6,1.4
T-VH-1000-47,VH-1000,DR-218,Pretoria DC,2026-06-17,75.8,76.6,57032,57108.6,0,1,37.4,0.0
T-VH-1004-19,VH-1004,DR-200,Nelspruit DC,2026-05-20,210.8,225.6,52869,53094.6,3,1,13.1,6.7
T-VH-1015-96,VH-1015,DR-210,Johannesburg DC,2026-08-05,164.3,167.9,64381,64548.9,0,0,40.9,4.3
T-VH-1020-73,VH-1020,DR-211,Polokwane DC,2026-07-13,224.6,235.6,60945,61180.6,1,0,28.2,4.5
T-VH-1021-91,VH-1021,DR-227,Nelspruit DC,2026-07-31,223.2,226.5,63665,63891.5,0,1,4.3,0.7
T-VH-1020-48,VH-1020,DR-211,Polokwane DC,2026-06-18,177.3,186.0,57194,57380.0,1,1,3.8,5.3
T-VH-1012-36,VH-1012,DR-204,Pretoria DC,2026-06-06,201.9,224.3,55384,55608.3,1,2,20.9,4.5
T-VH-1013-90,VH-1013,DR-206,Johannesburg DC,2026-07-30,90.5,94.2,63520,63614.2,0,2,7.6,1.7
T-VH-1013-33,VH-1013,DR-206,Johannesburg DC,2026-06-03,145.3,154.9,54932,55086.9,1,0,32.2,1.0
T-VH-1000-109,VH-1000,DR-218,Pretoria DC,2026-08-18,207.2,221.5,66350,66571.5,2,0,31.3,2.7
T-VH-1017-88,VH-1017,DR-202,Polokwane DC,2026-07-28,189.4,196.6,63207,63403.6,5,6,50.1,49.2
T-VH-1010-50,VH-1010,DR-210,Pretoria DC,2026-06-20,181.2,197.2,57488,57685.2,0,2,15.7,1.8
T-VH-1016-82,VH-1016,DR-203,Nelspruit DC,2026-07-22,133.8,134.0,62304,62438.0,0,1,23.0,3.8
T-VH-1021-52,VH-1021,DR-227,Nelspruit DC,2026-06-22,77.5,77.6,57781,57858.6,0,2,25.7,1.7
T-VH-1007-55,VH-1007,DR-205,Pretoria DC,2026-06-25,108.8,118.1,58237,58355.1,0,0,42.8,1.8
T-VH-1005-118,VH-1005,DR-224,Polokwane DC,2026-08-27,64.7,68.0,67718,67786.0,1,1,12.8,0.5
T-VH-1024-29,VH-1024,DR-208,Polokwane DC,2026-05-30,122.0,127.6,54366,54493.6,0,0,28.3,3.8
T-VH-1022-96,VH-1022,DR-211,Pretoria DC,2026-08-05,117.2,121.2,64404,64525.2,0,0,26.7,1.8
T-VH-1009-5,VH-1009,DR-213,Nelspruit DC,2026-05-06,130.7,141.7,50740,50881.7,0,1,34.2,3.0
T-VH-1008-115,VH-1008,DR-222,Polokwane DC,2026-08-24,146.5,151.9,67245,67396.9,1,0,18.8,1.1
T-VH-1021-13,VH-1021,DR-227,Nelspruit DC,2026-05-14,170.0,180.7,51968,52148.7,2,2,2.2,2.3
T-VH-1021-85,VH-1021,DR-227,Nelspruit DC,2026-07-25,147.3,159.7,62739,62898.7,0,1,8.8,3.7
T-VH-1016-78,VH-1016,DR-203,Nelspruit DC,2026-07-18,312.4,328.4,61712,62040.4,1,0,11.8,8.1
T-VH-1012-11,VH-1012,DR-204,Pretoria DC,2026-05-12,157.4,169.1,51657,51826.1,3,1,35.3,1.3
T-VH-1010-41,VH-1010,DR-210,Pretoria DC,2026-06-11,94.7,105.1,56155,56260.1,1,2,27.4,2.6
T-VH-1023-63,VH-1023,DR-219,Polokwane DC,2026-07-03,267.0,274.7,59445,59719.7,4,0,60.8,68.7
T-VH-1017-50,VH-1017,DR-202,Polokwane DC,2026-06-20,137.5,144.3,57501,57645.3,5,4,52.2,36.1
T-VH-1004-67,VH-1004,DR-200,Nelspruit DC,2026-07-07,170.2,175.4,60039,60214.4,1,1,32.8,0.0
T-VH-1018-115,VH-1018,DR-212,Nelspruit DC,2026-08-24,164.3,166.1,67230,67396.1,1,1,15.8,1.6
T-VH-1001-13,VH-1001,DR-208,Johannesburg DC,2026-05-14,19.5,21.7,51936,51957.7,4,4,52.8,5.4
T-VH-1019-66,VH-1019,DR-203,Nelspruit DC,2026-07-06,106.2,110.1,59905,60015.1,0,2,23.2,0.9
T-VH-1010-0,VH-1010,DR-210,Pretoria DC,2026-05-01,234.5,240.2,50014,50254.2,1,1,13.5,3.1
T-VH-1020-18,VH-1020,DR-211,Polokwane DC,2026-05-19,146.9,155.3,52705,52860.3,0,1,21.9,2.5
T-VH-1014-87,VH-1014,DR-224,Nelspruit DC,2026-07-27,121.5,132.6,63045,63177.6,5,6,40.0,33.1
T-VH-1014-36,VH-1014,DR-224,Nelspruit DC,2026-06-06,196.8,208.8,55417,55625.8,2,4,60.3,52.2
T-VH-1021-73,VH-1021,DR-227,Nelspruit DC,2026-07-13,233.2,250.6,60938,61188.6,0,0,33.9,2.6
T-VH-1012-41,VH-1012,DR-204,Pretoria DC,2026-06-11,214.9,217.3,56147,56364.3,1,2,38.5,2.0
T-VH-1022-40,VH-1022,DR-211,Pretoria DC,2026-06-10,173.7,185.0,55993,56178.0,0,0,16.1,1.5
T-VH-1002-57,VH-1002,DR-225,Pretoria DC,2026-06-27,173.4,176.9,58569,58745.9,2,1,18.2,5.2
T-VH-1009-26,VH-1009,DR-213,Nelspruit DC,2026-05-27,174.2,186.1,53908,54094.1,1,0,2.8,3.9
T-VH-1012-113,VH-1012,DR-204,Pretoria DC,2026-08-22,145.8,153.3,66943,67096.3,0,0,11.2,4.4
T-VH-1013-95,VH-1013,DR-206,Johannesburg DC,2026-08-04,143.6,155.4,64250,64405.4,1,1,39.3,0.3
T-VH-1020-97,VH-1020,DR-211,Polokwane DC,2026-08-06,74.0,80.7,64530,64610.7,1,0,42.1,0.9
T-VH-1017-14,VH-1017,DR-202,Polokwane DC,2026-05-15,178.2,197.7,52107,52304.7,2,1,62.1,49.4
T-VH-1000-74,VH-1000,DR-218,Pretoria DC,2026-07-14,87.4,94.9,61110,61204.9,0,0,13.9,0.1
T-VH-1008-112,VH-1008,DR-222,Polokwane DC,2026-08-21,132.9,133.0,66799,66932.0,0,0,28.1,1.5
T-VH-1017-95,VH-1017,DR-202,Polokwane DC,2026-08-04,157.5,169.2,64243,64412.2,1,1,43.7,42.3
T-VH-1002-32,VH-1002,DR-225,Pretoria DC,2026-06-02,143.1,155.9,54787,54942.9,0,0,11.8,0.6
T-VH-1013-73,VH-1013,DR-206,Johannesburg DC,2026-07-13,142.3,147.8,60956,61103.8,2,2,22.7,2.3
T-VH-1017-73,VH-1017,DR-202,Polokwane DC,2026-07-13,120.3,128.4,60956,61084.4,2,4,51.5,32.1
T-VH-1011-80,VH-1011,DR-208,Polokwane DC,2026-07-20,159.8,164.7,61986,62150.7,2,1,20.7,2.2
T-VH-1004-84,VH-1004,DR-200,Nelspruit DC,2026-07-24,133.6,142.8,62604,62746.8,1,0,14.9,0.0
T-VH-1020-115,VH-1020,DR-211,Polokwane DC,2026-08-24,268.7,270.1,67260,67530.1,0,1,39.8,1.4
T-VH-1010-19,VH-1010,DR-210,Pretoria DC,2026-05-20,73.8,76.0,52848,52924.0,0,1,13.7,1.0
T-VH-1021-38,VH-1021,DR-227,Nelspruit DC,2026-06-08,156.5,165.9,55701,55651.0,0,2,4.6,1.2
T-VH-1020-102,VH-1020,DR-211,Polokwane DC,2026-08-11,149.7,154.8,65309,65463.8,1,1,17.2,4.5
T-VH-1003-19,VH-1003,DR-227,Nelspruit DC,2026-05-20,207.2,223.9,52866,53089.9,1,1,1.8,0.3
T-VH-1001-8,VH-1001,DR-208,Johannesburg DC,2026-05-09,235.2,239.4,51196,51435.4,2,2,27.0,59.8
T-VH-1000-56,VH-1000,DR-218,Pretoria DC,2026-06-26,159.5,167.3,58402,58569.3,0,2,20.2,0.9
T-VH-1023-31,VH-1023,DR-219,Polokwane DC,2026-06-01,167.4,170.7,54658,54828.7,2,5,57.3,42.7
T-VH-1015-60,VH-1015,DR-210,Johannesburg DC,2026-06-30,194.4,212.7,59008,59220.7,0,0,19.2,4.2
T-VH-1016-21,VH-1016,DR-203,Nelspruit DC,2026-05-22,134.0,145.7,53135,53280.7,0,0,41.2,1.9
T-VH-1005-20,VH-1005,DR-224,Polokwane DC,2026-05-21,149.5,156.1,53005,53161.1,2,1,23.3,3.4
T-VH-1002-90,VH-1002,DR-225,Pretoria DC,2026-07-30,249.7,273.3,63516,63789.3,0,2,31.5,0.6
T-VH-1002-27,VH-1002,DR-225,Pretoria DC,2026-05-28,230.1,231.0,54031,54262.0,1,0,23.2,4.3
T-VH-1013-68,VH-1013,DR-206,Johannesburg DC,2026-07-08,194.1,202.2,60188,60390.2,1,0,23.5,5.2
T-VH-1015-94,VH-1015,DR-210,Johannesburg DC,2026-08-03,121.8,122.5,64082,64204.5,2,1,19.9,3.6
T-VH-1007-35,VH-1007,DR-205,Pretoria DC,2026-06-05,176.2,193.1,55270,55463.1,1,0,10.7,3.7
T-VH-1014-113,VH-1014,DR-224,Nelspruit DC,2026-08-22,163.8,180.3,66954,67134.3,1,1,39.5,45.1
T-VH-1011-109,VH-1011,DR-208,Polokwane DC,2026-08-18,147.3,160.1,66348,66508.1,2,0,14.4,3.7
T-VH-1013-56,VH-1013,DR-206,Johannesburg DC,2026-06-26,164.3,173.5,58388,58561.5,0,0,19.0,0.0
T-VH-1020-104,VH-1020,DR-211,Polokwane DC,2026-08-13,140.2,150.8,65599,65749.8,0,2,28.4,1.3
T-VH-1018-43,VH-1018,DR-212,Nelspruit DC,2026-06-13,216.6,222.5,56464,56686.5,1,1,28.7,4.9
T-VH-1022-64,VH-1022,DR-211,Pretoria DC,2026-07-04,111.9,114.2,59590,59704.2,0,1,32.1,2.7
T-VH-1007-8,VH-1007,DR-205,Pretoria DC,2026-05-09,257.4,283.3,51183,51466.3,1,0,20.9,0.1
T-VH-1008-31,VH-1008,DR-222,Polokwane DC,2026-06-01,172.2,179.3,54630,54809.3,0,0,14.1,1.2
T-VH-1005-85,VH-1005,DR-224,Polokwane DC,2026-07-25,76.9,84.9,62755,62839.9,1,1,-1.7,0.6
T-VH-1001-67,VH-1001,DR-208,Johannesburg DC,2026-07-07,212.5,229.5,60040,60269.5,1,4,33.3,57.4
T-VH-1009-116,VH-1009,DR-213,Nelspruit DC,2026-08-25,111.0,117.0,67385,67502.0,0,2,31.1,3.2
T-VH-1015-104,VH-1015,DR-210,Johannesburg DC,2026-08-13,252.6,263.3,65595,65858.3,1,0,30.4,0.3
T-VH-1017-0,VH-1017,DR-202,Polokwane DC,2026-05-01,302.9,327.8,50016,50343.8,3,4,42.4,81.9
T-VH-1013-0,VH-1013,DR-206,Johannesburg DC,2026-05-01,207.4,210.1,50012,50222.1,1,2,16.9,0.7
T-VH-1021-48,VH-1021,DR-227,Nelspruit DC,2026-06-18,185.4,200.8,57210,57410.8,1,1,5.2,0.5
T-VH-1000-53,VH-1000,DR-218,Pretoria DC,2026-06-23,181.0,189.9,57949,58138.9,0,1,38.6,5.0
T-VH-1023-78,VH-1023,DR-219,Polokwane DC,2026-07-18,75.9,77.6,61682,61759.6,4,2,56.5,19.4
T-VH-1008-19,VH-1008,DR-222,Polokwane DC,2026-05-20,103.5,112.0,52866,52978.0,0,2,24.9,3.1
T-VH-1017-42,VH-1017,DR-202,Polokwane DC,2026-06-12,268.6,276.3,56291,56567.3,5,0,35.7,69.1
T-VH-1001-110,VH-1001,DR-208,Johannesburg DC,2026-08-19,208.1,214.9,66515,66729.9,4,1,46.9,53.7
T-VH-1020-105,VH-1020,DR-211,Polokwane DC,2026-08-14,75.1,76.9,65731,65807.9,0,4,9.4,2.3
T-VH-1020-50,VH-1020,DR-211,Polokwane DC,2026-06-20,158.3,161.7,57506,57667.7,0,2,11.6,3.4
T-VH-1008-91,VH-1008,DR-222,Polokwane DC,2026-07-31,243.7,252.6,63669,63921.6,2,1,37.5,7.6
T-VH-1005-41,VH-1005,DR-224,Polokwane DC,2026-06-11,145.6,152.6,56163,56315.6,0,0,-1.1,4.0
T-VH-1018-116,VH-1018,DR-212,Nelspruit DC,2026-08-25,176.3,180.8,67386,67566.8,1,1,30.5,4.9
T-VH-1016-1,VH-1016,DR-203,Nelspruit DC,2026-05-02,210.3,233.1,50141,50374.1,1,0,29.5,6.1
T-VH-1013-117,VH-1013,DR-206,Johannesburg DC,2026-08-26,161.8,166.7,67567,67733.7,0,4,22.3,1.3
T-VH-1005-1,VH-1005,DR-224,Polokwane DC,2026-05-02,113.8,122.5,50156,50278.5,4,1,33.3,2.9
T-VH-1017-85,VH-1017,DR-202,Polokwane DC,2026-07-25,240.2,254.6,62745,62999.6,2,1,55.6,63.7
T-VH-1024-102,VH-1024,DR-208,Polokwane DC,2026-08-11,132.7,142.6,65316,65458.6,1,1,22.5,3.6
T-VH-1004-20,VH-1004,DR-200,Nelspruit DC,2026-05-21,28.7,30.7,52984,53014.7,0,0,23.4,0.6
T-VH-1017-56,VH-1017,DR-202,Polokwane DC,2026-06-26,135.0,138.4,58410,58548.4,3,5,44.1,34.6
T-VH-1023-59,VH-1023,DR-219,Polokwane DC,2026-06-29,238.0,242.8,58839,59081.8,4,6,42.7,60.7
T-VH-1001-31,VH-1001,DR-208,Johannesburg DC,2026-06-01,210.9,224.4,54665,54889.4,2,5,41.1,56.1
T-VH-1015-61,VH-1015,DR-210,Johannesburg DC,2026-07-01,188.7,195.8,59160,59355.8,1,3,23.5,3.4
T-VH-1014-34,VH-1014,DR-224,Nelspruit DC,2026-06-04,79.9,82.6,55119,55201.6,0,2,41.8,20.6
T-VH-1005-34,VH-1005,DR-224,Polokwane DC,2026-06-04,179.6,194.5,55098,55292.5,0,2,5.2,5.4
T-VH-1009-4,VH-1009,DR-213,Nelspruit DC,2026-05-05,207.3,211.4,50620,50831.4,0,0,15.7,2.5
T-VH-1003-53,VH-1003,DR-227,Nelspruit DC,2026-06-23,147.8,158.1,57968,58126.1,2,1,31.9,1.5
T-VH-1006-106,VH-1006,DR-225,Pretoria DC,2026-08-15,235.1,238.6,65898,66136.6,2,3,7.2,5.9
T-VH-1000-3,VH-1000,DR-218,Pretoria DC,2026-05-04,175.5,193.4,50443,50636.4,2,1,41.5,3.4
T-VH-1023-19,VH-1023,DR-219,Polokwane DC,2026-05-20,233.3,250.9,52852,53102.9,0,2,57.1,62.7
T-VH-1021-115,VH-1021,DR-227,Nelspruit DC,2026-08-24,157.6,158.0,67253,67411.0,1,1,24.8,3.9
T-VH-1004-111,VH-1004,DR-200,Nelspruit DC,2026-08-20,257.4,259.4,66647,66906.4,0,1,25.5,5.6
T-VH-1002-7,VH-1002,DR-225,Pretoria DC,2026-05-08,115.4,120.9,51041,51161.9,0,1,13.8,1.0
T-VH-1021-82,VH-1021,DR-227,Nelspruit DC,2026-07-22,178.9,185.0,62303,62488.0,2,1,40.5,2.3
T-VH-1013-118,VH-1013,DR-206,Johannesburg DC,2026-08-27,275.3,303.6,67699,68002.6,0,2,21.9,0.7
T-VH-1022-59,VH-1022,DR-211,Pretoria DC,2026-06-29,162.5,166.1,58841,59007.1,1,1,2.8,0.2
T-VH-1020-10,VH-1020,DR-211,Polokwane DC,2026-05-11,129.8,131.7,51501,51632.7,1,1,33.2,1.8
T-VH-1021-69,VH-1021,DR-227,Nelspruit DC,2026-07-09,266.8,285.7,60359,60644.7,0,0,25.3,2.0
T-VH-1024-78,VH-1024,DR-208,Polokwane DC,2026-07-18,199.5,210.4,61693,61903.4,1,2,23.4,5.9
T-VH-1007-61,VH-1007,DR-205,Pretoria DC,2026-07-01,188.7,197.5,59140,59337.5,2,1,35.2,0.3
T-VH-1006-98,VH-1006,DR-225,Pretoria DC,2026-08-07,118.3,128.1,64702,64830.1,3,0,33.0,0.4
T-VH-1013-94,VH-1013,DR-206,Johannesburg DC,2026-08-03,86.8,95.7,64119,64214.7,1,1,29.9,2.7
T-VH-1015-92,VH-1015,DR-210,Johannesburg DC,2026-08-01,175.0,184.6,63802,63986.6,2,2,18.4,3.8
T-VH-1010-43,VH-1010,DR-210,Pretoria DC,2026-06-13,148.1,157.3,56435,56592.3,0,0,20.9,1.9
T-VH-1022-61,VH-1022,DR-211,Pretoria DC,2026-07-01,106.3,112.4,59167,59279.4,0,0,15.9,0.7
T-VH-1006-80,VH-1006,DR-225,Pretoria DC,2026-07-20,180.0,185.6,61997,62182.6,4,2,31.6,5.0
T-VH-1009-91,VH-1009,DR-213,Nelspruit DC,2026-07-31,225.3,229.4,63636,63865.4,3,0,12.7,0.4
T-VH-1019-57,VH-1019,DR-203,Nelspruit DC,2026-06-27,239.2,239.5,58566,58805.5,1,1,4.8,4.3
T-VH-1003-26,VH-1003,DR-227,Nelspruit DC,2026-05-27,85.8,89.3,53901,53990.3,0,1,29.7,1.6
T-VH-1024-60,VH-1024,DR-208,Polokwane DC,2026-06-30,145.1,154.1,58998,59152.1,0,2,13.9,3.9
T-VH-1006-81,VH-1006,DR-225,Pretoria DC,2026-07-21,82.0,89.7,62151,62240.7,0,2,12.2,2.4
T-VH-1007-82,VH-1007,DR-205,Pretoria DC,2026-07-22,212.0,219.5,62299,62518.5,0,1,3.7,0.8
T-VH-1000-119,VH-1000,DR-218,Pretoria DC,2026-08-28,321.3,323.5,67863,68186.5,1,2,26.4,6.6
T-VH-1016-5,VH-1016,DR-203,Nelspruit DC,2026-05-06,187.0,196.0,50763,50959.0,1,2,21.8,0.4
T-VH-1004-115,VH-1004,DR-200,Nelspruit DC,2026-08-24,222.7,230.8,67240,67470.8,1,0,38.8,3.7
T-VH-1024-92,VH-1024,DR-208,Polokwane DC,2026-08-01,177.8,191.6,63793,63984.6,1,0,12.8,0.3
T-VH-1024-97,VH-1024,DR-208,Polokwane DC,2026-08-06,89.7,92.8,64556,64648.8,3,0,22.1,2.7
T-VH-1021-45,VH-1021,DR-227,Nelspruit DC,2026-06-15,258.9,263.4,56758,57021.4,0,1,31.8,0.6
T-VH-1015-68,VH-1015,DR-210,Johannesburg DC,2026-07-08,172.3,172.5,60220,60392.5,2,0,18.4,4.9
T-VH-1021-106,VH-1021,DR-227,Nelspruit DC,2026-08-15,179.8,179.8,65906,66085.8,1,1,27.3,3.1
T-VH-1002-17,VH-1002,DR-225,Pretoria DC,2026-05-18,153.0,160.0,52540,52700.0,0,1,26.7,4.8
T-VH-1005-116,VH-1005,DR-224,Polokwane DC,2026-08-25,276.6,281.8,67397,67678.8,1,1,12.5,7.3
T-VH-1007-95,VH-1007,DR-205,Pretoria DC,2026-08-04,87.5,93.8,64249,64342.8,0,0,23.6,1.1
T-VH-1001-103,VH-1001,DR-208,Johannesburg DC,2026-08-12,143.5,148.7,65460,65608.7,2,6,33.2,37.2
T-VH-1019-52,VH-1019,DR-203,Nelspruit DC,2026-06-22,190.4,194.8,57801,57995.8,1,2,5.9,1.0
T-VH-1022-34,VH-1022,DR-211,Pretoria DC,2026-06-04,127.2,132.9,55085,55217.9,0,2,7.7,0.2
T-VH-1023-40,VH-1023,DR-219,Polokwane DC,2026-06-10,139.3,150.3,56010,56160.3,4,5,43.2,37.6
T-VH-1007-71,VH-1007,DR-205,Pretoria DC,2026-07-11,170.5,182.6,60666,60848.6,0,1,26.1,2.7
T-VH-1014-10,VH-1014,DR-224,Nelspruit DC,2026-05-11,132.3,133.9,51489,51622.9,5,1,42.5,33.5
T-VH-1002-21,VH-1002,DR-225,Pretoria DC,2026-05-22,183.8,190.5,53139,53329.5,0,2,3.6,2.0
T-VH-1010-49,VH-1010,DR-210,Pretoria DC,2026-06-19,211.9,224.1,57358,57582.1,0,3,1.5,1.8
T-VH-1019-28,VH-1019,DR-203,Nelspruit DC,2026-05-29,204.6,219.1,54202,54421.1,1,1,15.8,5.6
T-VH-1019-92,VH-1019,DR-203,Nelspruit DC,2026-08-01,247.2,254.9,63806,64060.9,1,2,6.4,4.7
T-VH-1020-42,VH-1020,DR-211,Polokwane DC,2026-06-12,168.7,176.1,56296,56472.1,0,0,17.8,0.5
T-VH-1013-113,VH-1013,DR-206,Johannesburg DC,2026-08-22,152.5,156.4,66959,67115.4,2,1,19.2,1.6
T-VH-1011-36,VH-1011,DR-208,Polokwane DC,2026-06-06,87.0,87.1,55418,55505.1,2,2,27.7,0.3
T-VH-1007-19,VH-1007,DR-205,Pretoria DC,2026-05-20,101.1,110.3,52845,52955.3,0,2,11.6,0.1
T-VH-1001-10,VH-1001,DR-208,Johannesburg DC,2026-05-11,208.8,208.8,51496,51704.8,5,4,40.1,52.2
T-VH-1009-62,VH-1009,DR-213,Nelspruit DC,2026-07-02,62.2,64.4,59305,59369.4,1,0,18.6,0.5
T-VH-1015-85,VH-1015,DR-210,Johannesburg DC,2026-07-25,99.9,102.7,62737,62839.7,0,0,34.3,1.0
T-VH-1000-75,VH-1000,DR-218,Pretoria DC,2026-07-15,188.5,203.3,61247,61450.3,0,1,21.4,0.4
T-VH-1013-26,VH-1013,DR-206,Johannesburg DC,2026-05-27,163.2,175.0,53899,54074.0,0,1,6.6,4.9
T-VH-1017-28,VH-1017,DR-202,Polokwane DC,2026-05-29,130.2,141.0,54195,54336.0,2,2,41.9,35.2
T-VH-1018-19,VH-1018,DR-212,Nelspruit DC,2026-05-20,218.4,221.7,52830,53051.7,0,1,10.1,3.2
T-VH-1003-101,VH-1003,DR-227,Nelspruit DC,2026-08-10,208.9,228.8,65139,65367.8,0,1,26.0,0.6
T-VH-1012-35,VH-1012,DR-204,Pretoria DC,2026-06-05,173.5,174.1,55267,55441.1,2,0,37.7,1.8
T-VH-1001-20,VH-1001,DR-208,Johannesburg DC,2026-05-21,120.3,128.3,53006,53134.3,3,1,59.2,32.1
T-VH-1018-48,VH-1018,DR-212,Nelspruit DC,2026-06-18,118.5,131.5,57220,57351.5,0,1,8.4,3.9
T-VH-1011-39,VH-1011,DR-208,Polokwane DC,2026-06-09,155.6,162.9,55861,56023.9,0,0,27.0,1.0
T-VH-1011-43,VH-1011,DR-208,Polokwane DC,2026-06-13,336.6,367.1,56448,56815.1,0,2,8.8,4.4
T-VH-1004-22,VH-1004,DR-200,Nelspruit DC,2026-05-23,137.1,145.7,53319,53464.7,1,2,10.8,4.1
T-VH-1016-111,VH-1016,DR-203,Nelspruit DC,2026-08-20,179.5,188.1,66666,66854.1,0,0,8.5,4.9
T-VH-1001-14,VH-1001,DR-208,Johannesburg DC,2026-05-15,74.6,76.8,52105,52181.8,4,2,36.9,19.2
T-VH-1000-101,VH-1000,DR-218,Pretoria DC,2026-08-10,71.7,74.6,65137,65211.6,0,4,26.0,1.7
T-VH-1020-28,VH-1020,DR-211,Polokwane DC,2026-05-29,185.6,198.4,54216,54414.4,1,1,19.7,0.5
T-VH-1020-113,VH-1020,DR-211,Polokwane DC,2026-08-22,158.4,171.4,66959,67130.4,1,0,4.0,3.8
T-VH-1012-117,VH-1012,DR-204,Pretoria DC,2026-08-26,75.1,80.2,67541,67621.2,0,0,17.1,0.5
T-VH-1006-92,VH-1006,DR-225,Pretoria DC,2026-08-01,172.1,174.2,63794,63968.2,0,2,20.9,1.8
T-VH-1019-24,VH-1019,DR-203,Nelspruit DC,2026-05-25,132.7,147.2,53606,53753.2,1,1,17.7,4.3
T-VH-1018-13,VH-1018,DR-212,Nelspruit DC,2026-05-14,122.2,122.8,51966,52088.8,1,1,26.9,2.8
T-VH-1015-59,VH-1015,DR-210,Johannesburg DC,2026-06-29,198.6,211.8,58851,59062.8,3,1,34.6,2.7
T-VH-1024-90,VH-1024,DR-208,Polokwane DC,2026-07-30,215.0,233.6,63488,63721.6,3,0,23.9,3.5
T-VH-1016-108,VH-1016,DR-203,Nelspruit DC,2026-08-17,209.2,222.3,66190,66412.3,0,2,20.8,4.6
T-VH-1024-22,VH-1024,DR-208,Polokwane DC,2026-05-23,194.5,208.9,53306,53514.9,1,0,14.7,3.7
T-VH-1002-48,VH-1002,DR-225,Pretoria DC,2026-06-18,155.4,158.3,57186,57344.3,1,1,12.9,0.2
T-VH-1020-45,VH-1020,DR-211,Polokwane DC,2026-06-15,98.1,105.0,56759,56864.0,0,1,19.7,3.0
T-VH-1000-115,VH-1000,DR-218,Pretoria DC,2026-08-24,124.3,135.7,67262,67397.7,2,1,24.9,3.8
T-VH-1009-109,VH-1009,DR-213,Nelspruit DC,2026-08-18,125.5,131.8,66345,66476.8,0,0,37.3,0.4
T-VH-1002-95,VH-1002,DR-225,Pretoria DC,2026-08-04,154.4,162.6,64253,64415.6,2,0,7.4,3.6
T-VH-1014-88,VH-1014,DR-224,Nelspruit DC,2026-07-28,212.8,228.1,63202,63430.1,2,3,45.2,57.0
T-VH-1019-74,VH-1019,DR-203,Nelspruit DC,2026-07-14,148.2,164.1,61093,61257.1,1,1,26.7,1.9
T-VH-1013-22,VH-1013,DR-206,Johannesburg DC,2026-05-23,197.6,197.8,53311,53508.8,1,1,3.7,0.0
T-VH-1001-85,VH-1001,DR-208,Johannesburg DC,2026-07-25,228.1,235.2,62760,62995.2,5,4,51.4,58.8
T-VH-1020-111,VH-1020,DR-211,Polokwane DC,2026-08-20,108.8,113.0,66640,66753.0,1,1,25.2,3.2
T-VH-1011-85,VH-1011,DR-208,Polokwane DC,2026-07-25,97.7,105.7,62758,62863.7,0,0,13.8,2.9
T-VH-1017-35,VH-1017,DR-202,Polokwane DC,2026-06-05,39.6,41.2,55268,55309.2,4,1,58.2,10.3
T-VH-1020-31,VH-1020,DR-211,Polokwane DC,2026-06-01,59.8,60.3,54649,54709.3,0,0,15.5,1.0
T-VH-1005-56,VH-1005,DR-224,Polokwane DC,2026-06-26,154.4,169.3,58413,58582.3,0,2,26.4,3.6
T-VH-1016-116,VH-1016,DR-203,Nelspruit DC,2026-08-25,88.1,89.0,67397,67486.0,0,1,9.8,0.1
T-VH-1003-34,VH-1003,DR-227,Nelspruit DC,2026-06-04,254.5,261.6,55084,55345.6,0,1,2.6,5.6
T-VH-1009-74,VH-1009,DR-213,Nelspruit DC,2026-07-14,141.0,146.6,61088,61234.6,1,3,28.0,1.4
T-VH-1004-75,VH-1004,DR-200,Nelspruit DC,2026-07-15,93.0,102.9,61247,61349.9,1,1,20.0,1.0
T-VH-1015-39,VH-1015,DR-210,Johannesburg DC,2026-06-09,102.5,106.6,55854,55960.6,1,0,21.5,1.7
T-VH-1018-109,VH-1018,DR-212,Nelspruit DC,2026-08-18,206.3,214.6,66345,66559.6,2,1,8.9,5.4
T-VH-1003-39,VH-1003,DR-227,Nelspruit DC,2026-06-09,158.4,167.0,55867,56034.0,0,0,21.4,2.2
T-VH-1013-43,VH-1013,DR-206,Johannesburg DC,2026-06-13,199.9,221.3,56460,56681.3,0,0,13.8,5.3
T-VH-1018-81,VH-1018,DR-212,Nelspruit DC,2026-07-21,77.5,85.8,62156,62241.8,2,1,33.7,1.4
T-VH-1005-54,VH-1005,DR-224,Polokwane DC,2026-06-24,200.3,208.4,58117,58325.4,1,2,8.4,2.8
T-VH-1001-113,VH-1001,DR-208,Johannesburg DC,2026-08-22,120.7,121.0,66930,67051.0,1,0,48.2,30.2
T-VH-1006-82,VH-1006,DR-225,Pretoria DC,2026-07-22,212.7,231.9,62285,62516.9,1,1,34.7,1.8
T-VH-1000-33,VH-1000,DR-218,Pretoria DC,2026-06-03,107.4,108.6,54965,55073.6,1,0,-4.1,1.4
T-VH-1004-35,VH-1004,DR-200,Nelspruit DC,2026-06-05,106.3,108.2,55251,55359.2,1,0,16.5,0.6
T-VH-1015-111,VH-1015,DR-210,Johannesburg DC,2026-08-20,190.9,192.9,66642,66834.9,0,1,19.9,2.0
T-VH-1001-99,VH-1001,DR-208,Johannesburg DC,2026-08-08,209.2,220.6,64836,65056.6,5,2,35.6,55.1
T-VH-1022-67,VH-1022,DR-211,Pretoria DC,2026-07-07,106.1,112.2,60052,60164.2,0,0,16.7,0.3
T-VH-1009-95,VH-1009,DR-213,Nelspruit DC,2026-08-04,200.7,206.7,64257,64463.7,0,0,12.4,5.3
T-VH-1008-38,VH-1008,DR-222,Polokwane DC,2026-06-08,191.0,198.1,55708,55906.1,1,0,16.0,0.8
T-VH-1004-45,VH-1004,DR-200,Nelspruit DC,2026-06-15,205.1,214.1,56734,56948.1,1,0,28.2,2.6
T-VH-1009-115,VH-1009,DR-213,Nelspruit DC,2026-08-24,204.5,214.6,67238,67452.6,1,1,18.9,5.8
T-VH-1020-60,VH-1020,DR-211,Polokwane DC,2026-06-30,50.0,53.8,58988,59041.8,0,2,40.4,0.7
T-VH-1002-112,VH-1002,DR-225,Pretoria DC,2026-08-21,183.5,193.3,66811,67004.3,1,2,19.8,1.8
T-VH-1018-11,VH-1018,DR-212,Nelspruit DC,2026-05-12,112.4,113.7,51639,51752.7,0,0,20.5,2.2
T-VH-1022-19,VH-1022,DR-211,Pretoria DC,2026-05-20,204.8,217.7,52854,53071.7,0,1,39.0,5.9
T-VH-1000-90,VH-1000,DR-218,Pretoria DC,2026-07-30,250.7,254.2,63512,63766.2,0,0,17.8,0.1
T-VH-1004-17,VH-1004,DR-200,Nelspruit DC,2026-05-18,195.6,216.7,52566,52782.7,0,1,17.6,2.0
T-VH-1014-19,VH-1014,DR-224,Nelspruit DC,2026-05-20,105.2,111.7,52862,52973.7,5,2,37.5,27.9
T-VH-1009-38,VH-1009,DR-213,Nelspruit DC,2026-06-08,263.2,265.0,55681,55946.0,0,1,14.0,7.1
T-VH-1012-39,VH-1012,DR-204,Pretoria DC,2026-06-09,185.7,204.1,55853,56057.1,1,2,30.0,0.1
T-VH-1002-46,VH-1002,DR-225,Pretoria DC,2026-06-16,149.3,157.5,56904,57061.5,1,0,35.1,3.7
T-VH-1007-20,VH-1007,DR-205,Pretoria DC,2026-05-21,170.9,185.1,52989,53174.1,2,1,42.8,1.4
T-VH-1004-71,VH-1004,DR-200,Nelspruit DC,2026-07-11,208.4,210.6,60662,60872.6,0,1,20.2,3.9
T-VH-1012-103,VH-1012,DR-204,Pretoria DC,2026-08-12,145.9,153.1,65442,65595.1,0,0,4.6,3.4
T-VH-1001-12,VH-1001,DR-208,Johannesburg DC,2026-05-13,190.0,197.5,51805,52002.5,2,5,55.9,49.4
T-VH-1021-57,VH-1021,DR-227,Nelspruit DC,2026-06-27,255.7,273.5,58553,58826.5,0,1,7.2,0.1
T-VH-1005-42,VH-1005,DR-224,Polokwane DC,2026-06-12,216.7,231.2,56316,56547.2,0,1,13.3,0.2
T-VH-1023-87,VH-1023,DR-219,Polokwane DC,2026-07-27,129.3,141.7,63069,63210.7,3,3,11.7,35.4
T-VH-1007-3,VH-1007,DR-205,Pretoria DC,2026-05-04,239.5,262.1,50467,50729.1,0,0,26.9,4.6
T-VH-1012-89,VH-1012,DR-204,Pretoria DC,2026-07-29,211.3,233.8,63345,63578.8,0,1,21.7,4.5
T-VH-1024-50,VH-1024,DR-208,Polokwane DC,2026-06-20,143.6,153.3,57489,57642.3,2,1,14.9,3.8
T-VH-1006-105,VH-1006,DR-225,Pretoria DC,2026-08-14,187.2,205.4,65752,65957.4,0,0,23.8,5.5
T-VH-1013-46,VH-1013,DR-206,Johannesburg DC,2026-06-16,128.7,139.1,56894,57033.1,0,1,17.1,0.9
T-VH-1007-85,VH-1007,DR-205,Pretoria DC,2026-07-25,147.3,148.1,62763,62911.1,0,0,21.4,0.6
T-VH-1022-54,VH-1022,DR-211,Pretoria DC,2026-06-24,120.2,123.3,58104,58227.3,0,0,17.5,2.9
T-VH-1023-103,VH-1023,DR-219,Polokwane DC,2026-08-12,166.0,172.3,65456,65628.3,6,6,41.7,43.1
T-VH-1003-8,VH-1003,DR-227,Nelspruit DC,2026-05-09,183.4,203.5,51211,51414.5,0,3,21.8,0.7
T-VH-1003-115,VH-1003,DR-227,Nelspruit DC,2026-08-24,212.6,220.6,67239,67459.6,0,0,22.7,2.5
T-VH-1007-32,VH-1007,DR-205,Pretoria DC,2026-06-02,210.4,215.9,54793,55008.9,0,0,33.2,6.0
T-VH-1000-45,VH-1000,DR-218,Pretoria DC,2026-06-15,126.9,130.7,56742,56872.7,0,1,15.0,2.5
T-VH-1005-45,VH-1005,DR-224,Polokwane DC,2026-06-15,206.6,220.3,56737,56957.3,2,0,42.9,6.3
T-VH-1001-70,VH-1001,DR-208,Johannesburg DC,2026-07-10,325.0,326.7,60486,60812.7,3,2,43.9,81.7
T-VH-1010-102,VH-1010,DR-210,Pretoria DC,2026-08-11,124.2,135.5,65313,65448.5,0,1,32.7,3.5
T-VH-1012-80,VH-1012,DR-204,Pretoria DC,2026-07-20,80.3,81.8,61992,62073.8,0,0,6.4,1.6
T-VH-1024-94,VH-1024,DR-208,Polokwane DC,2026-08-03,92.4,96.2,64084,64180.2,1,3,20.3,1.4
T-VH-1009-0,VH-1009,DR-213,Nelspruit DC,2026-05-01,146.3,161.4,49984,50145.4,0,0,31.0,3.5
T-VH-1020-61,VH-1020,DR-211,Polokwane DC,2026-07-01,177.3,183.7,59162,59345.7,2,0,24.6,2.7
T-VH-1008-90,VH-1008,DR-222,Polokwane DC,2026-07-30,131.5,143.2,63515,63658.2,0,0,10.4,0.7
T-VH-1004-95,VH-1004,DR-200,Nelspruit DC,2026-08-04,161.3,166.9,64243,64409.9,1,1,9.3,3.6
T-VH-1019-80,VH-1019,DR-203,Nelspruit DC,2026-07-20,258.0,285.6,61993,62278.6,0,1,23.6,0.7
T-VH-1018-22,VH-1018,DR-212,Nelspruit DC,2026-05-23,106.3,116.5,53300,53416.5,1,0,14.5,3.2
T-VH-1003-98,VH-1003,DR-227,Nelspruit DC,2026-08-07,224.4,225.5,64698,64923.5,1,0,23.5,2.3
T-VH-1014-81,VH-1014,DR-224,Nelspruit DC,2026-07-21,253.7,258.1,62160,62418.1,4,8,39.4,64.5
T-VH-1006-7,VH-1006,DR-225,Pretoria DC,2026-05-08,94.3,95.8,51061,51156.8,1,0,12.8,2.4
T-VH-1004-29,VH-1004,DR-200,Nelspruit DC,2026-05-30,72.2,79.0,54344,54423.0,0,1,29.7,1.9
T-VH-1023-0,VH-1023,DR-219,Polokwane DC,2026-05-01,132.9,137.1,49981,50118.1,3,6,32.8,34.3
T-VH-1006-76,VH-1006,DR-225,Pretoria DC,2026-07-16,142.0,149.4,61410,61559.4,2,1,6.7,3.3
T-VH-1022-8,VH-1022,DR-211,Pretoria DC,2026-05-09,92.0,94.9,51199,51293.9,0,1,14.5,1.8
T-VH-1004-18,VH-1004,DR-200,Nelspruit DC,2026-05-19,151.0,166.9,52695,52861.9,1,1,17.0,0.9
T-VH-1020-4,VH-1020,DR-211,Polokwane DC,2026-05-05,222.1,246.2,50613,50859.2,0,1,33.5,1.9
T-VH-1017-111,VH-1017,DR-202,Polokwane DC,2026-08-20,162.0,179.6,66667,66846.6,2,3,61.9,44.9
T-VH-1013-88,VH-1013,DR-206,Johannesburg DC,2026-07-28,304.7,306.7,63183,63489.7,2,0,28.4,1.3
T-VH-1015-19,VH-1015,DR-210,Johannesburg DC,2026-05-20,274.4,289.8,52843,53132.8,1,0,27.1,2.9
T-VH-1010-45,VH-1010,DR-210,Pretoria DC,2026-06-15,249.7,254.2,56737,56991.2,0,1,9.4,5.5
T-VH-1005-38,VH-1005,DR-224,Polokwane DC,2026-06-08,242.0,257.1,55689,55946.1,1,0,19.8,1.9
T-VH-1023-27,VH-1023,DR-219,Polokwane DC,2026-05-28,98.8,109.7,54047,54156.7,4,3,56.0,27.4
T-VH-1015-99,VH-1015,DR-210,Johannesburg DC,2026-08-08,186.1,187.7,64834,65021.7,0,1,33.3,1.6
T-VH-1009-106,VH-1009,DR-213,Nelspruit DC,2026-08-15,193.4,214.0,65893,66107.0,1,4,15.4,1.9
T-VH-1000-34,VH-1000,DR-218,Pretoria DC,2026-06-04,174.5,190.4,55106,55296.4,1,2,15.4,0.7
T-VH-1024-73,VH-1024,DR-208,Polokwane DC,2026-07-13,221.5,241.6,60932,61173.6,1,2,22.7,6.8
T-VH-1005-48,VH-1005,DR-224,Polokwane DC,2026-06-18,234.0,249.1,57213,57462.1,1,0,5.6,1.7
T-VH-1003-47,VH-1003,DR-227,Nelspruit DC,2026-06-17,149.0,160.8,57066,57226.8,0,1,1.7,0.3
T-VH-1023-25,VH-1023,DR-219,Polokwane DC,2026-05-26,165.8,179.7,53737,53916.7,5,3,59.4,44.9
T-VH-1001-34,VH-1001,DR-208,Johannesburg DC,2026-06-04,148.1,151.8,55080,55231.8,3,3,48.0,37.9
T-VH-1005-57,VH-1005,DR-224,Polokwane DC,2026-06-27,133.7,146.3,58550,58696.3,1,0,-7.5,0.1
T-VH-1023-28,VH-1023,DR-219,Polokwane DC,2026-05-29,120.3,127.1,54200,54327.1,1,4,50.3,31.8
T-VH-1008-78,VH-1008,DR-222,Polokwane DC,2026-07-18,209.7,211.9,61686,61897.9,1,3,14.5,3.2
T-VH-1004-78,VH-1004,DR-200,Nelspruit DC,2026-07-18,120.1,124.1,61702,61826.1,0,3,16.9,2.5
T-VH-1019-35,VH-1019,DR-203,Nelspruit DC,2026-06-05,215.6,222.2,55268,55490.2,1,1,11.9,1.3
T-VH-1024-45,VH-1024,DR-208,Polokwane DC,2026-06-15,135.6,144.6,56761,56905.6,1,0,13.5,1.7
T-VH-1014-108,VH-1014,DR-224,Nelspruit DC,2026-08-17,207.5,219.9,66197,66416.9,5,4,42.3,55.0
T-VH-1021-96,VH-1021,DR-227,Nelspruit DC,2026-08-05,218.9,227.8,64386,64613.8,0,1,30.8,0.4
T-VH-1003-105,VH-1003,DR-227,Nelspruit DC,2026-08-14,157.9,164.1,65732,65896.1,0,0,24.6,0.3
T-VH-1015-13,VH-1015,DR-210,Johannesburg DC,2026-05-14,102.3,103.8,51953,52056.8,1,0,9.2,0.1
T-VH-1011-54,VH-1011,DR-208,Polokwane DC,2026-06-24,167.6,184.1,58097,58281.1,0,0,19.6,5.0
T-VH-1003-31,VH-1003,DR-227,Nelspruit DC,2026-06-01,115.5,115.8,54658,54773.8,1,3,43.2,1.1
T-VH-1007-83,VH-1007,DR-205,Pretoria DC,2026-07-23,82.1,90.8,62448,62538.8,0,1,11.4,1.2
T-VH-1018-105,VH-1018,DR-212,Nelspruit DC,2026-08-14,171.0,178.5,65746,65924.5,1,1,8.4,4.8
T-VH-1010-80,VH-1010,DR-210,Pretoria DC,2026-07-20,192.4,197.4,62020,62217.4,1,2,28.2,0.1
T-VH-1008-6,VH-1008,DR-222,Polokwane DC,2026-05-07,75.3,79.9,50886,50965.9,0,0,28.7,2.4
T-VH-1004-113,VH-1004,DR-200,Nelspruit DC,2026-08-22,162.9,163.1,66945,67108.1,1,1,26.6,4.0
T-VH-1018-27,VH-1018,DR-212,Nelspruit DC,2026-05-28,144.6,159.7,54036,54195.7,0,2,18.1,3.4
T-VH-1012-96,VH-1012,DR-204,Pretoria DC,2026-08-05,151.6,157.7,64388,64545.7,0,2,34.5,3.8
T-VH-1015-91,VH-1015,DR-210,Johannesburg DC,2026-07-31,172.3,180.0,63656,63836.0,2,0,20.7,1.8
T-VH-1001-25,VH-1001,DR-208,Johannesburg DC,2026-05-26,192.2,199.7,53737,53936.7,1,4,50.7,49.9
T-VH-1000-48,VH-1000,DR-218,Pretoria DC,2026-06-18,266.8,293.4,57197,57490.4,1,0,11.6,7.8
T-VH-1000-13,VH-1000,DR-218,Pretoria DC,2026-05-14,108.1,119.9,51948,52067.9,0,0,14.9,0.1
T-VH-1007-80,VH-1007,DR-205,Pretoria DC,2026-07-20,223.1,247.6,61981,62228.6,0,0,1.9,3.9
T-VH-1011-110,VH-1011,DR-208,Polokwane DC,2026-08-19,132.1,132.5,66481,66613.5,0,2,26.5,1.7
T-VH-1016-6,VH-1016,DR-203,Nelspruit DC,2026-05-07,222.2,235.0,50906,51141.0,1,1,10.6,4.7
T-VH-1020-22,VH-1020,DR-211,Polokwane DC,2026-05-23,272.4,274.2,53297,53571.2,3,0,11.5,3.2
T-VH-1010-83,VH-1010,DR-210,Pretoria DC,2026-07-23,240.6,259.3,62458,62717.3,1,0,22.1,2.7
T-VH-1006-19,VH-1006,DR-225,Pretoria DC,2026-05-20,178.1,184.4,52862,53046.4,1,1,7.1,1.7
T-VH-1009-21,VH-1009,DR-213,Nelspruit DC,2026-05-22,248.6,262.1,53163,53425.1,0,0,35.0,1.3
T-VH-1003-12,VH-1003,DR-227,Nelspruit DC,2026-05-13,164.3,176.9,51780,51956.9,0,1,32.6,2.7
T-VH-1000-71,VH-1000,DR-218,Pretoria DC,2026-07-11,153.6,160.1,60670,60830.1,0,0,13.5,1.9
T-VH-1013-41,VH-1013,DR-206,Johannesburg DC,2026-06-11,94.7,100.7,56156,56256.7,0,0,26.7,0.9
T-VH-1007-49,VH-1007,DR-205,Pretoria DC,2026-06-19,223.2,233.5,57354,57587.5,0,0,12.1,4.2
T-VH-1003-6,VH-1003,DR-227,Nelspruit DC,2026-05-07,197.5,201.5,50910,51111.5,0,1,26.8,5.4
T-VH-1006-39,VH-1006,DR-225,Pretoria DC,2026-06-09,123.9,134.0,55848,55982.0,2,1,9.0,1.5
T-VH-1019-97,VH-1019,DR-203,Nelspruit DC,2026-08-06,153.2,170.0,64534,64704.0,1,1,26.7,4.1
T-VH-1017-70,VH-1017,DR-202,Polokwane DC,2026-07-10,220.9,226.1,60497,60723.1,2,5,46.9,56.5
T-VH-1013-13,VH-1013,DR-206,Johannesburg DC,2026-05-14,181.2,181.6,51951,52132.6,1,1,27.2,3.6
T-VH-1018-14,VH-1018,DR-212,Nelspruit DC,2026-05-15,147.1,162.0,52104,52266.0,5,0,30.0,3.0
T-VH-1015-17,VH-1015,DR-210,Johannesburg DC,2026-05-18,228.0,251.5,52555,52806.5,0,0,17.9,0.5
T-VH-1010-1,VH-1010,DR-210,Pretoria DC,2026-05-02,258.7,279.7,50161,50440.7,1,1,16.8,8.0
T-VH-1018-80,VH-1018,DR-212,Nelspruit DC,2026-07-20,165.8,169.3,62009,62178.3,1,0,4.0,1.3
T-VH-1001-32,VH-1001,DR-208,Johannesburg DC,2026-06-02,309.8,312.7,54809,55121.7,2,5,53.2,78.2
T-VH-1008-8,VH-1008,DR-222,Polokwane DC,2026-05-09,252.1,257.9,51185,51442.9,1,0,6.7,0.8
T-VH-1024-117,VH-1024,DR-208,Polokwane DC,2026-08-26,119.0,124.0,67551,67675.0,0,0,37.0,0.4
T-VH-1013-69,VH-1013,DR-206,Johannesburg DC,2026-07-09,208.7,223.1,60346,60569.1,2,0,35.1,5.6
T-VH-1007-40,VH-1007,DR-205,Pretoria DC,2026-06-10,154.2,156.4,56004,56160.4,1,1,21.4,3.0
T-VH-1016-24,VH-1016,DR-203,Nelspruit DC,2026-05-25,132.2,137.7,53614,53751.7,0,0,32.5,2.5
T-VH-1002-108,VH-1002,DR-225,Pretoria DC,2026-08-17,190.3,200.0,66190,66390.0,2,0,24.9,1.0
T-VH-1022-24,VH-1022,DR-211,Pretoria DC,2026-05-25,140.7,148.9,53604,53752.9,1,0,13.2,1.6
T-VH-1015-98,VH-1015,DR-210,Johannesburg DC,2026-08-07,187.8,198.4,64687,64885.4,2,0,25.3,1.0
T-VH-1005-40,VH-1005,DR-224,Polokwane DC,2026-06-10,173.3,191.6,55990,56181.6,1,1,18.6,3.3
T-VH-1012-112,VH-1012,DR-204,Pretoria DC,2026-08-21,99.1,107.8,66810,66917.8,1,0,13.4,2.5
T-VH-1006-42,VH-1006,DR-225,Pretoria DC,2026-06-12,232.3,239.7,56312,56551.7,2,0,27.7,7.1
T-VH-1020-83,VH-1020,DR-211,Polokwane DC,2026-07-23,113.9,122.0,62438,62560.0,1,0,24.3,3.0
T-VH-1002-119,VH-1002,DR-225,Pretoria DC,2026-08-28,98.3,101.1,67836,67937.1,1,1,33.8,1.2
T-VH-1013-42,VH-1013,DR-206,Johannesburg DC,2026-06-12,165.7,168.0,56291,56459.0,2,1,0.9,1.6
T-VH-1023-17,VH-1023,DR-219,Polokwane DC,2026-05-18,85.2,89.0,52563,52652.0,2,2,49.0,22.3
T-VH-1009-22,VH-1009,DR-213,Nelspruit DC,2026-05-23,219.2,220.8,53306,53526.8,0,0,17.1,3.4
T-VH-1000-12,VH-1000,DR-218,Pretoria DC,2026-05-13,58.7,61.2,51807,51868.2,0,0,17.9,0.7
T-VH-1021-105,VH-1021,DR-227,Nelspruit DC,2026-08-14,262.0,264.1,65765,66029.1,2,1,21.2,0.3
T-VH-1014-8,VH-1014,DR-224,Nelspruit DC,2026-05-09,167.5,170.1,51207,51377.1,5,3,47.7,42.5
T-VH-1009-87,VH-1009,DR-213,Nelspruit DC,2026-07-27,204.9,209.5,63064,63273.5,0,0,9.4,1.9
T-VH-1019-69,VH-1019,DR-203,Nelspruit DC,2026-07-09,237.2,251.0,60336,60587.0,1,0,14.3,3.1
T-VH-1008-0,VH-1008,DR-222,Polokwane DC,2026-05-01,125.5,139.4,49990,50129.4,2,1,11.6,3.6
T-VH-1015-81,VH-1015,DR-210,Johannesburg DC,2026-07-21,218.0,218.5,62154,62372.5,1,0,13.2,2.7
T-VH-1018-90,VH-1018,DR-212,Nelspruit DC,2026-07-30,108.4,117.4,63492,63609.4,1,1,17.4,2.8
T-VH-1017-104,VH-1017,DR-202,Polokwane DC,2026-08-13,213.4,217.7,65605,65822.7,7,3,19.8,54.4
T-VH-1005-21,VH-1005,DR-224,Polokwane DC,2026-05-22,199.6,210.7,53134,53344.7,1,0,31.8,6.3
T-VH-1022-87,VH-1022,DR-211,Pretoria DC,2026-07-27,115.7,122.5,63038,63160.5,0,1,11.3,2.1
T-VH-1006-60,VH-1006,DR-225,Pretoria DC,2026-06-30,141.2,156.8,58987,59143.8,1,0,11.3,2.8
T-VH-1001-19,VH-1001,DR-208,Johannesburg DC,2026-05-20,157.1,159.0,52862,53021.0,3,7,42.1,39.8
T-VH-1014-29,VH-1014,DR-224,Nelspruit DC,2026-05-30,217.2,238.2,54334,54572.2,6,4,67.1,59.5
T-VH-1009-17,VH-1009,DR-213,Nelspruit DC,2026-05-18,167.2,180.2,52553,52733.2,0,1,33.4,1.0
T-VH-1007-113,VH-1007,DR-205,Pretoria DC,2026-08-22,105.9,111.9,66942,67053.9,0,2,30.4,2.1
T-VH-1023-6,VH-1023,DR-219,Polokwane DC,2026-05-07,260.5,275.7,50911,51186.7,2,1,55.9,68.9
T-VH-1000-31,VH-1000,DR-218,Pretoria DC,2026-06-01,52.4,55.5,54656,54711.5,3,1,16.7,0.5
T-VH-1008-102,VH-1008,DR-222,Polokwane DC,2026-08-11,229.3,244.8,65301,65545.8,0,1,33.1,3.5
T-VH-1009-33,VH-1009,DR-213,Nelspruit DC,2026-06-03,91.5,95.3,54970,55065.3,0,0,-1.9,2.1
T-VH-1016-56,VH-1016,DR-203,Nelspruit DC,2026-06-26,240.5,244.3,58411,58655.3,0,1,16.7,6.1
T-VH-1017-102,VH-1017,DR-202,Polokwane DC,2026-08-11,157.0,159.6,65281,65440.6,3,3,38.5,39.9
T-VH-1003-97,VH-1003,DR-227,Nelspruit DC,2026-08-06,172.5,178.8,64563,64741.8,0,0,14.1,1.3
T-VH-1011-34,VH-1011,DR-208,Polokwane DC,2026-06-04,157.0,157.4,55110,55267.4,1,1,16.9,0.0
T-VH-1000-26,VH-1000,DR-218,Pretoria DC,2026-05-27,298.4,311.8,53897,54208.8,1,2,19.4,6.7
T-VH-1012-118,VH-1012,DR-204,Pretoria DC,2026-08-27,188.6,207.4,67689,67896.4,0,2,12.4,0.3
T-VH-1011-68,VH-1011,DR-208,Polokwane DC,2026-07-08,102.4,107.5,60218,60325.5,1,1,32.8,0.5
T-VH-1008-3,VH-1008,DR-222,Polokwane DC,2026-05-04,108.0,109.0,50432,50541.0,0,1,36.3,2.8
T-VH-1013-75,VH-1013,DR-206,Johannesburg DC,2026-07-15,157.3,169.7,61269,61438.7,1,0,4.4,3.5
T-VH-1003-106,VH-1003,DR-227,Nelspruit DC,2026-08-15,230.8,237.0,65898,66135.0,1,0,17.5,5.0
T-VH-1014-90,VH-1014,DR-224,Nelspruit DC,2026-07-30,139.0,148.6,63508,63656.6,0,5,39.4,37.1
T-VH-1000-18,VH-1000,DR-218,Pretoria DC,2026-05-19,187.3,204.1,52701,52905.1,1,0,16.4,1.6
T-VH-1021-108,VH-1021,DR-227,Nelspruit DC,2026-08-17,213.2,227.8,66187,66414.8,2,0,11.9,1.2
T-VH-1004-91,VH-1004,DR-200,Nelspruit DC,2026-07-31,197.4,202.6,63637,63839.6,4,1,29.4,4.6
T-VH-1013-4,VH-1013,DR-206,Johannesburg DC,2026-05-05,170.3,178.0,50604,50782.0,0,1,-6.5,2.1
T-VH-1017-32,VH-1017,DR-202,Polokwane DC,2026-06-02,170.2,186.8,54795,54981.8,2,4,45.4,46.7
T-VH-1015-36,VH-1015,DR-210,Johannesburg DC,2026-06-06,123.7,133.3,55409,55542.3,0,0,35.0,2.9
T-VH-1022-81,VH-1022,DR-211,Pretoria DC,2026-07-21,62.5,66.6,62153,62219.6,1,1,27.9,0.6
T-VH-1024-10,VH-1024,DR-208,Polokwane DC,2026-05-11,97.6,101.0,51496,51597.0,0,2,26.7,0.3
T-VH-1013-70,VH-1013,DR-206,Johannesburg DC,2026-07-10,178.6,192.9,60482,60674.9,0,1,28.7,4.4
T-VH-1021-81,VH-1021,DR-227,Nelspruit DC,2026-07-21,194.0,201.9,62166,62367.9,0,3,4.5,3.6
T-VH-1005-66,VH-1005,DR-224,Polokwane DC,2026-07-06,116.0,128.4,59881,60009.4,4,1,21.3,2.1
T-VH-1007-91,VH-1007,DR-205,Pretoria DC,2026-07-31,159.4,161.7,63639,63800.7,2,2,17.5,2.8
T-VH-1001-92,VH-1001,DR-208,Johannesburg DC,2026-08-01,104.2,104.5,63806,63910.5,5,2,46.3,26.1
T-VH-1000-35,VH-1000,DR-218,Pretoria DC,2026-06-05,145.5,158.3,55268,55426.3,2,0,17.7,2.9
T-VH-1021-103,VH-1021,DR-227,Nelspruit DC,2026-08-12,130.0,137.0,65452,65589.0,0,2,25.5,1.4
T-VH-1018-99,VH-1018,DR-212,Nelspruit DC,2026-08-08,177.0,191.8,64845,65036.8,1,2,31.6,0.4
T-VH-1020-24,VH-1020,DR-211,Polokwane DC,2026-05-25,298.8,323.4,53607,53930.4,1,0,12.8,4.9
T-VH-1008-14,VH-1008,DR-222,Polokwane DC,2026-05-15,190.9,204.5,52112,52316.5,1,0,4.8,4.8
T-VH-1017-45,VH-1017,DR-202,Polokwane DC,2026-06-15,134.5,140.0,56744,56884.0,1,2,54.2,35.0
T-VH-1019-68,VH-1019,DR-203,Nelspruit DC,2026-07-08,239.1,257.9,60208,60465.9,3,1,17.9,3.0
T-VH-1001-15,VH-1001,DR-208,Johannesburg DC,2026-05-16,197.3,212.0,52268,52480.0,5,2,50.5,53.0
T-VH-1022-3,VH-1022,DR-211,Pretoria DC,2026-05-04,175.2,182.9,50450,50632.9,0,1,28.0,0.3
T-VH-1024-5,VH-1024,DR-208,Polokwane DC,2026-05-06,214.5,230.4,50761,50991.4,1,0,15.5,4.1
T-VH-1000-20,VH-1000,DR-218,Pretoria DC,2026-05-21,212.3,232.9,52995,53227.9,0,1,31.7,6.7
T-VH-1018-84,VH-1018,DR-212,Nelspruit DC,2026-07-24,173.7,191.5,62605,62796.5,0,2,19.7,2.1
T-VH-1005-32,VH-1005,DR-224,Polokwane DC,2026-06-02,229.9,238.1,54790,55028.1,0,1,45.9,5.0
T-VH-1018-56,VH-1018,DR-212,Nelspruit DC,2026-06-26,176.1,191.3,58420,58611.3,1,1,15.2,2.3
T-VH-1018-6,VH-1018,DR-212,Nelspruit DC,2026-05-07,205.1,218.3,50894,51112.3,1,2,19.4,5.7
T-VH-1021-25,VH-1021,DR-227,Nelspruit DC,2026-05-26,157.5,164.5,53748,53912.5,1,2,24.3,0.8
T-VH-1016-7,VH-1016,DR-203,Nelspruit DC,2026-05-08,131.7,135.0,51054,51189.0,0,3,9.3,1.5
T-VH-1014-6,VH-1014,DR-224,Nelspruit DC,2026-05-07,300.6,304.6,50886,51190.6,1,1,58.0,76.2
T-VH-1023-112,VH-1023,DR-219,Polokwane DC,2026-08-21,152.4,156.4,66780,66936.4,3,1,51.7,39.1
T-VH-1021-24,VH-1021,DR-227,Nelspruit DC,2026-05-25,170.6,187.1,53588,53775.1,0,0,19.2,4.7
T-VH-1010-63,VH-1010,DR-210,Pretoria DC,2026-07-03,127.0,135.5,59451,59586.5,1,0,15.5,2.9
T-VH-1003-66,VH-1003,DR-227,Nelspruit DC,2026-07-06,239.8,247.7,59900,60147.7,1,1,24.3,2.1
T-VH-1024-49,VH-1024,DR-208,Polokwane DC,2026-06-19,215.5,228.5,57339,57567.5,2,1,24.6,2.4
T-VH-1022-46,VH-1022,DR-211,Pretoria DC,2026-06-16,180.1,194.6,56899,57093.6,1,0,20.0,3.0
T-VH-1019-45,VH-1019,DR-203,Nelspruit DC,2026-06-15,217.0,238.7,56765,57003.7,2,1,17.3,3.2
T-VH-1017-63,VH-1017,DR-202,Polokwane DC,2026-07-03,178.8,182.8,59465,59647.8,4,1,37.3,45.7
T-VH-1016-49,VH-1016,DR-203,Nelspruit DC,2026-06-19,206.9,215.2,57365,57580.2,0,1,16.1,1.9
T-VH-1023-29,VH-1023,DR-219,Polokwane DC,2026-05-30,174.8,180.8,54354,54534.8,4,6,42.4,45.2
T-VH-1023-54,VH-1023,DR-219,Polokwane DC,2026-06-24,215.4,219.5,58108,58327.5,1,5,51.7,54.9
T-VH-1020-70,VH-1020,DR-211,Polokwane DC,2026-07-10,46.0,46.5,60519,60565.5,1,0,20.5,0.9
T-VH-1009-71,VH-1009,DR-213,Nelspruit DC,2026-07-11,142.1,152.4,60663,60815.4,0,1,20.4,0.5
T-VH-1011-59,VH-1011,DR-208,Polokwane DC,2026-06-29,114.8,117.6,58834,58951.6,2,0,14.6,0.8
T-VH-1000-85,VH-1000,DR-218,Pretoria DC,2026-07-25,234.7,235.7,62736,62971.7,2,3,34.6,1.8
T-VH-1014-74,VH-1014,DR-224,Nelspruit DC,2026-07-14,236.0,260.1,61104,61364.1,3,3,52.6,65.0
T-VH-1003-5,VH-1003,DR-227,Nelspruit DC,2026-05-06,217.1,220.9,50735,50955.9,0,1,28.9,0.8
T-VH-1022-109,VH-1022,DR-211,Pretoria DC,2026-08-18,161.9,164.6,66343,66507.6,0,0,22.7,1.0
T-VH-1003-40,VH-1003,DR-227,Nelspruit DC,2026-06-10,184.3,192.2,56006,56198.2,1,2,29.6,3.4
T-VH-1021-0,VH-1021,DR-227,Nelspruit DC,2026-05-01,157.7,160.7,50018,50178.7,1,0,7.7,0.4
T-VH-1012-7,VH-1012,DR-204,Pretoria DC,2026-05-08,179.8,182.0,51030,51212.0,1,0,4.4,1.8
T-VH-1017-57,VH-1017,DR-202,Polokwane DC,2026-06-27,136.1,150.6,58536,58686.6,2,3,57.7,37.6
T-VH-1003-80,VH-1003,DR-227,Nelspruit DC,2026-07-20,166.4,180.6,62005,62185.6,1,1,21.3,4.6
T-VH-1006-4,VH-1006,DR-225,Pretoria DC,2026-05-05,76.7,82.1,50618,50700.1,0,2,26.5,0.4
T-VH-1010-116,VH-1010,DR-210,Pretoria DC,2026-08-25,137.3,149.1,67387,67536.1,0,0,23.4,4.3
T-VH-1011-24,VH-1011,DR-208,Polokwane DC,2026-05-25,176.5,193.5,53586,53779.5,0,0,3.9,0.2
T-VH-1016-70,VH-1016,DR-203,Nelspruit DC,2026-07-10,82.5,83.8,60500,60583.8,1,0,19.1,1.7
T-VH-1002-105,VH-1002,DR-225,Pretoria DC,2026-08-14,193.6,209.8,65759,65968.8,0,0,14.2,4.1
T-VH-1015-71,VH-1015,DR-210,Johannesburg DC,2026-07-11,122.2,123.2,60638,60761.2,1,1,8.2,2.1
T-VH-1015-118,VH-1015,DR-210,Johannesburg DC,2026-08-27,92.2,92.6,67704,67796.6,1,0,25.0,0.2
T-VH-1020-17,VH-1020,DR-211,Polokwane DC,2026-05-18,205.4,212.5,52569,52781.5,2,2,17.2,1.2
T-VH-1016-17,VH-1016,DR-203,Nelspruit DC,2026-05-18,157.0,169.4,52561,52730.4,0,0,3.0,4.1
T-VH-1003-3,VH-1003,DR-227,Nelspruit DC,2026-05-04,171.8,172.1,50435,50607.1,0,1,15.3,5.0
T-VH-1013-7,VH-1013,DR-206,Johannesburg DC,2026-05-08,215.7,221.7,51037,51258.7,1,2,10.1,3.6
T-VH-1001-50,VH-1001,DR-208,Johannesburg DC,2026-06-20,148.5,150.6,57518,57668.6,3,2,39.4,37.6
T-VH-1023-111,VH-1023,DR-219,Polokwane DC,2026-08-20,137.0,143.8,66637,66780.8,1,5,60.1,36.0
T-VH-1006-64,VH-1006,DR-225,Pretoria DC,2026-07-04,171.2,175.6,59588,59763.6,0,0,14.5,1.8
T-VH-1023-33,VH-1023,DR-219,Polokwane DC,2026-06-03,215.0,221.2,54963,55184.2,3,2,54.7,55.3
T-VH-1012-104,VH-1012,DR-204,Pretoria DC,2026-08-13,145.9,154.5,65585,65739.5,1,2,2.5,1.5
T-VH-1001-24,VH-1001,DR-208,Johannesburg DC,2026-05-25,89.9,97.7,53604,53701.7,3,3,40.4,24.4
T-VH-1021-46,VH-1021,DR-227,Nelspruit DC,2026-06-16,105.8,105.9,56908,57013.9,0,1,-0.6,1.2
T-VH-1000-99,VH-1000,DR-218,Pretoria DC,2026-08-08,117.6,123.5,64855,64978.5,3,0,32.2,3.2
T-VH-1010-5,VH-1010,DR-210,Pretoria DC,2026-05-06,134.5,145.8,50731,50876.8,0,1,16.2,2.5
T-VH-1002-55,VH-1002,DR-225,Pretoria DC,2026-06-25,159.6,176.0,58245,58421.0,0,0,23.9,0.4
T-VH-1013-109,VH-1013,DR-206,Johannesburg DC,2026-08-18,163.4,170.7,66348,66518.7,0,2,26.8,3.6
T-VH-1012-119,VH-1012,DR-204,Pretoria DC,2026-08-28,205.2,220.8,67867,68087.8,0,1,20.7,1.1
T-VH-1022-112,VH-1022,DR-211,Pretoria DC,2026-08-21,260.5,269.7,66817,67086.7,2,1,18.3,1.1
T-VH-1022-62,VH-1022,DR-211,Pretoria DC,2026-07-02,67.6,70.9,59308,59378.9,0,0,29.4,0.6
T-VH-1010-69,VH-1010,DR-210,Pretoria DC,2026-07-09,221.2,234.5,60342,60576.5,1,0,18.2,7.0
T-VH-1024-31,VH-1024,DR-208,Polokwane DC,2026-06-01,142.1,149.6,54640,54789.6,1,0,8.0,2.2
T-VH-1009-60,VH-1009,DR-213,Nelspruit DC,2026-06-30,127.5,130.6,59000,59130.6,1,2,21.1,3.6
T-VH-1019-13,VH-1019,DR-203,Nelspruit DC,2026-05-14,124.7,126.1,51948,52074.1,2,1,5.5,2.2
T-VH-1007-56,VH-1007,DR-205,Pretoria DC,2026-06-26,134.7,148.0,58389,58537.0,1,1,19.7,1.1
T-VH-1017-80,VH-1017,DR-202,Polokwane DC,2026-07-20,132.3,146.4,62007,62153.4,4,5,50.1,36.6
T-VH-1011-4,VH-1011,DR-208,Polokwane DC,2026-05-05,84.6,89.8,50592,50681.8,1,1,6.8,0.0
T-VH-1021-31,VH-1021,DR-227,Nelspruit DC,2026-06-01,129.1,142.7,54658,54800.7,0,1,-4.5,1.3
T-VH-1013-87,VH-1013,DR-206,Johannesburg DC,2026-07-27,211.8,216.7,63070,63286.7,1,1,16.8,3.3
T-VH-1007-39,VH-1007,DR-205,Pretoria DC,2026-06-09,104.5,109.1,55845,55954.1,0,0,26.6,1.2
T-VH-1000-78,VH-1000,DR-218,Pretoria DC,2026-07-18,187.4,197.0,61693,61890.0,1,0,16.4,1.9
T-VH-1013-50,VH-1013,DR-206,Johannesburg DC,2026-06-20,186.5,191.7,57481,57672.7,0,0,25.1,2.5
T-VH-1013-82,VH-1013,DR-206,Johannesburg DC,2026-07-22,153.6,169.2,62291,62460.2,2,1,14.0,4.7
T-VH-1020-46,VH-1020,DR-211,Polokwane DC,2026-06-16,209.5,214.6,56915,57129.6,1,1,17.0,5.1
T-VH-1010-31,VH-1010,DR-210,Pretoria DC,2026-06-01,177.6,179.1,54639,54818.1,2,3,26.7,1.3
T-VH-1024-4,VH-1024,DR-208,Polokwane DC,2026-05-05,85.3,88.8,50602,50690.8,0,1,13.4,0.2
T-VH-1011-20,VH-1011,DR-208,Polokwane DC,2026-05-21,239.9,253.8,53013,53266.8,0,1,14.2,0.9
T-VH-1014-66,VH-1014,DR-224,Nelspruit DC,2026-07-06,269.6,273.7,59908,60181.7,7,5,49.5,68.4
T-VH-1010-14,VH-1010,DR-210,Pretoria DC,2026-05-15,102.5,108.9,52103,52211.9,1,0,14.9,3.2
T-VH-1018-110,VH-1018,DR-212,Nelspruit DC,2026-08-19,234.1,259.5,66510,66769.5,1,1,17.5,4.2
T-VH-1014-22,VH-1014,DR-224,Nelspruit DC,2026-05-23,88.5,94.7,53286,53380.7,1,2,27.3,23.7
T-VH-1012-40,VH-1012,DR-204,Pretoria DC,2026-06-10,170.8,174.9,56010,56184.9,0,1,23.1,1.0
T-VH-1002-96,VH-1002,DR-225,Pretoria DC,2026-08-05,90.5,95.0,64409,64504.0,0,1,16.1,2.3
T-VH-1021-11,VH-1021,DR-227,Nelspruit DC,2026-05-12,186.7,196.8,51650,51846.8,0,2,24.2,0.2
T-VH-1008-83,VH-1008,DR-222,Polokwane DC,2026-07-23,241.4,265.0,62463,62728.0,0,3,20.9,3.7
T-VH-1010-21,VH-1010,DR-210,Pretoria DC,2026-05-22,278.9,291.5,53148,53439.5,0,1,6.4,3.1
T-VH-1023-24,VH-1023,DR-219,Polokwane DC,2026-05-25,149.4,160.9,53611,53771.9,4,2,53.0,40.2
T-VH-1003-56,VH-1003,DR-227,Nelspruit DC,2026-06-26,154.8,160.6,58408,58568.6,1,0,14.1,1.2
T-VH-1019-82,VH-1019,DR-203,Nelspruit DC,2026-07-22,19.2,20.0,62301,62321.0,1,0,23.8,0.0
T-VH-1009-99,VH-1009,DR-213,Nelspruit DC,2026-08-08,86.7,90.7,64833,64923.7,1,2,15.4,1.2
T-VH-1017-61,VH-1017,DR-202,Polokwane DC,2026-07-01,91.1,96.5,59149,59245.5,6,4,64.9,24.1
T-VH-1014-82,VH-1014,DR-224,Nelspruit DC,2026-07-22,176.6,176.7,62291,62467.7,1,1,43.0,44.2
T-VH-1013-48,VH-1013,DR-206,Johannesburg DC,2026-06-18,255.7,260.1,57213,57473.1,0,1,31.4,3.7
T-VH-1016-71,VH-1016,DR-203,Nelspruit DC,2026-07-11,310.4,335.1,60659,60994.1,1,0,14.8,5.2
T-VH-1006-33,VH-1006,DR-225,Pretoria DC,2026-06-03,190.4,195.0,54942,55137.0,0,0,14.1,5.2
T-VH-1015-6,VH-1015,DR-210,Johannesburg DC,2026-05-07,202.2,223.7,50893,51116.7,0,1,20.8,0.3
T-VH-1010-52,VH-1010,DR-210,Pretoria DC,2026-06-22,71.1,78.8,57792,57870.8,1,1,30.2,2.0
T-VH-1003-91,VH-1003,DR-227,Nelspruit DC,2026-07-31,214.4,227.7,63654,63881.7,2,2,14.7,1.6
T-VH-1013-76,VH-1013,DR-206,Johannesburg DC,2026-07-16,202.7,214.5,61391,61605.5,1,2,12.9,4.4
T-VH-1017-59,VH-1017,DR-202,Polokwane DC,2026-06-29,152.1,165.4,58849,59014.4,1,1,49.5,41.4
T-VH-1009-13,VH-1009,DR-213,Nelspruit DC,2026-05-14,174.5,180.2,51941,52121.2,0,0,18.2,3.0
T-VH-1015-101,VH-1015,DR-210,Johannesburg DC,2026-08-10,180.2,182.0,65130,65312.0,0,0,29.3,1.3
T-VH-1012-111,VH-1012,DR-204,Pretoria DC,2026-08-20,143.4,155.3,66670,66825.3,0,0,41.5,4.6
T-VH-1011-77,VH-1011,DR-208,Polokwane DC,2026-07-17,180.9,181.2,61567,61748.2,0,1,15.9,1.4
T-VH-1019-54,VH-1019,DR-203,Nelspruit DC,2026-06-24,324.9,334.6,58116,58450.6,1,1,-1.9,5.1
T-VH-1009-110,VH-1009,DR-213,Nelspruit DC,2026-08-19,159.9,174.2,66506,66680.2,1,0,22.4,4.6
T-VH-1024-85,VH-1024,DR-208,Polokwane DC,2026-07-25,234.1,237.6,62739,62976.6,0,1,27.0,1.6
T-VH-1021-39,VH-1021,DR-227,Nelspruit DC,2026-06-09,269.1,279.8,55832,56111.8,1,1,19.8,3.9
T-VH-1010-92,VH-1010,DR-210,Pretoria DC,2026-08-01,124.5,127.8,63807,63934.8,2,2,17.1,3.8
T-VH-1012-97,VH-1012,DR-204,Pretoria DC,2026-08-06,202.0,210.2,64567,64777.2,2,2,21.3,2.1
T-VH-1002-113,VH-1002,DR-225,Pretoria DC,2026-08-22,211.5,214.0,66935,67149.0,1,0,31.6,3.9
T-VH-1010-85,VH-1010,DR-210,Pretoria DC,2026-07-25,244.7,268.5,62768,63036.5,0,0,20.2,0.7
T-VH-1009-47,VH-1009,DR-213,Nelspruit DC,2026-06-17,158.4,160.4,57066,57226.4,2,0,16.9,3.2
T-VH-1006-96,VH-1006,DR-225,Pretoria DC,2026-08-05,242.2,252.4,64412,64664.4,2,0,29.4,0.2
T-VH-1002-109,VH-1002,DR-225,Pretoria DC,2026-08-18,173.1,179.1,66350,66529.1,1,0,29.1,0.7
T-VH-1015-74,VH-1015,DR-210,Johannesburg DC,2026-07-14,210.5,221.4,61091,61312.4,0,0,26.8,5.0
T-VH-1015-7,VH-1015,DR-210,Johannesburg DC,2026-05-08,257.1,275.0,51047,51322.0,3,0,20.7,6.9
T-VH-1015-22,VH-1015,DR-210,Johannesburg DC,2026-05-23,233.0,235.2,53307,53542.2,1,0,9.4,2.3
T-VH-1016-112,VH-1016,DR-203,Nelspruit DC,2026-08-21,169.6,176.9,66806,66982.9,0,2,23.3,1.7
T-VH-1013-99,VH-1013,DR-206,Johannesburg DC,2026-08-08,147.8,147.9,64843,64990.9,1,1,14.5,2.1
T-VH-1006-45,VH-1006,DR-225,Pretoria DC,2026-06-15,66.8,74.2,56754,56828.2,0,1,34.3,0.1
T-VH-1005-103,VH-1005,DR-224,Polokwane DC,2026-08-12,155.7,163.5,65460,65623.5,2,0,26.6,4.9
T-VH-1005-88,VH-1005,DR-224,Polokwane DC,2026-07-28,58.9,59.5,63214,63273.5,0,0,22.3,0.9
T-VH-1018-83,VH-1018,DR-212,Nelspruit DC,2026-07-23,154.6,163.6,62457,62620.6,0,0,13.1,2.0
T-VH-1021-95,VH-1021,DR-227,Nelspruit DC,2026-08-04,176.6,188.6,64251,64439.6,0,1,26.7,2.6
T-VH-1003-68,VH-1003,DR-227,Nelspruit DC,2026-07-08,95.7,102.6,60188,60290.6,0,0,15.3,1.2
T-VH-1011-67,VH-1011,DR-208,Polokwane DC,2026-07-07,140.1,152.4,60035,60187.4,0,0,34.4,2.6
T-VH-1004-92,VH-1004,DR-200,Nelspruit DC,2026-08-01,170.8,187.6,63790,63977.6,0,1,6.6,5.0
T-VH-1015-87,VH-1015,DR-210,Johannesburg DC,2026-07-27,185.6,190.2,63059,63249.2,1,2,26.4,5.5
T-VH-1008-87,VH-1008,DR-222,Polokwane DC,2026-07-27,290.2,310.0,63068,63378.0,1,0,18.2,8.7
T-VH-1021-10,VH-1021,DR-227,Nelspruit DC,2026-05-11,240.7,257.8,51515,51772.8,0,2,14.3,2.7
T-VH-1019-47,VH-1019,DR-203,Nelspruit DC,2026-06-17,184.1,188.5,57035,57223.5,1,0,5.2,4.3
T-VH-1010-59,VH-1010,DR-210,Pretoria DC,2026-06-29,176.2,180.1,58834,59014.1,0,1,16.3,0.8
T-VH-1018-96,VH-1018,DR-212,Nelspruit DC,2026-08-05,164.7,167.4,64397,64564.4,2,2,27.9,2.9
T-VH-1016-27,VH-1016,DR-203,Nelspruit DC,2026-05-28,140.8,145.8,54045,54190.8,2,1,11.6,4.3
T-VH-1006-69,VH-1006,DR-225,Pretoria DC,2026-07-09,345.9,365.2,60359,60724.2,0,0,14.1,6.0
T-VH-1018-35,VH-1018,DR-212,Nelspruit DC,2026-06-05,246.8,254.4,55247,55501.4,1,0,7.6,0.5
T-VH-1004-32,VH-1004,DR-200,Nelspruit DC,2026-06-02,227.0,245.5,54810,55055.5,0,0,23.6,1.9
T-VH-1005-10,VH-1005,DR-224,Polokwane DC,2026-05-11,154.8,157.9,51484,51641.9,1,0,22.1,2.4
T-VH-1018-29,VH-1018,DR-212,Nelspruit DC,2026-05-30,100.3,108.1,54333,54441.1,2,1,21.9,1.8
T-VH-1022-11,VH-1022,DR-211,Pretoria DC,2026-05-12,160.0,174.7,51635,51809.7,0,1,25.6,0.6
T-VH-1017-18,VH-1017,DR-202,Polokwane DC,2026-05-19,183.5,184.6,52710,52894.6,5,1,50.8,46.2
T-VH-1008-52,VH-1008,DR-222,Polokwane DC,2026-06-22,191.0,200.7,57818,58018.7,2,1,12.4,2.9
T-VH-1013-64,VH-1013,DR-206,Johannesburg DC,2026-07-04,193.8,197.5,59603,59800.5,4,2,6.6,1.6
T-VH-1019-4,VH-1019,DR-203,Nelspruit DC,2026-05-05,240.4,254.8,50595,50849.8,0,2,19.6,6.8
T-VH-1015-15,VH-1015,DR-210,Johannesburg DC,2026-05-16,235.5,239.8,52234,52473.8,1,0,21.3,5.7
T-VH-1021-75,VH-1021,DR-227,Nelspruit DC,2026-07-15,176.3,194.5,61231,61425.5,1,0,4.8,2.0
T-VH-1018-39,VH-1018,DR-212,Nelspruit DC,2026-06-09,240.5,244.7,55862,56106.7,1,1,20.7,0.3
T-VH-1004-54,VH-1004,DR-200,Nelspruit DC,2026-06-24,251.7,265.5,58084,58349.5,0,2,29.7,0.1
T-VH-1005-84,VH-1005,DR-224,Polokwane DC,2026-07-24,152.7,156.0,62583,62739.0,2,1,13.7,4.6
T-VH-1003-69,VH-1003,DR-227,Nelspruit DC,2026-07-09,201.5,214.2,60331,60545.2,2,1,14.6,2.2
T-VH-1009-32,VH-1009,DR-213,Nelspruit DC,2026-06-02,201.8,221.8,54818,55039.8,0,3,18.7,1.5
T-VH-1008-111,VH-1008,DR-222,Polokwane DC,2026-08-20,173.7,176.2,66660,66836.2,1,0,45.2,2.3
T-VH-1023-1,VH-1023,DR-219,Polokwane DC,2026-05-02,242.0,268.5,50163,50431.5,1,1,35.0,67.1
T-VH-1024-112,VH-1024,DR-208,Polokwane DC,2026-08-21,285.2,309.1,66783,67092.1,2,0,20.5,3.2
T-VH-1003-104,VH-1003,DR-227,Nelspruit DC,2026-08-13,101.1,106.9,65619,65725.9,2,0,34.5,2.0
T-VH-1008-82,VH-1008,DR-222,Polokwane DC,2026-07-22,241.3,256.9,62285,62541.9,0,0,12.9,6.2
T-VH-1008-68,VH-1008,DR-222,Polokwane DC,2026-07-08,130.6,133.8,60209,60342.8,0,0,36.2,3.6
T-VH-1005-22,VH-1005,DR-224,Polokwane DC,2026-05-23,135.7,148.5,53320,53468.5,0,2,6.3,2.3
T-VH-1002-64,VH-1002,DR-225,Pretoria DC,2026-07-04,191.9,192.9,59581,59773.9,2,1,16.6,3.2
T-VH-1023-45,VH-1023,DR-219,Polokwane DC,2026-06-15,141.8,148.5,56769,56917.5,1,4,36.0,37.1
T-VH-1008-101,VH-1008,DR-222,Polokwane DC,2026-08-10,148.9,159.1,65156,65315.1,0,2,26.2,4.2
T-VH-1024-0,VH-1024,DR-208,Polokwane DC,2026-05-01,90.4,97.8,49994,50091.8,1,2,47.3,1.4
T-VH-1009-68,VH-1009,DR-213,Nelspruit DC,2026-07-08,145.4,160.9,60196,60356.9,1,0,13.6,4.5
T-VH-1000-83,VH-1000,DR-218,Pretoria DC,2026-07-23,266.9,269.1,62463,62732.1,0,0,24.7,7.8
T-VH-1017-117,VH-1017,DR-202,Polokwane DC,2026-08-26,138.3,138.4,67545,67683.4,1,4,56.9,34.6
T-VH-1016-66,VH-1016,DR-203,Nelspruit DC,2026-07-06,136.0,143.9,59904,60047.9,1,0,25.9,1.7
T-VH-1018-94,VH-1018,DR-212,Nelspruit DC,2026-08-03,160.1,171.7,64090,64261.7,3,0,10.9,0.4
T-VH-1001-102,VH-1001,DR-208,Johannesburg DC,2026-08-11,145.5,146.6,65291,65437.6,3,3,58.5,36.7
T-VH-1013-101,VH-1013,DR-206,Johannesburg DC,2026-08-10,177.3,181.0,65140,65321.0,0,0,20.7,5.1
T-VH-1010-81,VH-1010,DR-210,Pretoria DC,2026-07-21,229.6,235.6,62141,62376.6,1,2,25.4,0.6
T-VH-1001-55,VH-1001,DR-208,Johannesburg DC,2026-06-25,103.7,110.9,58247,58357.9,1,3,39.7,27.7
T-VH-1019-33,VH-1019,DR-203,Nelspruit DC,2026-06-03,202.2,221.4,54938,55159.4,1,1,26.9,1.2
T-VH-1014-77,VH-1014,DR-224,Nelspruit DC,2026-07-17,119.6,130.6,61553,61683.6,3,4,46.0,32.6
T-VH-1001-36,VH-1001,DR-208,Johannesburg DC,2026-06-06,121.1,128.3,55389,55517.3,6,0,48.1,32.1
T-VH-1008-80,VH-1008,DR-222,Polokwane DC,2026-07-20,141.9,148.9,61987,62135.9,0,0,11.7,2.6
T-VH-1001-29,VH-1001,DR-208,Johannesburg DC,2026-05-30,127.6,139.4,54350,54489.4,2,4,39.7,34.8
T-VH-1024-80,VH-1024,DR-208,Polokwane DC,2026-07-20,196.2,203.1,62004,62207.1,1,3,-0.4,5.7
T-VH-1014-98,VH-1014,DR-224,Nelspruit DC,2026-08-07,268.5,268.6,64690,64958.6,5,2,51.9,67.2
T-VH-1015-42,VH-1015,DR-210,Johannesburg DC,2026-06-12,217.3,226.2,56286,56512.2,1,1,24.0,0.1
T-VH-1020-54,VH-1020,DR-211,Polokwane DC,2026-06-24,94.2,94.7,58096,58190.7,0,2,26.6,1.7
T-VH-1013-103,VH-1013,DR-206,Johannesburg DC,2026-08-12,195.6,205.6,65438,65643.6,0,1,28.0,3.2
T-VH-1011-38,VH-1011,DR-208,Polokwane DC,2026-06-08,234.2,234.6,55708,55942.6,1,2,21.1,5.2
T-VH-1019-103,VH-1019,DR-203,Nelspruit DC,2026-08-12,206.3,212.0,65449,65661.0,2,0,37.9,5.1
T-VH-1001-90,VH-1001,DR-208,Johannesburg DC,2026-07-30,118.6,130.9,63512,63642.9,2,3,45.9,32.7
T-VH-1024-119,VH-1024,DR-208,Polokwane DC,2026-08-28,159.1,170.5,67846,68016.5,0,1,24.0,1.9
T-VH-1011-52,VH-1011,DR-208,Polokwane DC,2026-06-22,206.4,218.8,57790,58008.8,0,1,35.2,2.0
T-VH-1022-28,VH-1022,DR-211,Pretoria DC,2026-05-29,250.1,269.4,54210,54479.4,0,1,15.4,0.6
T-VH-1014-3,VH-1014,DR-224,Nelspruit DC,2026-05-04,199.7,216.9,50456,50672.9,3,2,53.5,54.2
T-VH-1008-27,VH-1008,DR-222,Polokwane DC,2026-05-28,184.8,200.9,54045,54245.9,0,0,33.5,3.2
T-VH-1003-74,VH-1003,DR-227,Nelspruit DC,2026-07-14,64.6,65.7,61087,61152.7,2,0,29.5,1.7
T-VH-1007-47,VH-1007,DR-205,Pretoria DC,2026-06-17,155.5,158.0,57070,57228.0,0,0,27.4,0.1
T-VH-1018-68,VH-1018,DR-212,Nelspruit DC,2026-07-08,247.7,264.8,60208,60472.8,1,1,22.3,3.9
T-VH-1017-20,VH-1017,DR-202,Polokwane DC,2026-05-21,131.3,134.6,53017,53151.6,2,6,50.6,33.7
T-VH-1008-103,VH-1008,DR-222,Polokwane DC,2026-08-12,199.7,201.2,65434,65635.2,1,1,20.4,2.8
T-VH-1013-119,VH-1013,DR-206,Johannesburg DC,2026-08-28,85.3,90.3,67870,67960.3,0,1,19.0,2.0
T-VH-1001-57,VH-1001,DR-208,Johannesburg DC,2026-06-27,107.3,108.7,58541,58649.7,5,4,44.8,27.2
T-VH-1022-18,VH-1022,DR-211,Pretoria DC,2026-05-19,156.7,171.9,52716,52887.9,2,0,27.1,2.1
T-VH-1015-84,VH-1015,DR-210,Johannesburg DC,2026-07-24,154.3,161.2,62590,62751.2,0,2,36.4,2.3
T-VH-1022-26,VH-1022,DR-211,Pretoria DC,2026-05-27,177.4,195.7,53884,54079.7,1,1,31.2,4.2
T-VH-1009-94,VH-1009,DR-213,Nelspruit DC,2026-08-03,95.4,95.4,64110,64205.4,1,1,31.4,1.4
T-VH-1009-81,VH-1009,DR-213,Nelspruit DC,2026-07-21,189.6,196.8,62139,62335.8,0,0,28.3,5.4
T-VH-1006-22,VH-1006,DR-225,Pretoria DC,2026-05-23,172.0,180.9,53299,53479.9,0,1,22.1,3.2
T-VH-1003-28,VH-1003,DR-227,Nelspruit DC,2026-05-29,215.3,223.9,54205,54428.9,1,0,31.1,1.7
T-VH-1020-15,VH-1020,DR-211,Polokwane DC,2026-05-16,264.1,270.8,52258,52528.8,1,0,24.1,5.5
T-VH-1009-42,VH-1009,DR-213,Nelspruit DC,2026-06-12,190.1,206.3,56309,56515.3,0,1,17.9,3.5
T-VH-1023-41,VH-1023,DR-219,Polokwane DC,2026-06-11,134.2,142.1,56148,56290.1,2,2,37.8,35.5
T-VH-1000-117,VH-1000,DR-218,Pretoria DC,2026-08-26,114.4,121.2,67535,67656.2,0,1,21.0,1.3
T-VH-1022-4,VH-1022,DR-211,Pretoria DC,2026-05-05,219.3,239.0,50584,50823.0,1,0,30.1,3.7
T-VH-1015-27,VH-1015,DR-210,Johannesburg DC,2026-05-28,142.6,147.7,54042,54189.7,0,1,27.9,4.4
T-VH-1022-106,VH-1022,DR-211,Pretoria DC,2026-08-15,268.9,269.6,65918,66187.6,3,1,34.1,6.3
T-VH-1004-15,VH-1004,DR-200,Nelspruit DC,2026-05-16,107.4,117.8,52239,52356.8,0,0,29.8,1.8
T-VH-1015-105,VH-1015,DR-210,Johannesburg DC,2026-08-14,138.4,140.5,65746,65886.5,0,1,26.5,3.1
T-VH-1015-95,VH-1015,DR-210,Johannesburg DC,2026-08-04,198.1,199.4,64267,64466.4,1,1,40.7,3.5
T-VH-1005-25,VH-1005,DR-224,Polokwane DC,2026-05-26,161.6,173.2,53745,53918.2,3,2,5.0,1.6
T-VH-1023-43,VH-1023,DR-219,Polokwane DC,2026-06-13,169.8,172.9,56464,56636.9,2,8,59.7,43.2
T-VH-1017-112,VH-1017,DR-202,Polokwane DC,2026-08-21,197.0,200.4,66808,67008.4,2,6,39.1,50.1
T-VH-1003-112,VH-1003,DR-227,Nelspruit DC,2026-08-21,180.0,196.0,66787,66983.0,0,1,0.1,0.4
T-VH-1019-111,VH-1019,DR-203,Nelspruit DC,2026-08-20,256.9,261.4,66669,66930.4,1,0,33.3,5.5
T-VH-1011-33,VH-1011,DR-208,Polokwane DC,2026-06-03,27.9,28.1,54935,54963.1,1,1,18.6,0.5
T-VH-1020-36,VH-1020,DR-211,Polokwane DC,2026-06-06,157.4,170.5,55394,55564.5,1,3,6.9,3.7
T-VH-1013-5,VH-1013,DR-206,Johannesburg DC,2026-05-06,141.7,148.1,50737,50885.1,0,3,8.7,3.9
T-VH-1002-25,VH-1002,DR-225,Pretoria DC,2026-05-26,132.4,137.7,53764,53901.7,0,0,18.6,1.9
T-VH-1001-47,VH-1001,DR-208,Johannesburg DC,2026-06-17,114.2,125.3,57049,57174.3,4,2,34.8,31.3
T-VH-1002-18,VH-1002,DR-225,Pretoria DC,2026-05-19,166.4,175.8,52717,52892.8,1,1,14.7,4.4
T-VH-1004-24,VH-1004,DR-200,Nelspruit DC,2026-05-25,256.8,279.2,53595,53874.2,0,1,44.1,3.1
T-VH-1014-18,VH-1014,DR-224,Nelspruit DC,2026-05-19,191.8,210.4,52683,52893.4,2,2,69.1,52.6
T-VH-1009-49,VH-1009,DR-213,Nelspruit DC,2026-06-19,188.4,207.0,57348,57555.0,1,0,15.2,4.0
T-VH-1019-25,VH-1019,DR-203,Nelspruit DC,2026-05-26,75.2,75.5,53752,53827.5,0,1,13.2,2.3
T-VH-1005-74,VH-1005,DR-224,Polokwane DC,2026-07-14,155.4,164.8,61112,61276.8,1,0,15.2,0.7
T-VH-1018-57,VH-1018,DR-212,Nelspruit DC,2026-06-27,255.3,269.1,58548,58817.1,1,0,35.9,2.4
T-VH-1016-11,VH-1016,DR-203,Nelspruit DC,2026-05-12,61.2,67.1,51647,51714.1,1,2,20.9,1.4
T-VH-1016-117,VH-1016,DR-203,Nelspruit DC,2026-08-26,205.9,220.1,67556,67776.1,0,1,13.3,4.4
T-VH-1021-29,VH-1021,DR-227,Nelspruit DC,2026-05-30,169.3,169.6,54343,54512.6,1,0,14.4,2.9
T-VH-1000-69,VH-1000,DR-218,Pretoria DC,2026-07-09,181.2,193.4,60363,60556.4,1,2,24.3,1.9
T-VH-1021-111,VH-1021,DR-227,Nelspruit DC,2026-08-20,185.5,202.9,66660,66862.9,1,0,14.0,6.0
T-VH-1011-47,VH-1011,DR-208,Polokwane DC,2026-06-17,148.5,152.5,57055,57207.5,2,1,48.7,2.2
T-VH-1018-8,VH-1018,DR-212,Nelspruit DC,2026-05-09,175.2,178.8,51205,51383.8,0,1,11.5,3.3
T-VH-1005-50,VH-1005,DR-224,Polokwane DC,2026-06-20,95.3,97.7,57513,57610.7,1,2,25.5,2.8
T-VH-1004-0,VH-1004,DR-200,Nelspruit DC,2026-05-01,161.9,179.2,49995,50174.2,1,1,47.8,1.0
T-VH-1007-102,VH-1007,DR-205,Pretoria DC,2026-08-11,212.6,232.8,65297,65529.8,1,1,26.1,6.2
T-VH-1017-76,VH-1017,DR-202,Polokwane DC,2026-07-16,116.0,121.4,61415,61536.4,2,4,22.4,30.4
T-VH-1012-62,VH-1012,DR-204,Pretoria DC,2026-07-02,217.0,236.6,59307,59543.6,1,1,32.5,2.4
T-VH-1016-38,VH-1016,DR-203,Nelspruit DC,2026-06-08,307.3,312.3,55702,56014.3,1,0,29.8,3.8
T-VH-1019-34,VH-1019,DR-203,Nelspruit DC,2026-06-04,190.1,209.4,55095,55304.4,0,1,-2.7,4.0
T-VH-1020-34,VH-1020,DR-211,Polokwane DC,2026-06-04,79.7,80.6,55090,55170.6,0,2,20.3,0.7
T-VH-1023-38,VH-1023,DR-219,Polokwane DC,2026-06-08,169.3,169.7,55700,55869.7,2,2,39.8,42.4
T-VH-1008-89,VH-1008,DR-222,Polokwane DC,2026-07-29,191.2,199.3,63337,63536.3,3,1,22.2,5.3
T-VH-1016-76,VH-1016,DR-203,Nelspruit DC,2026-07-16,159.6,174.8,61396,61570.8,4,0,6.4,2.7
T-VH-1018-54,VH-1018,DR-212,Nelspruit DC,2026-06-24,204.6,205.2,58108,58313.2,0,1,25.4,2.4
T-VH-1000-98,VH-1000,DR-218,Pretoria DC,2026-08-07,190.8,200.1,64700,64900.1,2,0,35.0,3.1
T-VH-1009-55,VH-1009,DR-213,Nelspruit DC,2026-06-25,54.1,57.8,58250,58307.8,0,3,19.9,1.0
T-VH-1008-20,VH-1008,DR-222,Polokwane DC,2026-05-21,232.4,234.8,53006,53240.8,2,0,14.8,1.3
T-VH-1015-50,VH-1015,DR-210,Johannesburg DC,2026-06-20,217.1,223.9,57484,57707.9,0,0,20.2,3.1
T-VH-1017-118,VH-1017,DR-202,Polokwane DC,2026-08-27,188.6,203.5,67690,67893.5,4,2,40.4,50.9
T-VH-1024-106,VH-1024,DR-208,Polokwane DC,2026-08-15,93.7,96.7,65920,66016.7,0,4,34.7,0.4
T-VH-1005-98,VH-1005,DR-224,Polokwane DC,2026-08-07,171.2,175.7,64684,64859.7,1,2,25.1,3.1
T-VH-1006-0,VH-1006,DR-225,Pretoria DC,2026-05-01,141.0,147.7,49985,50132.7,0,1,11.2,4.4
T-VH-1011-61,VH-1011,DR-208,Polokwane DC,2026-07-01,280.4,281.1,59134,59415.1,1,1,15.8,6.2
T-VH-1000-111,VH-1000,DR-218,Pretoria DC,2026-08-20,185.0,194.4,66634,66828.4,0,1,11.0,4.1
T-VH-1005-11,VH-1005,DR-224,Polokwane DC,2026-05-12,322.0,341.3,51637,51978.3,2,0,13.1,6.2
T-VH-1001-106,VH-1001,DR-208,Johannesburg DC,2026-08-15,313.3,344.6,65902,66246.6,0,1,50.3,86.1
T-VH-1017-108,VH-1017,DR-202,Polokwane DC,2026-08-17,181.1,194.7,66193,66387.7,3,4,54.1,48.7
T-VH-1008-110,VH-1008,DR-222,Polokwane DC,2026-08-19,182.4,184.2,66505,66689.2,0,1,12.3,4.9
T-VH-1016-36,VH-1016,DR-203,Nelspruit DC,2026-06-06,270.2,292.1,55389,55681.1,0,0,20.3,4.5
T-VH-1016-104,VH-1016,DR-203,Nelspruit DC,2026-08-13,158.8,163.4,65588,65751.4,0,0,20.4,3.2
T-VH-1008-22,VH-1008,DR-222,Polokwane DC,2026-05-23,260.8,279.1,53286,53565.1,0,0,18.8,3.5
T-VH-1023-35,VH-1023,DR-219,Polokwane DC,2026-06-05,195.7,217.4,55242,55459.4,2,3,61.2,54.3
T-VH-1010-119,VH-1010,DR-210,Pretoria DC,2026-08-28,115.2,122.7,67833,67955.7,2,0,17.8,1.4
T-VH-1024-59,VH-1024,DR-208,Polokwane DC,2026-06-29,53.5,56.4,58841,58897.4,1,1,24.4,1.0
T-VH-1007-64,VH-1007,DR-205,Pretoria DC,2026-07-04,129.1,130.2,59585,59715.2,1,1,22.3,2.6
T-VH-1004-119,VH-1004,DR-200,Nelspruit DC,2026-08-28,116.7,119.0,67864,67983.0,1,1,19.6,0.8
T-VH-1016-41,VH-1016,DR-203,Nelspruit DC,2026-06-11,265.1,281.5,56166,56447.5,0,0,30.1,1.3
T-VH-1020-35,VH-1020,DR-211,Polokwane DC,2026-06-05,300.5,306.3,55249,55555.3,2,1,29.0,8.2
T-VH-1006-3,VH-1006,DR-225,Pretoria DC,2026-05-04,259.4,272.5,50437,50709.5,1,2,12.5,7.2
T-VH-1008-21,VH-1008,DR-222,Polokwane DC,2026-05-22,47.0,47.0,53164,53211.0,0,1,-4.9,0.2
T-VH-1018-1,VH-1018,DR-212,Nelspruit DC,2026-05-02,233.4,235.9,50167,50402.9,0,0,29.5,6.4
T-VH-1018-31,VH-1018,DR-212,Nelspruit DC,2026-06-01,103.9,111.1,54660,54771.1,1,0,35.5,0.0
T-VH-1009-104,VH-1009,DR-213,Nelspruit DC,2026-08-13,255.3,262.5,65604,65866.5,0,0,36.9,1.3
T-VH-1006-31,VH-1006,DR-225,Pretoria DC,2026-06-01,184.7,194.8,54655,54849.8,1,0,26.5,2.2
T-VH-1000-105,VH-1000,DR-218,Pretoria DC,2026-08-14,170.7,171.9,65765,65936.9,1,2,21.8,2.1
T-VH-1020-74,VH-1020,DR-211,Polokwane DC,2026-07-14,155.2,155.9,61092,61247.9,1,0,7.2,3.8
T-VH-1012-38,VH-1012,DR-204,Pretoria DC,2026-06-08,139.8,144.3,55705,55849.3,0,0,26.7,2.0
T-VH-1010-56,VH-1010,DR-210,Pretoria DC,2026-06-26,199.9,203.1,58386,58589.1,2,3,25.2,1.2
T-VH-1008-106,VH-1008,DR-222,Polokwane DC,2026-08-15,235.5,252.9,65912,66164.9,0,0,10.0,5.2
T-VH-1001-117,VH-1001,DR-208,Johannesburg DC,2026-08-26,195.9,211.2,67552,67763.2,5,3,40.1,52.8
T-VH-1006-38,VH-1006,DR-225,Pretoria DC,2026-06-08,105.5,116.1,55696,55812.1,1,3,25.6,2.9
T-VH-1002-98,VH-1002,DR-225,Pretoria DC,2026-08-07,187.7,198.2,64687,64885.2,1,1,16.0,0.2
T-VH-1005-14,VH-1005,DR-224,Polokwane DC,2026-05-15,191.0,191.6,52089,52280.6,0,1,17.6,4.6
T-VH-1008-56,VH-1008,DR-222,Polokwane DC,2026-06-26,121.9,133.1,58388,58521.1,0,0,16.1,0.4
T-VH-1016-52,VH-1016,DR-203,Nelspruit DC,2026-06-22,80.3,83.7,57792,57875.7,0,0,21.0,2.4
T-VH-1014-89,VH-1014,DR-224,Nelspruit DC,2026-07-29,73.3,80.9,63361,63441.9,2,2,41.1,20.2
T-VH-1005-36,VH-1005,DR-224,Polokwane DC,2026-06-06,230.6,241.2,55415,55656.2,2,1,13.1,7.0
T-VH-1016-64,VH-1016,DR-203,Nelspruit DC,2026-07-04,184.9,199.8,59587,59786.8,0,1,19.3,1.5
T-VH-1003-4,VH-1003,DR-227,Nelspruit DC,2026-05-05,127.0,128.6,50604,50732.6,0,1,24.0,3.3
T-VH-1004-63,VH-1004,DR-200,Nelspruit DC,2026-07-03,179.4,191.0,59452,59643.0,1,2,33.8,5.2
T-VH-1019-110,VH-1019,DR-203,Nelspruit DC,2026-08-19,264.9,267.1,66499,66766.1,1,0,20.9,7.9
T-VH-1012-43,VH-1012,DR-204,Pretoria DC,2026-06-13,214.9,218.8,56452,56670.8,1,0,18.8,1.9
T-VH-1004-61,VH-1004,DR-200,Nelspruit DC,2026-07-01,165.6,174.0,59156,59330.0,0,1,31.4,0.6
T-VH-1023-64,VH-1023,DR-219,Polokwane DC,2026-07-04,227.5,242.0,59602,59844.0,1,5,42.2,60.5
T-VH-1017-96,VH-1017,DR-202,Polokwane DC,2026-08-05,96.6,100.9,64391,64491.9,1,1,51.7,25.2
T-VH-1018-102,VH-1018,DR-212,Nelspruit DC,2026-08-11,115.0,125.0,65298,65423.0,2,0,21.7,2.0
T-VH-1007-7,VH-1007,DR-205,Pretoria DC,2026-05-08,134.3,139.6,51046,51185.6,1,0,26.3,0.9
T-VH-1004-74,VH-1004,DR-200,Nelspruit DC,2026-07-14,186.0,196.5,61097,61293.5,2,0,10.6,3.3
T-VH-1009-69,VH-1009,DR-213,Nelspruit DC,2026-07-09,187.2,207.6,60335,60542.6,0,2,22.2,5.0
T-VH-1012-1,VH-1012,DR-204,Pretoria DC,2026-05-02,215.0,226.5,50165,50391.5,1,0,19.4,2.7
T-VH-1002-77,VH-1002,DR-225,Pretoria DC,2026-07-17,119.5,129.4,61532,61661.4,2,0,6.5,1.3
T-VH-1016-67,VH-1016,DR-203,Nelspruit DC,2026-07-07,200.6,222.7,60038,60260.7,1,0,13.4,1.2
T-VH-1023-22,VH-1023,DR-219,Polokwane DC,2026-05-23,147.5,157.0,53298,53455.0,3,5,56.8,39.3
T-VH-1022-80,VH-1022,DR-211,Pretoria DC,2026-07-20,275.7,296.6,61988,62284.6,3,1,36.8,8.0
T-VH-1005-78,VH-1005,DR-224,Polokwane DC,2026-07-18,263.2,268.2,61681,61949.2,0,1,40.5,4.2
T-VH-1016-84,VH-1016,DR-203,Nelspruit DC,2026-07-24,98.4,102.3,62610,62712.3,1,0,34.9,1.3
T-VH-1002-59,VH-1002,DR-225,Pretoria DC,2026-06-29,113.5,115.5,58853,58968.5,0,0,3.6,1.0
T-VH-1022-1,VH-1022,DR-211,Pretoria DC,2026-05-02,247.9,249.3,50164,50413.3,2,0,23.1,3.2
T-VH-1006-99,VH-1006,DR-225,Pretoria DC,2026-08-08,244.4,252.2,64855,65107.2,0,1,25.6,0.1
T-VH-1003-83,VH-1003,DR-227,Nelspruit DC,2026-07-23,224.7,229.7,62458,62687.7,1,0,15.4,5.8
T-VH-1021-74,VH-1021,DR-227,Nelspruit DC,2026-07-14,144.7,154.5,61118,61272.5,1,0,2.1,2.6
T-VH-1007-96,VH-1007,DR-205,Pretoria DC,2026-08-05,180.3,195.4,64406,64601.4,0,2,31.9,4.5
T-VH-1020-95,VH-1020,DR-211,Polokwane DC,2026-08-04,165.7,179.0,64259,64438.0,0,1,7.1,1.3
T-VH-1021-22,VH-1021,DR-227,Nelspruit DC,2026-05-23,89.4,92.2,53287,53379.2,0,0,21.6,1.4
T-VH-1019-84,VH-1019,DR-203,Nelspruit DC,2026-07-24,196.0,208.4,62591,62799.4,0,0,21.4,0.4
T-VH-1006-21,VH-1006,DR-225,Pretoria DC,2026-05-22,139.9,142.4,53130,53272.4,0,0,16.5,1.7
T-VH-1021-34,VH-1021,DR-227,Nelspruit DC,2026-06-04,176.0,186.4,55100,55286.4,1,1,16.1,1.1
T-VH-1016-115,VH-1016,DR-203,Nelspruit DC,2026-08-24,243.1,243.8,67256,67499.8,2,1,20.7,5.5
T-VH-1017-94,VH-1017,DR-202,Polokwane DC,2026-08-03,196.0,197.6,64089,64286.6,2,1,31.0,49.4
T-VH-1012-116,VH-1012,DR-204,Pretoria DC,2026-08-25,119.3,121.5,67395,67516.5,0,1,32.8,2.9
T-VH-1011-117,VH-1011,DR-208,Polokwane DC,2026-08-26,156.9,165.8,67558,67723.8,1,1,29.1,3.3
T-VH-1020-1,VH-1020,DR-211,Polokwane DC,2026-05-02,197.7,217.4,50134,50351.4,1,1,16.9,0.8
T-VH-1023-3,VH-1023,DR-219,Polokwane DC,2026-05-04,213.7,225.6,50457,50682.6,5,3,59.4,56.4
T-VH-1008-71,VH-1008,DR-222,Polokwane DC,2026-07-11,117.7,130.1,60663,60793.1,0,2,22.9,1.2
T-VH-1010-54,VH-1010,DR-210,Pretoria DC,2026-06-24,192.7,194.7,58098,58292.7,0,0,19.4,5.0
T-VH-1012-5,VH-1012,DR-204,Pretoria DC,2026-05-06,119.4,129.5,50749,50878.5,1,1,45.3,3.2
T-VH-1016-42,VH-1016,DR-203,Nelspruit DC,2026-06-12,285.1,297.2,56315,56612.2,1,0,22.4,2.5
T-VH-1015-115,VH-1015,DR-210,Johannesburg DC,2026-08-24,118.9,121.4,67257,67378.4,0,1,30.9,2.0
T-VH-1021-94,VH-1021,DR-227,Nelspruit DC,2026-08-03,162.8,169.7,64109,64278.7,1,2,11.9,3.8
T-VH-1021-53,VH-1021,DR-227,Nelspruit DC,2026-06-23,143.9,158.0,57957,58115.0,1,3,-0.9,4.5
T-VH-1010-110,VH-1010,DR-210,Pretoria DC,2026-08-19,182.0,185.7,66505,66690.7,0,0,25.9,3.3
T-VH-1007-15,VH-1007,DR-205,Pretoria DC,2026-05-16,86.0,94.9,52255,52349.9,0,0,30.2,1.2
T-VH-1021-7,VH-1021,DR-227,Nelspruit DC,2026-05-08,26.0,28.5,51054,51082.5,0,0,20.6,0.8
T-VH-1020-117,VH-1020,DR-211,Polokwane DC,2026-08-26,217.6,238.9,67560,67798.9,1,0,14.3,3.7
T-VH-1005-49,VH-1005,DR-224,Polokwane DC,2026-06-19,147.2,153.2,57358,57511.2,0,2,4.4,1.3
T-VH-1022-32,VH-1022,DR-211,Pretoria DC,2026-06-02,82.9,91.4,54810,54901.4,2,1,27.3,1.1
T-VH-1004-42,VH-1004,DR-200,Nelspruit DC,2026-06-12,190.4,198.0,56303,56501.0,0,1,39.4,2.1
T-VH-1000-4,VH-1000,DR-218,Pretoria DC,2026-05-05,184.7,197.4,50587,50784.4,1,1,13.2,1.8
T-VH-1024-104,VH-1024,DR-208,Polokwane DC,2026-08-13,154.0,162.3,65619,65781.3,0,0,23.5,3.8
T-VH-1001-18,VH-1001,DR-208,Johannesburg DC,2026-05-19,192.8,197.8,52703,52900.8,2,1,35.6,49.4
T-VH-1008-54,VH-1008,DR-222,Polokwane DC,2026-06-24,201.7,221.7,58110,58331.7,1,1,30.7,4.2
T-VH-1007-26,VH-1007,DR-205,Pretoria DC,2026-05-27,136.1,144.9,53916,54060.9,3,0,8.6,2.2
T-VH-1001-52,VH-1001,DR-208,Johannesburg DC,2026-06-22,232.1,250.7,57785,58035.7,7,2,36.2,62.7
T-VH-1008-96,VH-1008,DR-222,Polokwane DC,2026-08-05,217.1,232.8,64416,64648.8,0,1,15.2,4.6
T-VH-1001-118,VH-1001,DR-208,Johannesburg DC,2026-08-27,271.8,299.2,67684,67983.2,4,3,53.6,74.8
T-VH-1008-109,VH-1008,DR-222,Polokwane DC,2026-08-18,141.9,157.6,66346,66503.6,0,0,12.0,0.4
T-VH-1009-53,VH-1009,DR-213,Nelspruit DC,2026-06-23,168.6,182.7,57969,58151.7,0,0,24.4,3.6
T-VH-1002-26,VH-1002,DR-225,Pretoria DC,2026-05-27,99.5,106.7,53910,54016.7,0,0,0.1,3.1
T-VH-1012-92,VH-1012,DR-204,Pretoria DC,2026-08-01,172.8,177.3,63792,63969.3,0,1,25.9,4.1
T-VH-1000-29,VH-1000,DR-218,Pretoria DC,2026-05-30,196.7,217.0,54355,54572.0,0,0,20.6,4.8
T-VH-1018-75,VH-1018,DR-212,Nelspruit DC,2026-07-15,183.5,186.6,61255,61441.6,0,0,31.6,3.7
T-VH-1009-61,VH-1009,DR-213,Nelspruit DC,2026-07-01,246.9,259.0,59148,59407.0,0,2,10.0,5.2
T-VH-1020-90,VH-1020,DR-211,Polokwane DC,2026-07-30,284.1,286.8,63480,63766.8,4,0,27.7,5.8
T-VH-1009-45,VH-1009,DR-213,Nelspruit DC,2026-06-15,208.0,217.9,56732,56949.9,1,2,20.3,5.5
T-VH-1002-39,VH-1002,DR-225,Pretoria DC,2026-06-09,153.6,166.0,55870,56036.0,1,0,25.7,1.9
T-VH-1013-36,VH-1013,DR-206,Johannesburg DC,2026-06-06,190.2,201.0,55397,55598.0,1,1,30.6,4.0
T-VH-1021-64,VH-1021,DR-227,Nelspruit DC,2026-07-04,200.7,221.2,59607,59828.2,2,0,9.5,5.9
T-VH-1020-43,VH-1020,DR-211,Polokwane DC,2026-06-13,128.8,142.4,56430,56572.4,1,0,12.8,1.0
T-VH-1011-99,VH-1011,DR-208,Polokwane DC,2026-08-08,131.6,145.2,64844,64989.2,0,2,7.7,4.0
T-VH-1017-5,VH-1017,DR-202,Polokwane DC,2026-05-06,196.0,204.5,50764,50968.5,2,6,46.7,51.1
T-VH-1011-13,VH-1011,DR-208,Polokwane DC,2026-05-14,203.2,215.3,51964,52179.3,1,2,24.6,5.1
T-VH-1004-102,VH-1004,DR-200,Nelspruit DC,2026-08-11,174.7,179.6,65295,65474.6,0,0,21.9,5.2
T-VH-1007-109,VH-1007,DR-205,Pretoria DC,2026-08-18,215.7,222.1,66330,66552.1,3,0,28.5,0.7
T-VH-1000-89,VH-1000,DR-218,Pretoria DC,2026-07-29,210.7,211.8,63338,63549.8,2,1,23.2,0.9
T-VH-1002-61,VH-1002,DR-225,Pretoria DC,2026-07-01,104.6,105.9,59137,59242.9,0,0,29.6,3.0
T-VH-1010-38,VH-1010,DR-210,Pretoria DC,2026-06-08,217.8,238.0,55684,55922.0,0,1,19.1,4.3
T-VH-1023-84,VH-1023,DR-219,Polokwane DC,2026-07-24,154.0,170.8,62580,62750.8,8,4,41.1,42.7
T-VH-1002-62,VH-1002,DR-225,Pretoria DC,2026-07-02,165.7,166.6,59312,59478.6,1,1,14.3,0.2
T-VH-1000-70,VH-1000,DR-218,Pretoria DC,2026-07-10,161.5,162.7,60508,60670.7,1,1,9.7,2.0
T-VH-1020-41,VH-1020,DR-211,Polokwane DC,2026-06-11,129.7,141.6,56146,56287.6,2,0,20.6,0.7
T-VH-1002-78,VH-1002,DR-225,Pretoria DC,2026-07-18,178.3,188.0,61715,61903.0,2,0,25.3,3.1
T-VH-1023-32,VH-1023,DR-219,Polokwane DC,2026-06-02,188.5,198.3,54812,55010.3,2,3,37.4,49.6
T-VH-1019-42,VH-1019,DR-203,Nelspruit DC,2026-06-12,162.5,167.1,56286,56453.1,0,1,28.7,1.5
T-VH-1010-6,VH-1010,DR-210,Pretoria DC,2026-05-07,261.4,268.6,50905,51173.6,0,2,23.2,4.0
T-VH-1011-89,VH-1011,DR-208,Polokwane DC,2026-07-29,74.1,77.0,63347,63424.0,3,2,26.7,2.0
T-VH-1001-59,VH-1001,DR-208,Johannesburg DC,2026-06-29,105.5,114.5,58853,58967.5,3,3,25.1,28.6
T-VH-1023-97,VH-1023,DR-219,Polokwane DC,2026-08-06,153.1,165.1,64554,64504.0,3,4,49.0,41.3
T-VH-1023-74,VH-1023,DR-219,Polokwane DC,2026-07-14,176.4,188.2,61116,61304.2,3,1,48.1,47.1
T-VH-1006-71,VH-1006,DR-225,Pretoria DC,2026-07-11,281.9,281.9,60648,60929.9,3,3,40.2,2.1
T-VH-1005-102,VH-1005,DR-224,Polokwane DC,2026-08-11,136.7,146.7,65319,65465.7,0,0,49.8,1.2
T-VH-1000-25,VH-1000,DR-218,Pretoria DC,2026-05-26,166.8,173.7,53732,53905.7,0,2,22.2,4.0
T-VH-1017-48,VH-1017,DR-202,Polokwane DC,2026-06-18,299.0,319.4,57206,57525.4,5,1,47.4,79.8
T-VH-1023-26,VH-1023,DR-219,Polokwane DC,2026-05-27,121.4,134.3,53907,54041.3,5,4,41.6,33.6
T-VH-1004-25,VH-1004,DR-200,Nelspruit DC,2026-05-26,140.5,149.7,53743,53892.7,1,3,20.8,1.6
T-VH-1001-87,VH-1001,DR-208,Johannesburg DC,2026-07-27,150.7,165.7,63039,63204.7,2,2,44.9,41.4
T-VH-1023-106,VH-1023,DR-219,Polokwane DC,2026-08-15,168.5,181.8,65912,66093.8,3,1,35.8,45.5
T-VH-1017-90,VH-1017,DR-202,Polokwane DC,2026-07-30,217.5,238.3,63491,63729.3,2,4,35.9,59.6
T-VH-1016-29,VH-1016,DR-203,Nelspruit DC,2026-05-30,181.4,191.9,54334,54525.9,0,0,19.3,5.5
T-VH-1022-39,VH-1022,DR-211,Pretoria DC,2026-06-09,177.3,193.1,55846,56039.1,2,1,41.4,4.8
T-VH-1000-38,VH-1000,DR-218,Pretoria DC,2026-06-08,61.4,66.5,55687,55753.5,0,0,4.2,0.1
T-VH-1016-77,VH-1016,DR-203,Nelspruit DC,2026-07-17,182.5,186.3,61553,61739.3,0,1,17.5,1.1
T-VH-1024-7,VH-1024,DR-208,Polokwane DC,2026-05-08,151.4,167.2,51063,51230.2,1,2,13.9,3.5
T-VH-1018-40,VH-1018,DR-212,Nelspruit DC,2026-06-10,248.2,264.7,56000,56264.7,0,0,9.6,3.2
T-VH-1018-66,VH-1018,DR-212,Nelspruit DC,2026-07-06,231.8,249.8,59912,60161.8,0,0,6.6,0.5
T-VH-1005-55,VH-1005,DR-224,Polokwane DC,2026-06-25,122.5,135.0,58236,58371.0,0,4,1.6,1.2
T-VH-1006-53,VH-1006,DR-225,Pretoria DC,2026-06-23,285.5,285.8,57958,58243.8,0,1,32.4,1.3
T-VH-1013-102,VH-1013,DR-206,Johannesburg DC,2026-08-11,217.1,230.0,65292,65522.0,0,0,24.5,2.2
T-VH-1020-92,VH-1020,DR-211,Polokwane DC,2026-08-01,18.8,20.0,63812,63832.0,1,0,36.0,0.1
T-VH-1012-71,VH-1012,DR-204,Pretoria DC,2026-07-11,87.6,95.4,60658,60753.4,1,2,28.8,0.3
T-VH-1019-119,VH-1019,DR-203,Nelspruit DC,2026-08-28,242.2,258.2,67836,68094.2,1,0,9.4,1.8
T-VH-1012-34,VH-1012,DR-204,Pretoria DC,2026-06-04,138.0,144.6,55090,55234.6,0,1,23.7,1.9
T-VH-1009-113,VH-1009,DR-213,Nelspruit DC,2026-08-22,125.7,134.0,66963,67097.0,0,2,26.1,0.5
T-VH-1003-116,VH-1003,DR-227,Nelspruit DC,2026-08-25,140.1,155.2,67382,67537.2,1,0,-1.3,3.1
T-VH-1012-78,VH-1012,DR-204,Pretoria DC,2026-07-18,176.5,189.1,61687,61876.1,0,0,14.2,0.3
T-VH-1011-96,VH-1011,DR-208,Polokwane DC,2026-08-05,119.5,130.9,64391,64521.9,2,0,29.9,3.5
T-VH-1022-83,VH-1022,DR-211,Pretoria DC,2026-07-23,108.1,117.9,62430,62547.9,0,0,2.8,2.7
T-VH-1003-89,VH-1003,DR-227,Nelspruit DC,2026-07-29,166.6,168.9,63368,63536.9,2,1,20.1,1.4
T-VH-1004-89,VH-1004,DR-200,Nelspruit DC,2026-07-29,159.7,168.0,63348,63516.0,0,2,9.3,3.8
T-VH-1022-99,VH-1022,DR-211,Pretoria DC,2026-08-08,157.9,168.7,64861,65029.7,1,1,23.6,3.7
T-VH-1018-82,VH-1018,DR-212,Nelspruit DC,2026-07-22,222.0,229.1,62280,62509.1,0,2,15.7,3.6
T-VH-1003-118,VH-1003,DR-227,Nelspruit DC,2026-08-27,150.9,152.7,67706,67858.7,1,1,18.8,0.5
T-VH-1006-43,VH-1006,DR-225,Pretoria DC,2026-06-13,208.2,218.2,56445,56663.2,1,1,26.9,6.5
T-VH-1024-89,VH-1024,DR-208,Polokwane DC,2026-07-29,78.2,80.8,63366,63446.8,1,2,22.1,0.3
T-VH-1007-106,VH-1007,DR-205,Pretoria DC,2026-08-15,146.8,147.3,65882,66029.3,0,2,28.3,3.4
T-VH-1001-95,VH-1001,DR-208,Johannesburg DC,2026-08-04,208.3,210.6,64268,64478.6,3,5,36.4,52.6
T-VH-1011-90,VH-1011,DR-208,Polokwane DC,2026-07-30,248.9,250.8,63497,63747.8,1,3,15.1,6.0
T-VH-1002-75,VH-1002,DR-225,Pretoria DC,2026-07-15,206.3,224.8,61256,61480.8,1,1,8.4,2.0
T-VH-1024-21,VH-1024,DR-208,Polokwane DC,2026-05-22,174.5,177.9,53135,53312.9,1,3,8.9,3.7
T-VH-1012-94,VH-1012,DR-204,Pretoria DC,2026-08-03,103.1,105.4,64103,64208.4,2,0,21.9,0.2
T-VH-1010-97,VH-1010,DR-210,Pretoria DC,2026-08-06,56.7,58.0,64561,64619.0,0,1,20.5,1.4
T-VH-1003-81,VH-1003,DR-227,Nelspruit DC,2026-07-21,146.7,153.3,62158,62311.3,2,0,11.5,0.9
T-VH-1004-59,VH-1004,DR-200,Nelspruit DC,2026-06-29,198.1,214.0,58867,59081.0,2,2,8.9,3.4
T-VH-1021-12,VH-1021,DR-227,Nelspruit DC,2026-05-13,143.9,153.7,51782,51935.7,2,1,6.0,0.2
T-VH-1006-113,VH-1006,DR-225,Pretoria DC,2026-08-22,79.4,85.3,66938,67023.3,0,0,0.6,0.6
T-VH-1012-55,VH-1012,DR-204,Pretoria DC,2026-06-25,232.8,247.4,58255,58502.4,0,1,38.3,0.8
T-VH-1018-98,VH-1018,DR-212,Nelspruit DC,2026-08-07,158.6,166.9,64684,64850.9,1,1,26.3,2.2
T-VH-1003-55,VH-1003,DR-227,Nelspruit DC,2026-06-25,163.2,174.6,58242,58416.6,0,4,34.6,3.3
T-VH-1017-54,VH-1017,DR-202,Polokwane DC,2026-06-24,100.0,104.2,58106,58210.2,5,3,60.3,26.1
T-VH-1013-40,VH-1013,DR-206,Johannesburg DC,2026-06-10,152.5,161.1,56017,56178.1,1,3,12.7,1.5
T-VH-1005-81,VH-1005,DR-224,Polokwane DC,2026-07-21,252.5,259.1,62148,62407.1,1,1,20.6,2.5
T-VH-1023-91,VH-1023,DR-219,Polokwane DC,2026-07-31,75.7,81.3,63644,63725.3,1,0,36.1,20.3
T-VH-1016-109,VH-1016,DR-203,Nelspruit DC,2026-08-18,104.5,111.2,66360,66471.2,1,1,36.0,2.0
T-VH-1020-101,VH-1020,DR-211,Polokwane DC,2026-08-10,171.6,186.2,65136,65322.2,2,0,28.2,4.2
T-VH-1002-88,VH-1002,DR-225,Pretoria DC,2026-07-28,137.4,142.7,63203,63345.7,1,1,31.6,2.0
T-VH-1014-4,VH-1014,DR-224,Nelspruit DC,2026-05-05,158.6,159.4,50594,50753.4,3,0,49.9,39.9
T-VH-1019-29,VH-1019,DR-203,Nelspruit DC,2026-05-30,163.9,173.1,54349,54522.1,0,0,23.1,2.6
T-VH-1004-117,VH-1004,DR-200,Nelspruit DC,2026-08-26,216.3,237.2,67561,67798.2,1,0,34.1,0.1
T-VH-1019-50,VH-1019,DR-203,Nelspruit DC,2026-06-20,130.4,136.0,57510,57646.0,0,1,32.1,1.9
T-VH-1000-62,VH-1000,DR-218,Pretoria DC,2026-07-02,102.0,105.4,59317,59422.4,0,1,26.5,2.1
T-VH-1011-0,VH-1011,DR-208,Polokwane DC,2026-05-01,172.5,185.2,50001,50186.2,2,0,12.1,0.4
T-VH-1007-62,VH-1007,DR-205,Pretoria DC,2026-07-02,232.0,242.7,59280,59522.7,2,0,12.5,1.4
T-VH-1017-13,VH-1017,DR-202,Polokwane DC,2026-05-14,78.4,83.8,51958,52041.8,3,2,50.9,21.0
T-VH-1009-98,VH-1009,DR-213,Nelspruit DC,2026-08-07,182.4,198.7,64700,64898.7,2,1,10.4,4.1
T-VH-1005-4,VH-1005,DR-224,Polokwane DC,2026-05-05,160.5,163.8,50599,50762.8,0,0,29.6,3.2
T-VH-1010-109,VH-1010,DR-210,Pretoria DC,2026-08-18,176.4,187.1,66341,66528.1,3,1,18.0,1.4
T-VH-1003-52,VH-1003,DR-227,Nelspruit DC,2026-06-22,178.5,187.8,57781,57968.8,0,1,16.9,4.2
T-VH-1012-4,VH-1012,DR-204,Pretoria DC,2026-05-05,103.0,113.6,50620,50733.6,1,1,20.6,0.6
T-VH-1006-85,VH-1006,DR-225,Pretoria DC,2026-07-25,122.3,122.7,62765,62887.7,1,0,17.2,2.0
T-VH-1019-48,VH-1019,DR-203,Nelspruit DC,2026-06-18,144.7,160.0,57192,57352.0,3,1,24.7,1.1
T-VH-1001-109,VH-1001,DR-208,Johannesburg DC,2026-08-18,140.6,141.4,66336,66477.4,4,2,45.7,35.4
T-VH-1001-3,VH-1001,DR-208,Johannesburg DC,2026-05-04,124.3,134.0,50470,50604.0,2,1,36.9,33.5
T-VH-1024-61,VH-1024,DR-208,Polokwane DC,2026-07-01,83.6,87.6,59164,59251.6,1,1,22.7,0.2
T-VH-1013-85,VH-1013,DR-206,Johannesburg DC,2026-07-25,156.4,164.6,62735,62899.6,0,3,5.2,4.4
T-VH-1014-49,VH-1014,DR-224,Nelspruit DC,2026-06-19,239.5,250.2,57337,57587.2,4,1,22.8,62.6
T-VH-1017-106,VH-1017,DR-202,Polokwane DC,2026-08-15,158.0,160.4,65903,66063.4,6,5,35.3,40.1
T-VH-1005-60,VH-1005,DR-224,Polokwane DC,2026-06-30,206.3,225.1,58998,59223.1,0,2,2.4,1.2
T-VH-1020-6,VH-1020,DR-211,Polokwane DC,2026-05-07,194.5,199.7,50884,51083.7,1,0,34.4,4.0
T-VH-1024-48,VH-1024,DR-208,Polokwane DC,2026-06-18,19.0,20.0,57192,57212.0,1,0,27.9,0.5
T-VH-1008-74,VH-1008,DR-222,Polokwane DC,2026-07-14,130.8,140.6,61097,61237.6,0,1,29.2,2.3
T-VH-1023-12,VH-1023,DR-219,Polokwane DC,2026-05-13,234.1,254.1,51801,52055.1,4,2,57.7,63.5
T-VH-1007-18,VH-1007,DR-205,Pretoria DC,2026-05-19,141.7,152.7,52691,52843.7,1,2,29.6,4.5
T-VH-1017-52,VH-1017,DR-202,Polokwane DC,2026-06-22,217.4,232.3,57814,58046.3,6,4,44.7,58.1
T-VH-1012-102,VH-1012,DR-204,Pretoria DC,2026-08-11,139.0,146.5,65289,65435.5,1,3,28.1,2.4
T-VH-1006-115,VH-1006,DR-225,Pretoria DC,2026-08-24,199.4,208.3,67253,67461.3,1,4,19.6,1.0
T-VH-1015-90,VH-1015,DR-210,Johannesburg DC,2026-07-30,230.1,251.4,63507,63758.4,0,0,27.0,3.4
T-VH-1011-73,VH-1011,DR-208,Polokwane DC,2026-07-13,191.5,202.3,60956,61158.3,0,0,14.6,2.2
T-VH-1011-118,VH-1011,DR-208,Polokwane DC,2026-08-27,135.8,137.9,67708,67845.9,2,1,18.7,3.0
T-VH-1015-88,VH-1015,DR-210,Johannesburg DC,2026-07-28,108.7,112.0,63202,63314.0,0,2,29.4,2.5
T-VH-1000-80,VH-1000,DR-218,Pretoria DC,2026-07-20,119.1,128.1,61987,62115.1,0,0,34.2,2.9
T-VH-1009-82,VH-1009,DR-213,Nelspruit DC,2026-07-22,185.1,201.1,62293,62494.1,0,0,26.3,4.1
T-VH-1009-66,VH-1009,DR-213,Nelspruit DC,2026-07-06,184.1,198.5,59893,60091.5,0,0,2.1,3.9
T-VH-1014-50,VH-1014,DR-224,Nelspruit DC,2026-06-20,243.6,254.9,57501,57755.9,4,2,48.3,63.7
T-VH-1020-77,VH-1020,DR-211,Polokwane DC,2026-07-17,157.1,162.4,61547,61709.4,0,1,28.1,3.4
T-VH-1016-90,VH-1016,DR-203,Nelspruit DC,2026-07-30,114.8,119.1,63491,63610.1,0,1,5.4,0.2
T-VH-1019-56,VH-1019,DR-203,Nelspruit DC,2026-06-26,142.9,154.0,58411,58565.0,0,2,33.8,2.0
T-VH-1016-53,VH-1016,DR-203,Nelspruit DC,2026-06-23,138.9,152.4,57938,58090.4,0,0,11.5,1.3
T-VH-1021-6,VH-1021,DR-227,Nelspruit DC,2026-05-07,198.9,218.1,50899,51117.1,1,0,17.4,2.4
T-VH-1017-69,VH-1017,DR-202,Polokwane DC,2026-07-09,83.3,92.6,60339,60431.6,2,2,47.8,23.1
T-VH-1015-106,VH-1015,DR-210,Johannesburg DC,2026-08-15,201.6,221.3,65913,66134.3,0,0,35.2,5.0
T-VH-1009-1,VH-1009,DR-213,Nelspruit DC,2026-05-02,213.6,218.0,50165,50383.0,0,0,21.9,0.5
T-VH-1011-94,VH-1011,DR-208,Polokwane DC,2026-08-03,188.6,191.9,64087,64278.9,0,2,20.4,2.2
T-VH-1015-70,VH-1015,DR-210,Johannesburg DC,2026-07-10,185.5,204.3,60515,60719.3,0,0,24.3,3.1
T-VH-1006-46,VH-1006,DR-225,Pretoria DC,2026-06-16,221.1,244.4,56909,57153.4,0,2,11.3,1.2
T-VH-1018-18,VH-1018,DR-212,Nelspruit DC,2026-05-19,159.0,166.0,52694,52860.0,0,2,26.5,1.7
T-VH-1020-33,VH-1020,DR-211,Polokwane DC,2026-06-03,105.6,115.0,54970,55085.0,1,1,12.0,1.2
T-VH-1019-109,VH-1019,DR-203,Nelspruit DC,2026-08-18,217.3,235.5,66350,66585.5,0,0,15.9,3.3
T-VH-1013-12,VH-1013,DR-206,Johannesburg DC,2026-05-13,115.2,123.6,51784,51907.6,1,2,18.1,1.3
