transaction_id,vehicle_id,driver_id,depot,timestamp,litres,price_per_litre,total_cost,odometer_at_fill,fuel_type,card_number,merchant
F-VH-1001-6,VH-1001,DR-208,Johannesburg DC,2026-05-07 12:00,24.31,22.7,551.9,51025.5,Diesel,**** 6764,BP Fleet
F-VH-1024-119,VH-1024,DR-208,Polokwane DC,2026-08-28 10:00,54.46,23.96,1305.02,68016.5,Diesel,**** 6017,Shell Fleet
F-VH-1021-4,VH-1021,DR-227,Nelspruit DC,2026-05-05 14:00,16.0,23.7,379.17,50787.0,Petrol,**** 7275,Engen Fleet
F-VH-1000-71,VH-1000,DR-218,Pretoria DC,2026-07-11 06:00,29.5,25.2,743.21,60830.1,Diesel,**** 9846,Shell Fleet
F-VH-1019-115,VH-1019,DR-203,Nelspruit DC,2026-08-24 06:00,23.98,23.23,557.15,67507.2,Petrol,**** 2899,BP Fleet
F-VH-1023-94,VH-1023,DR-219,Polokwane DC,2026-08-03 07:00,77.8,21.22,1651.25,64312.1,Diesel,**** 8096,Engen Fleet
F-VH-1006-42,VH-1006,DR-225,Pretoria DC,2026-06-12 09:00,41.88,23.08,966.42,56551.7,Diesel,**** 3101,Sasol Fleet
F-VH-1020-109,VH-1020,,Polokwane DC,2026-08-18 17:00,55.93,24.58,1374.92,66563.9,Diesel,**** 1747,Shell Fleet
F-VH-1024-62,VH-1024,DR-208,Polokwane DC,2026-07-02 17:00,103.87,22.02,2287.42,59619.7,Diesel,**** 2792,BP Fleet
F-VH-1001-55,VH-1001,DR-208,Johannesburg DC,2026-06-25 10:00,29.27,23.36,683.82,58357.9,Diesel,**** 7408,BP Fleet
F-VH-1023-113,VH-1023,DR-219,Polokwane DC,2026-08-22 09:00,53.75,24.67,1326.03,67115.3,Diesel,**** 9306,Sasol Fleet
F-VH-1001-103,VH-1001,DR-208,Johannesburg DC,2026-08-12 13:00,34.42,24.05,827.96,65608.7,Diesel,**** 9306,Shell Fleet
F-VH-1009-1,VH-1009,DR-213,Nelspruit DC,2026-05-02 16:00,16.8,22.88,384.41,50383.0,Diesel,**** 2528,Engen Fleet
F-VH-1008-92,VH-1008,DR-222,Polokwane DC,2026-08-01 06:00,25.94,25.54,662.5,63939.7,Diesel,**** 4009,Sasol Fleet
F-VH-1008-43,VH-1008,DR-222,Polokwane DC,2026-06-13 12:00,32.23,24.11,777.03,56610.1,Diesel,**** 2045,BP Fleet
F-VH-1021-103,VH-1021,DR-227,Nelspruit DC,2026-08-12 08:00,12.98,24.02,311.65,65589.0,Petrol,**** 4955,Shell Fleet
F-VH-1021-1,VH-1021,DR-227,Nelspruit DC,2026-05-02 11:00,19.97,24.2,483.34,50378.8,Diesel,**** 7054,Shell Fleet
F-VH-1004-5,VH-1004,DR-200,Nelspruit DC,2026-05-06 10:00,49.68,23.66,1175.29,50952.3,Diesel,**** 4467,BP Fleet
F-VH-1021-115,VH-1021,DR-227,Nelspruit DC,2026-08-24 08:00,13.53,24.08,325.78,67411.0,Diesel,**** 7282,Sasol Fleet
F-VH-1010-15,VH-1010,DR-210,Pretoria DC,2026-05-16 08:00,40.37,23.31,941.16,52385.5,Diesel,**** 8406,Engen Fleet
F-VH-1016-32,VH-1016,DR-203,Nelspruit DC,2026-06-02 17:00,18.86,23.46,442.49,54998.3,Diesel,**** 4086,Engen Fleet
F-VH-1008-28,VH-1008,DR-222,Polokwane DC,2026-05-29 15:00,39.29,22.56,886.23,54418.4,Diesel,**** 7471,BP Fleet
F-VH-1018-34,VH-1018,DR-212,Nelspruit DC,2026-06-04 17:00,53.17,23.72,1261.42,55358.6,Diesel,**** 2560,BP Fleet
F-VH-1010-111,VH-1010,DR-210,Pretoria DC,2026-08-20 07:00,40.89,23.4,956.94,66775.7,Diesel,**** 6423,Sasol Fleet
F-VH-1010-31,VH-1010,DR-210,Pretoria DC,2026-06-01 15:00,61.05,23.14,1412.97,54818.1,Diesel,**** 2641,Sasol Fleet
F-VH-1023-40,VH-1023,DR-219,Polokwane DC,2026-06-10 10:00,44.68,23.69,1058.45,56160.3,Diesel,**** 7522,Engen Fleet
F-VH-1016-88,VH-1016,DR-203,Nelspruit DC,2026-07-28 18:00,13.33,24.27,323.58,63363.0,Petrol,**** 7477,Shell Fleet
F-VH-1023-84,VH-1023,DR-219,Polokwane DC,2026-07-24 07:00,93.75,23.92,2242.03,62750.8,Diesel,**** 9351,Engen Fleet
F-VH-1010-69,VH-1010,DR-210,Pretoria DC,2026-07-09 13:00,69.59,23.6,1642.39,60576.5,Diesel,**** 7815,BP Fleet
F-VH-1000-61,VH-1000,DR-218,Pretoria DC,2026-07-01 07:00,20.36,23.57,480.04,59256.8,Diesel,**** 6927,BP Fleet
F-VH-1009-108,VH-1009,DR-213,Nelspruit DC,2026-08-17 13:00,20.88,22.82,476.51,66440.4,Diesel,**** 9345,Sasol Fleet
F-VH-1019-74,VH-1019,DR-203,Nelspruit DC,2026-07-14 16:00,15.16,22.24,337.01,61257.1,Diesel,**** 9197,BP Fleet
F-VH-1016-103,VH-1016,DR-203,Nelspruit DC,2026-08-12 09:00,16.91,24.04,406.5,65657.5,Diesel,**** 6768,Shell Fleet
F-VH-1019-90,VH-1019,DR-203,Nelspruit DC,2026-07-30 18:00,14.56,23.79,346.24,63678.6,Diesel,**** 7191,BP Fleet
F-VH-1012-66,VH-1012,DR-204,Pretoria DC,2026-07-06 12:00,14.73,22.56,332.27,59974.9,Diesel,**** 1471,Shell Fleet
F-VH-1020-119,VH-1020,DR-211,Polokwane DC,2026-08-28 18:00,60.49,22.62,1368.08,68081.5,Diesel,**** 2686,Shell Fleet
F-VH-1002-42,VH-1002,DR-225,Pretoria DC,2026-06-12 07:00,20.6,23.45,483.14,56487.8,Diesel,**** 2285,BP Fleet
F-VH-1022-40,VH-1022,DR-211,Pretoria DC,2026-06-10 18:00,56.08,23.66,1327.05,56178.0,Diesel,**** 3928,Shell Fleet
F-VH-1000-36,VH-1000,DR-218,Pretoria DC,2026-06-06 12:00,19.91,23.88,475.47,55532.4,Diesel,**** 9564,Sasol Fleet
F-VH-1014-77,VH-1014,DR-224,Nelspruit DC,2026-07-17 07:00,55.61,23.29,1295.39,61683.6,Diesel,**** 8282,Shell Fleet
F-VH-1003-109,VH-1003,DR-227,Nelspruit DC,2026-08-18 09:00,40.44,24.27,981.29,66533.1,Diesel,**** 5346,BP Fleet
F-VH-1000-12,VH-1000,DR-218,Pretoria DC,2026-05-13 16:00,12.0,25.37,304.42,51868.2,Diesel,**** 8972,Shell Fleet
F-VH-1023-49,VH-1023,DR-219,Polokwane DC,2026-06-19 15:00,62.93,23.16,1457.36,57486.9,Diesel,**** 5556,Engen Fleet
F-VH-1023-78,VH-1023,DR-219,Polokwane DC,2026-07-18 08:00,33.75,24.76,835.69,61759.6,Diesel,**** 5782,Sasol Fleet
F-VH-1014-119,VH-1014,DR-224,Nelspruit DC,2026-08-28 12:00,70.68,23.91,1689.74,68029.0,Diesel,**** 3892,Shell Fleet
F-VH-1023-111,VH-1023,DR-219,Polokwane DC,2026-08-20 12:00,46.59,23.47,1093.39,66780.8,Diesel,**** 8773,Shell Fleet
F-VH-1020-99,VH-1020,DR-211,Polokwane DC,2026-08-08 17:00,38.65,22.62,874.35,64973.2,Diesel,**** 9039,Shell Fleet
F-VH-1007-55,VH-1007,DR-205,Pretoria DC,2026-06-25 15:00,10.73,23.46,251.69,58355.1,Diesel,**** 4027,Sasol Fleet
F-VH-1005-0,VH-1005,DR-224,Polokwane DC,2026-05-01 15:00,67.08,24.12,1617.93,50268.6,Diesel,**** 4593,Engen Fleet
F-VH-1012-47,VH-1012,DR-204,Pretoria DC,2026-06-17 16:00,26.39,22.95,605.58,57186.5,Diesel,**** 9589,Engen Fleet
F-VH-1024-47,VH-1024,DR-208,Polokwane DC,2026-06-17 13:00,57.8,23.44,1354.9,57268.3,Diesel,**** 1136,Sasol Fleet
F-VH-1005-24,VH-1005,DR-224,Polokwane DC,2026-05-25 16:00,38.28,22.16,848.42,53754.6,Diesel,**** 7547,Shell Fleet
F-VH-1000-92,VH-1000,DR-218,Pretoria DC,2026-08-01 11:00,40.26,22.25,895.73,64028.0,Diesel,**** 5014,Sasol Fleet
F-VH-1016-87,VH-1016,DR-203,Nelspruit DC,2026-07-27 17:00,13.69,24.45,334.57,63230.4,Diesel,**** 6000,Sasol Fleet
F-VH-1004-56,VH-1004,DR-200,Nelspruit DC,2026-06-26 18:00,52.48,23.2,1217.35,58600.9,Diesel,**** 7643,Sasol Fleet
F-VH-1008-57,VH-1008,DR-222,Polokwane DC,2026-06-27 12:00,46.65,22.72,1060.06,58844.3,Diesel,**** 8499,Engen Fleet
F-VH-1021-33,VH-1021,DR-227,Nelspruit DC,2026-06-03 07:00,1.94,23.23,45.13,54951.0,Diesel,**** 9966,Shell Fleet
F-VH-1002-59,VH-1002,DR-225,Pretoria DC,2026-06-29 06:00,13.45,22.45,301.93,58968.5,Diesel,**** 3871,Sasol Fleet
F-VH-1001-39,VH-1001,DR-208,Johannesburg DC,2026-06-09 15:00,70.52,24.59,1733.92,55994.1,Diesel,**** 3293,Engen Fleet
F-VH-1008-41,VH-1008,DR-222,Polokwane DC,2026-06-11 15:00,15.44,24.96,385.43,56232.3,Diesel,**** 4795,Engen Fleet
F-VH-1002-56,VH-1002,DR-225,Pretoria DC,2026-06-26 18:00,17.68,23.61,417.35,58567.3,Diesel,**** 6041,BP Fleet
F-VH-1005-63,VH-1005,DR-224,Polokwane DC,2026-07-03 17:00,49.44,22.52,1113.66,59669.4,Diesel,**** 5995,Sasol Fleet
F-VH-1011-40,VH-1011,DR-208,Polokwane DC,2026-06-10 11:00,33.66,23.62,794.95,56198.1,Diesel,**** 9680,BP Fleet
F-VH-1012-89,VH-1012,DR-204,Pretoria DC,2026-07-29 06:00,43.83,24.3,1064.94,63578.8,Diesel,**** 1008,Sasol Fleet
F-VH-1002-39,VH-1002,DR-225,Pretoria DC,2026-06-09 07:00,18.58,22.81,423.81,56036.0,Diesel,**** 9309,Sasol Fleet
F-VH-1013-81,VH-1013,DR-206,Johannesburg DC,2026-07-21 18:00,56.62,22.56,1277.15,62452.6,Diesel,**** 6891,BP Fleet
F-VH-1014-57,VH-1014,DR-224,Nelspruit DC,2026-06-27 09:00,53.28,23.9,1273.49,58737.2,Diesel,**** 5573,Sasol Fleet
F-VH-1000-56,VH-1000,DR-218,Pretoria DC,2026-06-26 16:00,28.69,24.24,695.45,58569.3,Diesel,**** 4104,Engen Fleet
F-VH-1013-88,VH-1013,DR-206,Johannesburg DC,2026-07-28 15:00,62.19,24.16,1502.68,63489.7,Diesel,**** 5888,Shell Fleet
F-VH-1001-75,VH-1001,DR-208,Johannesburg DC,2026-07-15 12:00,15.2,24.24,368.5,61329.2,Diesel,**** 1849,Shell Fleet
F-VH-1003-69,VH-1003,DR-227,Nelspruit DC,2026-07-09 17:00,55.21,23.87,1318.21,60545.2,Diesel,**** 6633,BP Fleet
F-VH-1002-52,VH-1002,DR-225,Pretoria DC,2026-06-22 18:00,19.27,23.94,461.29,57983.5,Diesel,**** 4311,Sasol Fleet
F-VH-1001-46,VH-1001,DR-208,Johannesburg DC,2026-06-16 06:00,43.46,22.91,995.78,57022.7,Diesel,**** 2617,Sasol Fleet
F-VH-1024-0,VH-1024,DR-208,Polokwane DC,2026-05-01 17:00,29.17,23.58,687.77,50091.8,Diesel,**** 4750,Sasol Fleet
F-VH-1006-82,VH-1006,DR-225,Pretoria DC,2026-07-22 09:00,41.9,24.3,1018.0,62516.9,Diesel,**** 3716,BP Fleet
F-VH-1014-5,VH-1014,DR-224,Nelspruit DC,2026-05-06 12:00,81.31,23.9,1942.94,50961.2,Diesel,**** 6590,Sasol Fleet
F-VH-1010-99,VH-1010,DR-210,Pretoria DC,2026-08-08 07:00,68.67,23.19,1592.41,65078.0,Diesel,**** 7628,BP Fleet
F-VH-1015-24,VH-1015,DR-210,Johannesburg DC,2026-05-25 09:00,48.97,23.21,1136.47,53795.2,Diesel,**** 2025,Sasol Fleet
F-VH-1012-119,VH-1012,DR-204,Pretoria DC,2026-08-28 07:00,42.96,23.12,993.16,68087.8,Diesel,**** 8252,Engen Fleet
F-VH-1014-43,VH-1014,DR-224,Nelspruit DC,2026-06-13 15:00,59.76,24.96,1491.32,56643.3,Diesel,**** 8126,Shell Fleet
F-VH-1010-24,VH-1010,DR-210,Pretoria DC,2026-05-25 11:00,89.24,24.98,2229.6,53866.3,Diesel,**** 4389,BP Fleet
F-VH-1007-19,VH-1007,DR-205,Pretoria DC,2026-05-20 12:00,9.94,23.32,231.9,52955.3,Diesel,**** 6400,Shell Fleet
F-VH-1002-11,VH-1002,DR-225,Pretoria DC,2026-05-12 13:00,14.53,24.34,353.65,51777.3,Diesel,**** 2323,Shell Fleet
F-VH-1012-91,VH-1012,DR-204,Pretoria DC,2026-07-31 12:00,42.42,24.47,1038.06,63883.1,Diesel,**** 8838,Sasol Fleet
F-VH-1011-108,VH-1011,DR-208,Polokwane DC,2026-08-17 13:00,24.47,22.96,561.73,66358.6,Diesel,**** 5576,Sasol Fleet
F-VH-1020-26,VH-1020,DR-211,Polokwane DC,2026-05-27 14:00,31.64,24.56,776.95,54031.0,Diesel,**** 3501,Shell Fleet
F-VH-1015-56,VH-1015,DR-210,Johannesburg DC,2026-06-26 07:00,46.32,23.38,1082.95,58587.0,Diesel,**** 7162,Engen Fleet
F-VH-1023-56,VH-1023,DR-219,Polokwane DC,2026-06-26 13:00,71.97,24.98,1797.71,58643.7,Diesel,**** 5528,Sasol Fleet
F-VH-1012-25,VH-1012,DR-204,Pretoria DC,2026-05-26 18:00,25.37,23.68,600.81,53885.1,Diesel,**** 1971,Shell Fleet
F-VH-1001-117,VH-1001,DR-208,Johannesburg DC,2026-08-26 17:00,42.9,21.98,943.11,67763.2,Diesel,**** 5781,Shell Fleet
F-VH-1020-113,VH-1020,DR-211,Polokwane DC,2026-08-22 18:00,46.54,24.6,1144.7,67130.4,Diesel,**** 8478,BP Fleet
F-VH-1023-29,VH-1023,DR-219,Polokwane DC,2026-05-30 13:00,98.57,22.21,2189.07,54534.8,Diesel,**** 5315,Engen Fleet
F-VH-1022-3,VH-1022,DR-211,Pretoria DC,2026-05-04 14:00,53.18,23.02,1224.11,50632.9,Diesel,**** 4114,Shell Fleet
F-VH-1001-14,VH-1001,DR-208,Johannesburg DC,2026-05-15 09:00,18.18,23.19,421.67,52181.8,Diesel,**** 4678,Sasol Fleet
F-VH-1020-56,VH-1020,DR-211,Polokwane DC,2026-06-26 06:00,50.19,23.18,1163.15,58581.6,Diesel,**** 4144,Sasol Fleet
F-VH-1005-4,VH-1005,DR-224,Polokwane DC,2026-05-05 06:00,41.29,24.28,1002.5,50762.8,Diesel,**** 4443,BP Fleet
F-VH-1010-64,VH-1010,DR-210,Pretoria DC,2026-07-04 12:00,76.59,23.48,1798.49,59826.7,Diesel,**** 5036,Shell Fleet
F-VH-1005-31,VH-1005,DR-224,Polokwane DC,2026-06-01 15:00,46.23,24.14,1116.11,54853.5,Diesel,**** 2097,Sasol Fleet
F-VH-1021-21,VH-1021,DR-227,Nelspruit DC,2026-05-22 09:00,11.03,23.83,262.82,53281.6,Diesel,**** 7525,Sasol Fleet
F-VH-1020-60,VH-1020,DR-211,Polokwane DC,2026-06-30 12:00,13.61,23.32,317.36,59041.8,Diesel,**** 9037,Sasol Fleet
F-VH-1003-70,VH-1003,DR-227,Nelspruit DC,2026-07-10 18:00,43.61,24.83,1083.06,60646.4,Diesel,**** 5698,Engen Fleet
F-VH-1000-50,VH-1000,DR-218,Pretoria DC,2026-06-20 12:00,46.86,23.8,1115.32,57737.9,Diesel,**** 3643,Shell Fleet
F-VH-1013-111,VH-1013,DR-206,Johannesburg DC,2026-08-20 09:00,30.56,24.33,743.42,66830.2,Diesel,**** 7982,Shell Fleet
F-VH-1012-45,VH-1012,DR-204,Pretoria DC,2026-06-15 12:00,23.16,21.98,508.94,56880.0,Diesel,**** 3742,Shell Fleet
F-VH-1022-15,VH-1022,DR-211,Pretoria DC,2026-05-16 11:00,52.03,22.87,1190.15,52423.5,Diesel,**** 4694,Shell Fleet
F-VH-1019-19,VH-1019,DR-203,Nelspruit DC,2026-05-20 17:00,14.97,25.03,374.68,52999.5,Diesel,**** 2130,BP Fleet
F-VH-1002-31,VH-1002,DR-225,Pretoria DC,2026-06-01 07:00,18.18,23.57,428.48,54811.8,Diesel,**** 1568,Engen Fleet
F-VH-1011-77,VH-1011,DR-208,Polokwane DC,2026-07-17 18:00,34.76,24.31,845.08,61748.2,Diesel,**** 1599,Engen Fleet
F-VH-1002-15,VH-1002,DR-225,Pretoria DC,2026-05-16 18:00,23.31,23.79,554.53,52428.5,Diesel,**** 6933,BP Fleet
F-VH-1013-109,VH-1013,DR-206,Johannesburg DC,2026-08-18 13:00,33.02,21.93,724.12,66518.7,Diesel,**** 7960,Sasol Fleet
F-VH-1000-99,VH-1000,DR-218,Pretoria DC,2026-08-08 10:00,22.03,23.51,517.91,64978.5,Diesel,**** 6032,Sasol Fleet
F-VH-1010-19,VH-1010,DR-210,Pretoria DC,2026-05-20 09:00,25.55,23.56,601.78,52924.0,Diesel,**** 3188,BP Fleet
F-VH-1009-25,VH-1009,DR-213,Nelspruit DC,2026-05-26 08:00,13.01,22.99,299.19,53922.4,Diesel,**** 1972,Shell Fleet
F-VH-1016-118,VH-1016,DR-203,Nelspruit DC,2026-08-27 17:00,13.21,23.37,308.64,67824.5,Diesel,**** 9467,BP Fleet
F-VH-1012-83,VH-1012,DR-204,Pretoria DC,2026-07-23 11:00,42.98,23.0,988.28,62663.0,Diesel,**** 5593,Engen Fleet
F-VH-1004-38,VH-1004,DR-200,Nelspruit DC,2026-06-08 17:00,74.55,23.13,1724.64,55985.8,Diesel,**** 8130,Sasol Fleet
F-VH-1011-5,VH-1011,DR-208,Polokwane DC,2026-05-06 17:00,25.85,22.49,581.4,50897.2,Diesel,**** 4978,Sasol Fleet
F-VH-1000-13,VH-1000,DR-218,Pretoria DC,2026-05-14 18:00,21.54,23.33,502.32,52067.9,Diesel,**** 1857,Shell Fleet
F-VH-1020-34,VH-1020,DR-211,Polokwane DC,2026-06-04 13:00,20.14,23.91,481.68,55170.6,Diesel,**** 3709,Sasol Fleet
F-VH-1007-40,VH-1007,DR-205,Pretoria DC,2026-06-10 07:00,13.48,22.82,307.69,56160.4,Diesel,**** 9263,BP Fleet
F-VH-1015-62,VH-1015,DR-210,Johannesburg DC,2026-07-02 10:00,73.44,22.69,1666.68,59593.3,Diesel,**** 4781,Engen Fleet
F-VH-1009-73,VH-1009,DR-213,Nelspruit DC,2026-07-13 06:00,10.79,24.75,267.11,61076.6,Petrol,**** 8278,Sasol Fleet
F-VH-1002-43,VH-1002,DR-225,Pretoria DC,2026-06-13 07:00,23.55,24.43,575.3,56674.5,Diesel,**** 6629,Engen Fleet
F-VH-1013-60,VH-1013,DR-206,Johannesburg DC,2026-06-30 11:00,22.82,22.62,516.33,59137.3,Diesel,**** 6651,Shell Fleet
F-VH-1005-55,VH-1005,DR-224,Polokwane DC,2026-06-25 16:00,38.27,24.0,918.5,58371.0,Diesel,**** 4594,Shell Fleet
F-VH-1013-50,VH-1013,DR-206,Johannesburg DC,2026-06-20 18:00,33.31,24.92,829.99,57672.7,Diesel,**** 4396,BP Fleet
F-VH-1023-27,VH-1023,DR-219,Polokwane DC,2026-05-28 09:00,60.39,23.84,1439.78,54156.7,Diesel,**** 2785,Engen Fleet
F-VH-1005-103,VH-1005,DR-224,Polokwane DC,2026-08-12 09:00,44.34,23.32,1033.95,65623.5,Diesel,**** 4876,Sasol Fleet
F-VH-1011-59,VH-1011,DR-208,Polokwane DC,2026-06-29 10:00,19.55,25.23,493.26,58951.6,Diesel,**** 3424,BP Fleet
F-VH-1005-94,VH-1005,DR-224,Polokwane DC,2026-08-03 15:00,55.13,23.64,1303.36,64319.1,Diesel,**** 3496,BP Fleet
F-VH-1023-57,VH-1023,DR-219,Polokwane DC,2026-06-27 10:00,55.38,24.43,1352.6,58711.5,Diesel,**** 9887,Engen Fleet
F-VH-1011-24,VH-1011,DR-208,Polokwane DC,2026-05-25 17:00,35.85,24.1,864.1,53779.5,Diesel,**** 2100,Shell Fleet
F-VH-1001-45,VH-1001,DR-208,Johannesburg DC,2026-06-15 08:00,45.53,23.1,1051.63,56934.4,Diesel,**** 4814,Sasol Fleet
F-VH-1017-74,VH-1017,DR-202,Polokwane DC,2026-07-14 15:00,27.96,23.01,643.43,61359.0,Petrol,**** 9090,Shell Fleet
F-VH-1015-99,VH-1015,DR-210,Johannesburg DC,2026-08-08 11:00,46.37,23.23,1077.08,65021.7,Diesel,**** 3323,Sasol Fleet
F-VH-1016-40,VH-1016,DR-203,Nelspruit DC,2026-06-10 09:00,88.54,24.67,2184.27,56263.8,Diesel,**** 1116,Sasol Fleet
F-VH-1000-18,VH-1000,DR-218,Pretoria DC,2026-05-19 14:00,35.72,23.93,854.81,52905.1,Diesel,**** 5911,BP Fleet
F-VH-1021-85,VH-1021,DR-227,Nelspruit DC,2026-07-25 09:00,15.81,23.04,364.18,62898.7,Diesel,**** 4539,Shell Fleet
F-VH-1006-27,VH-1006,DR-225,Pretoria DC,2026-05-28 14:00,148.3,23.71,3516.65,54159.5,Diesel,**** 1201,Engen Fleet
F-VH-1019-55,VH-1019,DR-203,Nelspruit DC,2026-06-25 14:00,27.65,23.27,643.38,58551.9,Diesel,**** 5961,BP Fleet
F-VH-1017-66,VH-1017,DR-202,Polokwane DC,2026-07-06 14:00,31.29,23.79,744.36,60079.2,Petrol,**** 6804,Sasol Fleet
F-VH-1004-8,VH-1004,DR-200,Nelspruit DC,2026-05-09 16:00,17.67,22.81,403.06,51246.4,Diesel,**** 4727,Sasol Fleet
F-VH-1000-27,VH-1000,DR-218,Pretoria DC,2026-05-28 18:00,28.06,22.57,633.5,54202.1,Diesel,**** 5247,Engen Fleet
F-VH-1007-96,VH-1007,DR-205,Pretoria DC,2026-08-05 06:00,18.81,23.27,437.84,64601.4,Diesel,**** 9502,Shell Fleet
F-VH-1015-85,VH-1015,DR-210,Johannesburg DC,2026-07-25 11:00,25.6,22.85,584.94,62839.7,Diesel,**** 3811,BP Fleet
F-VH-1000-74,VH-1000,DR-218,Pretoria DC,2026-07-14 10:00,17.07,24.73,422.06,61204.9,Diesel,**** 7228,Shell Fleet
F-VH-1007-106,VH-1007,DR-205,Pretoria DC,2026-08-15 08:00,14.47,25.07,362.69,66029.3,Petrol,**** 4464,Shell Fleet
F-VH-1007-12,VH-1007,DR-205,Pretoria DC,2026-05-13 16:00,15.28,23.17,354.13,51983.7,Petrol,**** 1341,Shell Fleet
F-VH-1006-92,VH-1006,DR-225,Pretoria DC,2026-08-01 08:00,30.91,23.37,722.43,63968.2,Diesel,**** 2506,BP Fleet
F-VH-1004-43,VH-1004,DR-200,Nelspruit DC,2026-06-13 13:00,78.19,23.98,1875.24,56748.9,Diesel,**** 6950,BP Fleet
F-VH-1014-3,VH-1014,DR-224,Nelspruit DC,2026-05-04 17:00,72.2,22.71,1639.6,50672.9,Diesel,**** 7745,Engen Fleet
F-VH-1012-39,VH-1012,DR-204,Pretoria DC,2026-06-09 13:00,38.83,24.45,949.12,56057.1,Diesel,**** 1653,Shell Fleet
F-VH-1003-39,VH-1003,DR-227,Nelspruit DC,2026-06-09 15:00,39.96,23.24,928.71,56034.0,Diesel,**** 1600,Shell Fleet
F-VH-1008-29,VH-1008,DR-222,Polokwane DC,2026-05-30 15:00,24.28,23.4,568.14,54504.4,Diesel,**** 4619,Sasol Fleet
F-VH-1012-55,VH-1012,DR-204,Pretoria DC,2026-06-25 13:00,49.46,22.97,1136.21,58502.4,Diesel,**** 9857,BP Fleet
F-VH-1009-68,VH-1009,DR-213,Nelspruit DC,2026-07-08 18:00,14.7,23.31,342.7,60356.9,Petrol,**** 5248,Sasol Fleet
F-VH-1017-26,VH-1017,DR-202,Polokwane DC,2026-05-27 14:00,16.35,24.21,395.89,54063.2,Diesel,**** 2195,Sasol Fleet
F-VH-1016-20,VH-1016,DR-203,Nelspruit DC,2026-05-21 12:00,21.4,23.15,495.4,53238.4,Diesel,**** 2192,Engen Fleet
F-VH-1000-98,VH-1000,DR-218,Pretoria DC,2026-08-07 06:00,34.09,23.11,787.77,64900.1,Diesel,**** 9169,Sasol Fleet
F-VH-1014-14,VH-1014,DR-224,Nelspruit DC,2026-05-15 18:00,35.77,23.47,839.37,52200.6,Diesel,**** 4302,Sasol Fleet
F-VH-1024-95,VH-1024,DR-208,Polokwane DC,2026-08-04 06:00,10.77,24.31,261.8,64269.0,Diesel,**** 7738,Sasol Fleet
F-VH-1011-33,VH-1011,DR-208,Polokwane DC,2026-06-03 12:00,4.77,23.85,113.75,54963.1,Diesel,**** 7609,BP Fleet
F-VH-1012-26,VH-1012,DR-204,Pretoria DC,2026-05-27 16:00,50.87,21.93,1115.41,54164.2,Diesel,**** 5668,Sasol Fleet
F-VH-1006-52,VH-1006,DR-225,Pretoria DC,2026-06-22 11:00,37.0,25.05,926.78,58026.4,Diesel,**** 2609,Engen Fleet
F-VH-1015-98,VH-1015,DR-210,Johannesburg DC,2026-08-07 08:00,43.61,23.43,1021.84,64885.4,Diesel,**** 7771,BP Fleet
F-VH-1000-17,VH-1000,DR-218,Pretoria DC,2026-05-18 16:00,46.43,23.87,1108.4,52806.8,Diesel,**** 9740,Sasol Fleet
F-VH-1006-98,VH-1006,DR-225,Pretoria DC,2026-08-07 14:00,22.48,24.93,560.37,64830.1,Diesel,**** 9090,Sasol Fleet
F-VH-1010-118,VH-1010,DR-210,Pretoria DC,2026-08-27 17:00,0.0,25.19,1494.91,67870.2,Diesel,**** 5009,Shell Fleet
F-VH-1004-39,VH-1004,DR-200,Nelspruit DC,2026-06-09 18:00,53.85,22.78,1226.83,56074.3,Diesel,**** 7430,Engen Fleet
F-VH-1012-41,VH-1012,DR-204,Pretoria DC,2026-06-11 09:00,38.45,23.08,887.28,56364.3,Diesel,**** 7618,Sasol Fleet
F-VH-1022-54,VH-1022,DR-211,Pretoria DC,2026-06-24 08:00,38.05,23.12,879.49,58227.3,Diesel,**** 8122,Sasol Fleet
F-VH-1006-7,VH-1006,DR-225,Pretoria DC,2026-05-08 12:00,18.62,24.22,450.85,51156.8,Diesel,**** 1601,BP Fleet
F-VH-1013-59,VH-1013,DR-206,Johannesburg DC,2026-06-29 16:00,28.91,24.05,695.17,59021.7,Diesel,**** 4097,Sasol Fleet
F-VH-1017-13,VH-1017,DR-202,Polokwane DC,2026-05-14 09:00,10.53,23.51,247.64,52041.8,Diesel,**** 4178,Shell Fleet
F-VH-1008-103,VH-1008,DR-222,Polokwane DC,2026-08-12 10:00,36.69,23.18,850.32,65635.2,Diesel,**** 2194,BP Fleet
F-VH-1021-39,VH-1021,DR-227,Nelspruit DC,2026-06-09 15:00,25.58,24.07,615.69,56111.8,Diesel,**** 1642,Engen Fleet
F-VH-1014-28,VH-1014,DR-224,Nelspruit DC,2026-05-29 18:00,38.03,22.55,857.77,54342.3,Diesel,**** 9231,Shell Fleet
F-VH-1023-91,VH-1023,DR-219,Polokwane DC,2026-07-31 08:00,50.03,22.84,1142.66,63725.3,Diesel,**** 3344,BP Fleet
F-VH-1006-55,VH-1006,DR-225,Pretoria DC,2026-06-25 07:00,40.25,22.94,923.27,58451.1,Diesel,**** 4552,Sasol Fleet
F-VH-1017-76,VH-1017,DR-202,Polokwane DC,2026-07-16 09:00,25.44,24.79,630.64,61536.4,Diesel,**** 1343,Engen Fleet
F-VH-1011-4,VH-1011,DR-208,Polokwane DC,2026-05-05 06:00,16.42,23.28,382.45,50681.8,Diesel,**** 8784,Sasol Fleet
F-VH-1015-77,VH-1015,DR-210,Johannesburg DC,2026-07-17 15:00,30.53,22.52,687.46,61662.1,Diesel,**** 8391,BP Fleet
F-VH-1021-78,VH-1021,DR-227,Nelspruit DC,2026-07-18 18:00,18.04,24.42,440.55,61896.3,Diesel,**** 3942,BP Fleet
F-VH-1011-118,VH-1011,DR-208,Polokwane DC,2026-08-27 13:00,27.81,23.23,645.94,67845.9,Diesel,**** 5510,Sasol Fleet
F-VH-1002-80,VH-1002,DR-225,Pretoria DC,2026-07-20 16:00,23.77,22.92,544.84,62220.0,Diesel,**** 8567,BP Fleet
F-VH-1017-119,VH-1017,DR-202,Polokwane DC,2026-08-28 08:00,28.14,23.07,649.15,68060.8,Diesel,**** 2549,BP Fleet
F-VH-1003-6,VH-1003,DR-227,Nelspruit DC,2026-05-07 15:00,53.67,23.34,1252.7,51111.5,Diesel,**** 9595,Shell Fleet
F-VH-1002-41,VH-1002,DR-225,Pretoria DC,2026-06-11 16:00,85.59,24.46,2093.54,56385.1,Diesel,**** 2492,Engen Fleet
F-VH-1017-63,VH-1017,DR-202,Polokwane DC,2026-07-03 06:00,20.43,24.3,496.54,59647.8,Petrol,**** 9178,Engen Fleet
F-VH-1003-84,VH-1003,DR-227,Nelspruit DC,2026-07-24 17:00,56.38,23.78,1340.54,62783.2,Diesel,**** 4534,BP Fleet
F-VH-1023-38,VH-1023,DR-219,Polokwane DC,2026-06-08 09:00,60.76,23.4,1421.64,55869.7,Diesel,**** 5533,Shell Fleet
F-VH-1011-62,VH-1011,DR-208,Polokwane DC,2026-07-02 09:00,47.3,24.34,1151.51,59525.4,Diesel,**** 7623,Sasol Fleet
F-VH-1006-67,VH-1006,DR-225,Pretoria DC,2026-07-07 06:00,34.92,23.45,818.73,60254.7,Diesel,**** 3958,BP Fleet
F-VH-1022-21,VH-1022,DR-211,Pretoria DC,2026-05-22 12:00,72.6,24.11,1750.56,53377.9,Diesel,**** 9856,Shell Fleet
F-VH-1022-106,VH-1022,DR-211,Pretoria DC,2026-08-15 10:00,83.63,22.22,1858.71,66187.6,Diesel,**** 2932,Sasol Fleet
F-VH-1022-46,VH-1022,DR-211,Pretoria DC,2026-06-16 09:00,61.46,23.67,1454.7,57093.6,Diesel,**** 6159,Sasol Fleet
F-VH-1021-36,VH-1021,DR-227,Nelspruit DC,2026-06-06 14:00,6.94,23.77,165.06,55485.6,Petrol,**** 4624,Engen Fleet
F-VH-1016-35,VH-1016,DR-203,Nelspruit DC,2026-06-05 16:00,16.55,23.58,390.26,55428.0,Diesel,**** 9259,BP Fleet
F-VH-1012-27,VH-1012,DR-204,Pretoria DC,2026-05-28 14:00,47.44,23.57,1118.12,54294.4,Diesel,**** 7044,Engen Fleet
F-VH-1009-95,VH-1009,DR-213,Nelspruit DC,2026-08-04 18:00,18.84,23.56,443.9,64463.7,Petrol,**** 7866,BP Fleet
F-VH-1014-95,VH-1014,DR-224,Nelspruit DC,2026-08-04 17:00,89.08,22.74,2026.11,64435.8,Diesel,**** 3059,BP Fleet
F-VH-1002-27,VH-1002,DR-225,Pretoria DC,2026-05-28 12:00,26.67,24.53,654.17,54262.0,Diesel,**** 2046,Shell Fleet
F-VH-1016-0,VH-1016,DR-203,Nelspruit DC,2026-05-01 11:00,15.16,23.55,356.98,50181.0,Diesel,**** 6038,Engen Fleet
F-VH-1006-48,VH-1006,DR-225,Pretoria DC,2026-06-18 10:00,36.52,22.74,830.34,57393.9,Diesel,**** 9212,Shell Fleet
F-VH-1008-61,VH-1008,DR-222,Polokwane DC,2026-07-01 15:00,30.52,21.31,650.24,59314.3,Diesel,**** 3354,Sasol Fleet
F-VH-1003-47,VH-1003,DR-227,Nelspruit DC,2026-06-17 18:00,41.57,23.84,991.23,57226.8,Diesel,**** 6478,Shell Fleet
F-VH-1023-54,VH-1023,DR-219,Polokwane DC,2026-06-24 11:00,74.05,24.35,1803.35,58327.5,Diesel,**** 1672,Sasol Fleet
F-VH-1005-7,VH-1005,DR-224,Polokwane DC,2026-05-08 16:00,66.37,23.53,1561.94,51319.8,Diesel,**** 3634,Shell Fleet
F-VH-1014-50,VH-1014,DR-224,Nelspruit DC,2026-06-20 18:00,78.01,22.62,1764.47,57755.9,Diesel,**** 4296,Shell Fleet
F-VH-1000-75,VH-1000,DR-218,Pretoria DC,2026-07-15 16:00,35.93,23.15,831.96,61450.3,Diesel,**** 9731,Shell Fleet
F-VH-1020-95,VH-1020,DR-211,Polokwane DC,2026-08-04 11:00,47.07,23.95,1127.34,64438.0,Diesel,**** 9887,BP Fleet
F-VH-1005-71,VH-1005,DR-224,Polokwane DC,2026-07-11 09:00,56.97,22.76,1296.54,60860.1,Diesel,**** 9737,Engen Fleet
F-VH-1016-63,VH-1016,DR-203,Nelspruit DC,2026-07-03 14:00,15.57,21.96,342.01,59630.9,Diesel,**** 5116,BP Fleet
F-VH-1020-19,VH-1020,DR-211,Polokwane DC,2026-05-20 08:00,59.18,23.5,1390.87,53096.4,Diesel,**** 7887,Shell Fleet
F-VH-1016-42,VH-1016,DR-203,Nelspruit DC,2026-06-12 12:00,26.5,22.75,602.9,56612.2,Diesel,**** 3450,BP Fleet
F-VH-1006-81,VH-1006,DR-225,Pretoria DC,2026-07-21 09:00,16.58,23.72,393.33,62240.7,Diesel,**** 5068,Engen Fleet
F-VH-1021-45,VH-1021,DR-227,Nelspruit DC,2026-06-15 10:00,25.75,23.75,611.48,57021.4,Diesel,**** 9289,BP Fleet
F-VH-1014-118,VH-1014,DR-224,Nelspruit DC,2026-08-27 17:00,58.13,23.3,1354.5,67913.6,Diesel,**** 3106,Engen Fleet
F-VH-1002-113,VH-1002,DR-225,Pretoria DC,2026-08-22 07:00,23.11,26.65,616.04,67149.0,Diesel,**** 1329,Engen Fleet
F-VH-1017-17,VH-1017,DR-202,Polokwane DC,2026-05-18 06:00,15.56,23.47,365.18,52712.2,Diesel,**** 6992,BP Fleet
F-VH-1017-38,VH-1017,DR-202,Polokwane DC,2026-06-08 08:00,10.46,23.15,242.19,55783.2,Petrol,**** 9992,BP Fleet
F-VH-1020-111,VH-1020,DR-211,Polokwane DC,2026-08-20 09:00,28.9,23.53,680.04,66753.0,Diesel,**** 2496,Engen Fleet
F-VH-1017-91,VH-1017,DR-202,Polokwane DC,2026-07-31 14:00,24.57,22.79,559.99,63856.1,Diesel,**** 4770,BP Fleet
F-VH-1010-63,VH-1010,DR-210,Pretoria DC,2026-07-03 10:00,45.88,22.71,1041.65,59586.5,Diesel,**** 8143,Engen Fleet
F-VH-1000-52,VH-1000,DR-218,Pretoria DC,2026-06-22 18:00,32.79,23.57,772.78,58009.2,Diesel,**** 6152,Sasol Fleet
F-VH-1013-46,VH-1013,DR-206,Johannesburg DC,2026-06-16 09:00,24.87,23.93,595.02,57033.1,Diesel,**** 5075,Engen Fleet
F-VH-1019-118,VH-1019,DR-203,Nelspruit DC,2026-08-27 13:00,18.33,22.56,413.56,67889.6,Diesel,**** 8897,Engen Fleet
F-VH-1014-53,VH-1014,DR-224,Nelspruit DC,2026-06-23 11:00,56.09,23.26,1304.44,58152.3,Diesel,**** 8130,Engen Fleet
F-VH-1015-59,VH-1015,DR-210,Johannesburg DC,2026-06-29 11:00,51.96,23.57,1224.41,59062.8,Diesel,**** 6346,BP Fleet
F-VH-1007-97,VH-1007,DR-205,Pretoria DC,2026-08-06 08:00,20.04,22.29,446.72,64781.4,Diesel,**** 3073,Shell Fleet
F-VH-1023-70,VH-1023,DR-219,Polokwane DC,2026-07-10 17:00,46.59,23.36,1088.2,60679.9,Diesel,**** 9527,Shell Fleet
F-VH-1008-10,VH-1008,DR-222,Polokwane DC,2026-05-11 15:00,27.07,22.25,602.32,51673.2,Diesel,**** 6374,Engen Fleet
F-VH-1015-82,VH-1015,DR-210,Johannesburg DC,2026-07-22 15:00,67.71,23.3,1577.68,62587.0,Diesel,**** 3721,Sasol Fleet
F-VH-1018-82,VH-1018,DR-212,Nelspruit DC,2026-07-22 14:00,42.06,22.02,926.18,62509.1,Diesel,**** 5355,BP Fleet
F-VH-1014-22,VH-1014,DR-224,Nelspruit DC,2026-05-23 06:00,31.26,23.88,746.43,53380.7,Diesel,**** 7224,Shell Fleet
F-VH-1006-35,VH-1006,DR-225,Pretoria DC,2026-06-05 18:00,26.91,23.37,628.92,55406.9,Diesel,**** 1035,Shell Fleet
F-VH-1022-102,VH-1022,DR-211,Pretoria DC,2026-08-11 14:00,19.92,23.25,462.95,65349.1,Diesel,**** 9602,BP Fleet
F-VH-1017-15,VH-1017,DR-202,Polokwane DC,2026-05-16 18:00,5.28,23.02,121.49,52311.2,Diesel,**** 2077,Shell Fleet
F-VH-1024-105,VH-1024,DR-208,Polokwane DC,2026-08-14 14:00,34.07,22.67,772.18,65836.5,Diesel,**** 6199,Sasol Fleet
F-VH-1006-70,VH-1006,DR-225,Pretoria DC,2026-07-10 09:00,26.43,22.78,602.03,60681.8,Diesel,**** 8025,BP Fleet
F-VH-1016-108,VH-1016,DR-203,Nelspruit DC,2026-08-17 10:00,21.75,24.62,535.46,66412.3,Diesel,**** 4795,Shell Fleet
F-VH-1022-116,VH-1022,,Pretoria DC,2026-08-25 13:00,68.95,22.12,1525.16,67621.6,Diesel,**** 9175,Engen Fleet
F-VH-1008-95,VH-1008,DR-222,Polokwane DC,2026-08-04 16:00,54.99,22.32,1227.39,64556.8,Diesel,**** 4015,Sasol Fleet
F-VH-1012-118,VH-1012,DR-204,Pretoria DC,2026-08-27 06:00,39.12,22.54,881.89,67896.4,Diesel,**** 7076,Shell Fleet
F-VH-1023-67,VH-1023,DR-219,Polokwane DC,2026-07-07 13:00,61.24,24.23,1483.95,60260.0,Diesel,**** 7931,Sasol Fleet
F-VH-1017-104,VH-1017,DR-202,Polokwane DC,2026-08-13 07:00,24.86,23.51,584.49,65822.7,Diesel,**** 4372,BP Fleet
F-VH-1019-91,VH-1019,DR-203,Nelspruit DC,2026-07-31 06:00,13.22,22.34,295.48,63782.1,Diesel,**** 3188,Sasol Fleet
F-VH-1001-32,VH-1001,DR-208,Johannesburg DC,2026-06-02 11:00,67.01,23.84,1597.5,55121.7,Diesel,**** 8605,BP Fleet
F-VH-1016-55,VH-1016,DR-203,Nelspruit DC,2026-06-25 06:00,19.26,23.57,453.95,58475.9,Petrol,**** 6403,BP Fleet
F-VH-1014-76,VH-1014,DR-224,Nelspruit DC,2026-07-16 06:00,49.85,24.1,1201.21,61534.0,Diesel,**** 8215,Engen Fleet
F-VH-1001-36,VH-1001,DR-208,Johannesburg DC,2026-06-06 06:00,50.59,21.93,1109.34,55517.3,Diesel,**** 3636,Shell Fleet
F-VH-1022-99,VH-1022,DR-211,Pretoria DC,2026-08-08 13:00,52.87,23.92,1264.58,65029.7,Diesel,**** 6777,Shell Fleet
F-VH-1011-20,VH-1011,DR-208,Polokwane DC,2026-05-21 12:00,49.35,23.43,1156.36,53266.8,Diesel,**** 5913,BP Fleet
F-VH-1014-91,VH-1014,DR-224,Nelspruit DC,2026-07-31 08:00,104.73,24.07,2521.05,63821.2,Diesel,**** 6231,BP Fleet
F-VH-1019-7,VH-1019,DR-203,Nelspruit DC,2026-05-08 14:00,14.2,23.26,330.32,51229.5,Diesel,**** 6272,Engen Fleet
F-VH-1014-69,VH-1014,DR-224,Nelspruit DC,2026-07-09 15:00,133.1,24.15,3214.68,60599.8,Diesel,**** 8968,Shell Fleet
F-VH-1017-39,VH-1017,DR-202,Polokwane DC,2026-06-09 13:00,106.51,23.8,2534.7,56080.4,Diesel,**** 8207,Engen Fleet
F-VH-1012-60,VH-1012,DR-204,Pretoria DC,2026-06-30 15:00,10.3,23.33,240.28,59072.4,Diesel,**** 1918,Shell Fleet
F-VH-1015-57,VH-1015,DR-210,Johannesburg DC,2026-06-27 12:00,49.09,24.4,1197.78,58723.3,Diesel,**** 3440,Sasol Fleet
F-VH-1020-38,VH-1020,DR-211,Polokwane DC,2026-06-08 15:00,50.14,21.84,1095.07,55912.4,Diesel,**** 4170,Shell Fleet
F-VH-1008-62,VH-1008,DR-222,Polokwane DC,2026-07-02 14:00,31.13,24.19,753.02,59466.2,Diesel,**** 2392,Sasol Fleet
F-VH-1005-75,VH-1005,DR-224,Polokwane DC,2026-07-15 09:00,41.11,22.22,913.57,61398.5,Diesel,**** 1415,Engen Fleet
F-VH-1020-57,VH-1020,DR-211,Polokwane DC,2026-06-27 08:00,42.39,23.51,996.37,58725.2,Diesel,**** 7641,Engen Fleet
F-VH-1015-105,VH-1015,DR-210,Johannesburg DC,2026-08-14 12:00,34.45,24.29,836.62,65886.5,Diesel,**** 4903,Engen Fleet
F-VH-1007-78,VH-1007,DR-205,Pretoria DC,2026-07-18 12:00,9.62,25.42,244.43,61801.2,Petrol,**** 8397,Shell Fleet
F-VH-1001-81,VH-1001,DR-208,Johannesburg DC,2026-07-21 09:00,55.18,25.59,1412.36,62308.3,Diesel,**** 1621,Engen Fleet
F-VH-1009-19,VH-1009,DR-213,Nelspruit DC,2026-05-20 12:00,6.58,23.1,151.87,52924.4,Diesel,**** 6095,Sasol Fleet
F-VH-1023-31,VH-1023,DR-219,Polokwane DC,2026-06-01 12:00,48.63,23.73,1154.22,54828.7,Diesel,**** 7126,Sasol Fleet
F-VH-1021-68,VH-1021,DR-227,Nelspruit DC,2026-07-08 16:00,23.33,22.99,536.31,60473.0,Diesel,**** 7810,BP Fleet
F-VH-1018-113,VH-1018,DR-212,Nelspruit DC,2026-08-22 11:00,34.55,23.28,804.25,67151.7,Diesel,**** 2641,Engen Fleet
F-VH-1019-29,VH-1019,DR-203,Nelspruit DC,2026-05-30 06:00,15.61,24.93,389.1,54522.1,Diesel,**** 9043,Engen Fleet
F-VH-1000-62,VH-1000,DR-218,Pretoria DC,2026-07-02 16:00,18.98,22.88,434.26,59422.4,Diesel,**** 3963,Shell Fleet
F-VH-1005-6,VH-1005,DR-224,Polokwane DC,2026-05-07 08:00,66.36,23.24,1542.5,51157.0,Diesel,**** 9751,Engen Fleet
F-VH-1002-1,VH-1002,DR-225,Pretoria DC,2026-05-02 13:00,14.6,23.44,342.22,50267.2,Diesel,**** 3167,BP Fleet
F-VH-1011-80,VH-1011,DR-208,Polokwane DC,2026-07-20 10:00,29.31,23.11,677.39,62150.7,Diesel,**** 1076,Sasol Fleet
F-VH-1010-98,VH-1010,DR-210,Pretoria DC,2026-08-07 09:00,45.98,22.29,1025.11,64852.7,Diesel,**** 7043,Sasol Fleet
F-VH-1005-49,VH-1005,DR-224,Polokwane DC,2026-06-19 06:00,42.85,23.93,1025.52,57511.2,Diesel,**** 5025,BP Fleet
F-VH-1020-21,VH-1020,DR-211,Polokwane DC,2026-05-22 06:00,44.57,24.11,1074.51,53329.4,Diesel,**** 5593,Sasol Fleet
F-VH-1011-83,VH-1011,DR-208,Polokwane DC,2026-07-23 09:00,27.45,23.48,644.65,62620.1,Diesel,**** 2465,Sasol Fleet
F-VH-1022-43,VH-1022,DR-211,Pretoria DC,2026-06-13 09:00,37.12,24.01,891.24,56556.7,Diesel,**** 5454,Shell Fleet
F-VH-1011-87,VH-1011,DR-208,Polokwane DC,2026-07-27 06:00,20.55,22.54,463.18,63176.3,Diesel,**** 3547,Engen Fleet
F-VH-1007-119,VH-1007,DR-205,Pretoria DC,2026-08-28 15:00,23.78,24.51,582.82,68114.6,Petrol,**** 4113,Sasol Fleet
F-VH-1013-10,VH-1013,DR-206,Johannesburg DC,2026-05-11 17:00,20.54,24.43,501.74,51626.9,Diesel,**** 9850,BP Fleet
F-VH-1022-73,VH-1022,DR-211,Pretoria DC,2026-07-13 08:00,58.31,23.66,1379.24,61127.8,Diesel,**** 9806,BP Fleet
F-VH-1000-113,VH-1000,DR-218,Pretoria DC,2026-08-22 09:00,27.72,23.43,649.69,67089.3,Diesel,**** 7705,Engen Fleet
F-VH-1006-13,VH-1006,DR-225,Pretoria DC,2026-05-14 17:00,31.02,23.77,737.28,52132.5,Diesel,**** 6072,BP Fleet
F-VH-1015-73,VH-1015,DR-210,Johannesburg DC,2026-07-13 07:00,14.5,23.6,342.23,61000.3,Diesel,**** 4925,Engen Fleet
F-VH-1016-27,VH-1016,DR-203,Nelspruit DC,2026-05-28 12:00,13.26,23.09,306.16,54190.8,Diesel,**** 1157,Shell Fleet
F-VH-1008-60,VH-1008,DR-222,Polokwane DC,2026-06-30 06:00,47.46,22.82,1082.95,59266.7,Diesel,**** 4610,BP Fleet
F-VH-1000-77,VH-1000,DR-218,Pretoria DC,2026-07-17 12:00,42.53,23.02,979.14,61778.4,Diesel,**** 6209,BP Fleet
F-VH-1023-3,VH-1023,DR-219,Polokwane DC,2026-05-04 18:00,79.32,24.43,1938.14,50682.6,Diesel,**** 4228,Shell Fleet
F-VH-1003-41,VH-1003,DR-227,Nelspruit DC,2026-06-11 07:00,58.54,22.77,1333.29,56401.4,Diesel,**** 7075,Sasol Fleet
F-VH-1019-71,VH-1019,DR-203,Nelspruit DC,2026-07-11 15:00,21.92,24.2,530.29,60919.7,Diesel,**** 5999,Shell Fleet
F-VH-1001-91,VH-1001,DR-208,Johannesburg DC,2026-07-31 10:00,73.41,23.28,1708.63,63841.1,Diesel,**** 7804,Engen Fleet
F-VH-1003-59,VH-1003,DR-227,Nelspruit DC,2026-06-29 11:00,56.38,22.93,1292.62,59036.9,Diesel,**** 2860,BP Fleet
F-VH-1020-105,VH-1020,DR-211,Polokwane DC,2026-08-14 13:00,19.2,23.36,448.41,65807.9,Diesel,**** 6877,BP Fleet
F-VH-1009-35,VH-1009,DR-213,Nelspruit DC,2026-06-05 15:00,8.8,24.07,211.78,55347.3,Petrol,**** 7437,Engen Fleet
F-VH-1003-101,VH-1003,DR-227,Nelspruit DC,2026-08-10 06:00,60.72,24.02,1458.31,65367.8,Diesel,**** 8056,Shell Fleet
F-VH-1000-13,VH-1000,DR-218,Pretoria DC,2026-05-14 18:00,21.54,23.33,502.32,52067.9,Diesel,**** 1857,Shell Fleet
F-VH-1022-34,VH-1022,DR-211,Pretoria DC,2026-06-04 18:00,42.8,22.95,982.26,55217.9,Diesel,**** 2442,BP Fleet
F-VH-1002-48,VH-1002,DR-225,Pretoria DC,2026-06-18 16:00,16.72,25.27,422.38,57344.3,Diesel,**** 7237,Sasol Fleet
F-VH-1006-8,VH-1006,DR-225,Pretoria DC,2026-05-09 17:00,26.07,23.57,614.39,51336.7,Diesel,**** 1474,Sasol Fleet
F-VH-1015-118,VH-1015,DR-210,Johannesburg DC,2026-08-27 09:00,24.25,23.39,567.39,67796.6,Diesel,**** 4467,Shell Fleet
F-VH-1018-18,VH-1018,DR-212,Nelspruit DC,2026-05-19 17:00,27.38,23.03,630.57,52860.0,Diesel,**** 1611,Engen Fleet
F-VH-1001-84,VH-1001,DR-208,Johannesburg DC,2026-07-24 13:00,27.19,23.46,637.74,62709.3,Diesel,**** 5863,Engen Fleet
F-VH-1023-115,VH-1023,,Polokwane DC,2026-08-24 15:00,61.78,22.59,1395.68,67446.8,Diesel,**** 1795,BP Fleet
F-VH-1017-75,VH-1017,DR-202,Polokwane DC,2026-07-15 15:00,20.74,25.02,519.09,61441.6,Diesel,**** 1855,Shell Fleet
F-VH-1021-81,VH-1021,DR-227,Nelspruit DC,2026-07-21 18:00,18.07,24.1,435.51,62367.9,Petrol,**** 6711,BP Fleet
F-VH-1004-91,VH-1004,DR-200,Nelspruit DC,2026-07-31 07:00,55.47,23.12,1282.56,63839.6,Diesel,**** 5617,Shell Fleet
F-VH-1009-102,VH-1009,DR-213,Nelspruit DC,2026-08-11 11:00,7.11,23.64,168.11,65395.9,Petrol,**** 9369,Sasol Fleet
F-VH-1014-63,VH-1014,DR-224,Nelspruit DC,2026-07-03 07:00,67.88,23.27,1579.6,59693.7,Diesel,**** 7997,Engen Fleet
F-VH-1011-32,VH-1011,DR-208,Polokwane DC,2026-06-02 12:00,31.69,23.57,747.08,54966.2,Diesel,**** 8520,Shell Fleet
F-VH-1013-21,VH-1013,DR-206,Johannesburg DC,2026-05-22 12:00,51.84,24.18,1253.6,53465.7,Diesel,**** 4984,Engen Fleet
F-VH-1017-60,VH-1017,DR-202,Polokwane DC,2026-06-30 09:00,25.35,23.25,589.34,59214.4,Diesel,**** 6495,Sasol Fleet
F-VH-1021-54,VH-1021,DR-227,Nelspruit DC,2026-06-24 13:00,23.03,23.2,534.08,58335.8,Diesel,**** 9724,Engen Fleet
F-VH-1011-36,VH-1011,DR-208,Polokwane DC,2026-06-06 17:00,15.46,23.56,364.2,55505.1,Diesel,**** 5819,BP Fleet
F-VH-1003-63,VH-1003,DR-227,Nelspruit DC,2026-07-03 16:00,52.43,22.97,1204.21,59667.2,Diesel,**** 2594,BP Fleet
F-VH-1009-101,VH-1009,DR-213,Nelspruit DC,2026-08-10 14:00,16.56,23.4,387.45,65311.0,Diesel,**** 3014,BP Fleet
F-VH-1018-80,VH-1018,DR-212,Nelspruit DC,2026-07-20 16:00,31.46,23.26,731.83,62178.3,Diesel,**** 7045,Sasol Fleet
F-VH-1010-21,VH-1010,DR-210,Pretoria DC,2026-05-22 17:00,108.2,22.2,2402.39,53439.5,Diesel,**** 3937,Sasol Fleet
F-VH-1012-61,VH-1012,DR-204,Pretoria DC,2026-07-01 13:00,28.78,23.97,689.7,59334.2,Diesel,**** 9570,Shell Fleet
F-VH-1010-29,VH-1010,DR-210,Pretoria DC,2026-05-30 11:00,24.26,23.2,562.94,54412.7,Diesel,**** 2453,Shell Fleet
F-VH-1002-75,VH-1002,DR-225,Pretoria DC,2026-07-15 16:00,25.35,23.16,587.21,61480.8,Diesel,**** 9119,Shell Fleet
F-VH-1000-95,VH-1000,DR-218,Pretoria DC,2026-08-04 13:00,22.21,23.79,528.49,64353.5,Diesel,**** 4497,Shell Fleet
F-VH-1010-61,VH-1010,DR-210,Pretoria DC,2026-07-01 09:00,42.87,23.35,1001.02,59293.0,Diesel,**** 9612,Sasol Fleet
F-VH-1011-110,VH-1011,DR-208,Polokwane DC,2026-08-19 13:00,23.26,23.46,545.69,66613.5,Diesel,**** 5329,BP Fleet
F-VH-1001-90,VH-1001,DR-208,Johannesburg DC,2026-07-30 18:00,31.79,23.24,738.73,63642.9,Diesel,**** 4390,Engen Fleet
F-VH-1008-112,VH-1008,DR-222,Polokwane DC,2026-08-21 11:00,23.74,23.84,565.97,66932.0,Diesel,**** 9237,Sasol Fleet
F-VH-1001-28,VH-1001,DR-208,Johannesburg DC,2026-05-29 17:00,85.62,23.37,2001.17,54422.2,Diesel,**** 9412,Sasol Fleet
F-VH-1007-82,VH-1007,DR-205,Pretoria DC,2026-07-22 14:00,19.93,24.22,482.76,62518.5,Diesel,**** 6045,BP Fleet
F-VH-1005-60,VH-1005,DR-224,Polokwane DC,2026-06-30 10:00,54.37,22.06,1199.32,59223.1,Diesel,**** 3409,BP Fleet
F-VH-1011-48,VH-1011,DR-208,Polokwane DC,2026-06-18 08:00,34.11,23.53,802.62,57389.7,Diesel,**** 6118,Shell Fleet
F-VH-1017-98,VH-1017,DR-202,Polokwane DC,2026-08-07 10:00,14.63,22.86,334.3,64840.7,Diesel,**** 4971,Engen Fleet
F-VH-1009-106,VH-1009,DR-213,Nelspruit DC,2026-08-15 15:00,21.26,23.12,491.48,66107.0,Diesel,**** 7243,Sasol Fleet
F-VH-1006-39,VH-1006,DR-225,Pretoria DC,2026-06-09 14:00,23.14,23.0,532.29,55982.0,Diesel,**** 7500,Shell Fleet
F-VH-1005-1,VH-1005,DR-224,Polokwane DC,2026-05-02 17:00,35.37,24.29,859.09,50278.5,Diesel,**** 2612,Sasol Fleet
F-VH-1018-76,VH-1018,DR-212,Nelspruit DC,2026-07-16 09:00,31.36,24.87,779.76,61553.3,Diesel,**** 4934,Shell Fleet
F-VH-1011-67,VH-1011,DR-208,Polokwane DC,2026-07-07 17:00,27.0,23.46,633.34,60187.4,Diesel,**** 8439,Shell Fleet
F-VH-1007-73,VH-1007,DR-205,Pretoria DC,2026-07-13 15:00,19.44,24.78,481.74,61195.6,Diesel,**** 9548,Engen Fleet
F-VH-1021-46,VH-1021,DR-227,Nelspruit DC,2026-06-16 12:00,110.51,24.73,2733.36,57013.9,Petrol,**** 5660,Sasol Fleet
F-VH-1009-113,VH-1009,DR-213,Nelspruit DC,2026-08-22 16:00,11.35,23.54,267.24,67097.0,Petrol,**** 7318,Engen Fleet
F-VH-1013-14,VH-1013,DR-206,Johannesburg DC,2026-05-15 16:00,26.42,22.58,596.68,52249.2,Diesel,**** 8612,BP Fleet
F-VH-1017-52,VH-1017,DR-202,Polokwane DC,2026-06-22 18:00,27.2,24.22,658.92,58046.3,Petrol,**** 8672,Sasol Fleet
F-VH-1005-26,VH-1005,DR-224,Polokwane DC,2026-05-27 09:00,33.6,23.23,780.45,54018.5,Diesel,**** 2678,Sasol Fleet
F-VH-1011-78,VH-1011,DR-208,Polokwane DC,2026-07-18 06:00,46.89,22.25,1043.22,61946.3,Diesel,**** 7731,BP Fleet
F-VH-1015-28,VH-1015,DR-210,Johannesburg DC,2026-05-29 15:00,46.63,20.88,973.67,54355.8,Diesel,**** 5602,Sasol Fleet
F-VH-1014-70,VH-1014,DR-224,Nelspruit DC,2026-07-10 16:00,88.95,24.16,2148.92,60781.5,Diesel,**** 9516,Shell Fleet
F-VH-1016-33,VH-1016,DR-203,Nelspruit DC,2026-06-03 14:00,21.29,23.56,501.67,55166.9,Diesel,**** 3192,Shell Fleet
F-VH-1020-29,VH-1020,DR-211,Polokwane DC,2026-05-30 10:00,36.4,24.53,893.13,54467.6,Diesel,**** 8869,Engen Fleet
F-VH-1004-17,VH-1004,DR-200,Nelspruit DC,2026-05-18 09:00,54.32,24.0,1303.44,52782.7,Diesel,**** 7825,Sasol Fleet
F-VH-1010-45,VH-1010,DR-210,Pretoria DC,2026-06-15 16:00,78.15,22.66,1770.85,56991.2,Diesel,**** 6905,Sasol Fleet
F-VH-1008-110,VH-1008,DR-222,Polokwane DC,2026-08-19 17:00,32.65,23.42,764.79,66689.2,Diesel,**** 2391,Sasol Fleet
F-VH-1021-17,VH-1021,DR-227,Nelspruit DC,2026-05-18 18:00,22.32,23.08,515.16,52766.7,Diesel,**** 6990,Engen Fleet
F-VH-1009-52,VH-1009,DR-213,Nelspruit DC,2026-06-22 18:00,22.55,23.41,527.92,58030.8,Diesel,**** 6114,Engen Fleet
F-VH-1001-92,VH-1001,DR-208,Johannesburg DC,2026-08-01 08:00,21.22,24.08,510.88,63910.5,Diesel,**** 9641,Shell Fleet
F-VH-1002-115,VH-1002,DR-225,Pretoria DC,2026-08-24 11:00,20.85,23.62,492.36,67423.4,Diesel,**** 1881,Sasol Fleet
F-VH-1016-57,VH-1016,DR-203,Nelspruit DC,2026-06-27 13:00,21.01,24.66,518.21,58752.6,Diesel,**** 7974,BP Fleet
F-VH-1015-87,VH-1015,DR-210,Johannesburg DC,2026-07-27 11:00,42.65,22.7,968.11,63249.2,Diesel,**** 9228,Shell Fleet
F-VH-1017-67,VH-1017,DR-202,Polokwane DC,2026-07-07 12:00,25.8,23.34,602.23,60192.0,Diesel,**** 7535,Sasol Fleet
F-VH-1017-28,VH-1017,DR-202,Polokwane DC,2026-05-29 18:00,14.97,25.22,377.64,54336.0,Diesel,**** 4594,BP Fleet
F-VH-1018-102,VH-1018,DR-212,Nelspruit DC,2026-08-11 07:00,23.37,23.62,552.18,65423.0,Diesel,**** 9076,Shell Fleet
F-VH-1002-98,VH-1002,DR-225,Pretoria DC,2026-08-07 15:00,24.06,22.85,549.99,64885.2,Diesel,**** 7272,Engen Fleet
F-VH-1016-39,VH-1016,DR-203,Nelspruit DC,2026-06-09 12:00,13.03,23.21,302.47,55971.8,Petrol,**** 7649,Shell Fleet
F-VH-1000-101,VH-1000,DR-218,Pretoria DC,2026-08-10 14:00,14.53,22.59,328.31,65211.6,Diesel,**** 1339,Engen Fleet
F-VH-1018-32,VH-1018,DR-212,Nelspruit DC,2026-06-02 11:00,20.85,23.93,499.01,54932.2,Diesel,**** 1417,BP Fleet
F-VH-1011-19,VH-1011,DR-208,Polokwane DC,2026-05-20 17:00,26.85,22.88,614.36,53012.6,Diesel,**** 8714,Engen Fleet
F-VH-1004-63,VH-1004,DR-200,Nelspruit DC,2026-07-03 06:00,46.2,22.96,1060.56,59643.0,Diesel,**** 5056,Engen Fleet
F-VH-1013-26,VH-1013,DR-206,Johannesburg DC,2026-05-27 15:00,32.69,23.02,752.49,54074.0,Diesel,**** 7418,Shell Fleet
F-VH-1018-49,VH-1018,DR-212,Nelspruit DC,2026-06-19 10:00,44.2,22.99,1016.39,57581.1,Diesel,**** 8311,Shell Fleet
F-VH-1013-108,VH-1013,DR-206,Johannesburg DC,2026-08-17 08:00,35.11,23.54,826.57,66389.1,Diesel,**** 1687,Engen Fleet
F-VH-1006-57,VH-1006,DR-225,Pretoria DC,2026-06-27 09:00,31.96,23.77,759.7,58701.7,Diesel,**** 8936,Sasol Fleet
F-VH-1004-105,VH-1004,DR-200,Nelspruit DC,2026-08-14 06:00,48.98,23.78,1164.6,65983.7,Diesel,**** 7302,BP Fleet
F-VH-1016-106,VH-1016,DR-203,Nelspruit DC,2026-08-15 11:00,17.19,24.05,413.48,66105.8,Diesel,**** 5801,Engen Fleet
F-VH-1020-0,VH-1020,DR-211,Polokwane DC,2026-05-01 13:00,53.72,22.87,1228.81,50220.4,Diesel,**** 3705,Shell Fleet
F-VH-1004-90,VH-1004,DR-200,Nelspruit DC,2026-07-30 10:00,44.58,23.53,1049.28,63667.9,Diesel,**** 3427,Shell Fleet
F-VH-1024-69,VH-1024,,Polokwane DC,2026-07-09 07:00,46.19,22.45,1036.69,60465.2,Diesel,**** 6925,Engen Fleet
F-VH-1004-20,VH-1004,DR-200,Nelspruit DC,2026-05-21 06:00,8.66,22.87,197.91,53014.7,Diesel,**** 1797,Engen Fleet
F-VH-1010-110,VH-1010,DR-210,Pretoria DC,2026-08-19 15:00,57.69,22.9,1320.96,66690.7,Diesel,**** 6303,BP Fleet
F-VH-1020-71,VH-1020,DR-211,Polokwane DC,2026-07-11 14:00,50.96,22.55,1149.28,60853.6,Diesel,**** 1732,BP Fleet
F-VH-1018-57,VH-1018,DR-212,Nelspruit DC,2026-06-27 07:00,47.17,22.88,1078.99,58817.1,Diesel,**** 5994,Engen Fleet
F-VH-1015-83,VH-1015,DR-210,Johannesburg DC,2026-07-23 17:00,51.85,24.01,1244.73,62656.6,Diesel,**** 4666,Sasol Fleet
F-VH-1006-69,VH-1006,DR-225,Pretoria DC,2026-07-09 10:00,65.84,23.4,1540.98,60724.2,Diesel,**** 7395,BP Fleet
F-VH-1018-45,VH-1018,DR-212,Nelspruit DC,2026-06-15 08:00,48.85,23.62,1153.91,57041.0,Diesel,**** 1646,BP Fleet
F-VH-1006-19,VH-1006,DR-225,Pretoria DC,2026-05-20 12:00,32.79,23.96,785.49,53046.4,Diesel,**** 4027,Engen Fleet
F-VH-1022-53,VH-1022,DR-211,Pretoria DC,2026-06-23 12:00,0.0,23.34,1082.1,58092.7,Diesel,**** 9161,Engen Fleet
F-VH-1019-63,VH-1019,DR-203,Nelspruit DC,2026-07-03 09:00,12.94,22.7,293.76,59601.9,Diesel,**** 5919,BP Fleet
F-VH-1014-55,VH-1014,DR-224,Nelspruit DC,2026-06-25 07:00,24.34,23.25,565.93,58307.3,Diesel,**** 8305,Sasol Fleet
F-VH-1007-45,VH-1007,DR-205,Pretoria DC,2026-06-15 17:00,10.27,23.11,237.4,56843.9,Diesel,**** 4415,BP Fleet
F-VH-1019-60,VH-1019,DR-203,Nelspruit DC,2026-06-30 12:00,17.65,23.66,417.54,59177.2,Petrol,**** 3865,BP Fleet
F-VH-1007-49,VH-1007,DR-205,Pretoria DC,2026-06-19 16:00,20.49,23.94,490.44,57587.5,Petrol,**** 8201,BP Fleet
F-VH-1010-105,VH-1010,DR-210,Pretoria DC,2026-08-14 06:00,91.91,23.18,2130.93,66039.3,Diesel,**** 8111,BP Fleet
F-VH-1013-18,VH-1013,DR-206,Johannesburg DC,2026-05-19 06:00,39.79,23.87,949.85,52939.9,Diesel,**** 9700,Engen Fleet
F-VH-1021-96,VH-1021,DR-227,Nelspruit DC,2026-08-05 06:00,20.21,22.76,460.11,64613.8,Diesel,**** 2250,Engen Fleet
F-VH-1018-110,VH-1018,DR-212,Nelspruit DC,2026-08-19 15:00,44.88,23.87,1071.33,66769.5,Diesel,**** 1965,BP Fleet
F-VH-1007-56,VH-1007,DR-205,Pretoria DC,2026-06-26 06:00,14.01,23.18,324.72,58537.0,Diesel,**** 1750,Engen Fleet
F-VH-1003-53,VH-1003,DR-227,Nelspruit DC,2026-06-23 14:00,47.29,23.26,1099.78,58126.1,Diesel,**** 8294,Engen Fleet
F-VH-1018-26,VH-1018,DR-212,Nelspruit DC,2026-05-27 06:00,35.72,22.95,819.87,54081.7,Diesel,**** 7520,Shell Fleet
F-VH-1022-83,VH-1022,DR-211,Pretoria DC,2026-07-23 15:00,39.37,23.96,943.54,62547.9,Diesel,**** 7359,BP Fleet
F-VH-1022-20,VH-1022,DR-211,Pretoria DC,2026-05-21 09:00,54.43,23.83,1297.39,53158.9,Diesel,**** 5637,BP Fleet
F-VH-1010-22,VH-1010,DR-210,Pretoria DC,2026-05-23 10:00,27.13,24.5,664.68,53381.6,Diesel,**** 3390,Sasol Fleet
F-VH-1006-21,VH-1006,DR-225,Pretoria DC,2026-05-22 16:00,27.53,23.9,657.86,53272.4,Diesel,**** 3474,Sasol Fleet
F-VH-1016-111,VH-1016,,Nelspruit DC,2026-08-20 18:00,15.84,24.0,380.27,66854.1,Diesel,**** 7274,Shell Fleet
F-VH-1000-91,VH-1000,DR-218,Pretoria DC,2026-07-31 14:00,23.7,23.67,560.9,63773.0,Diesel,**** 9906,Sasol Fleet
F-VH-1008-13,VH-1008,DR-222,Polokwane DC,2026-05-14 16:00,30.66,23.38,716.68,52129.0,Diesel,**** 6928,Sasol Fleet
F-VH-1014-64,VH-1014,DR-224,Nelspruit DC,2026-07-04 17:00,40.24,24.64,991.61,59744.9,Diesel,**** 4926,Shell Fleet
F-VH-1015-29,VH-1015,DR-210,Johannesburg DC,2026-05-30 07:00,59.59,24.35,1450.84,54583.0,Diesel,**** 3787,BP Fleet
F-VH-1013-12,VH-1013,DR-206,Johannesburg DC,2026-05-13 18:00,23.51,21.08,495.79,51907.6,Diesel,**** 8601,BP Fleet
F-VH-1012-81,VH-1012,DR-204,Pretoria DC,2026-07-21 08:00,21.39,23.95,512.41,62269.2,Diesel,**** 5966,Shell Fleet
F-VH-1004-66,VH-1004,DR-200,Nelspruit DC,2026-07-06 11:00,37.74,22.46,847.38,60027.5,Diesel,**** 7182,Engen Fleet
F-VH-1015-45,VH-1015,DR-210,Johannesburg DC,2026-06-15 18:00,52.67,22.88,1205.06,56997.6,Diesel,**** 3583,BP Fleet
F-VH-1019-22,VH-1019,DR-203,Nelspruit DC,2026-05-23 12:00,17.48,23.68,413.96,53519.1,Petrol,**** 9044,Engen Fleet
F-VH-1011-50,VH-1011,DR-208,Polokwane DC,2026-06-20 18:00,46.92,23.63,1108.49,57799.6,Diesel,**** 4812,Shell Fleet
F-VH-1000-20,VH-1000,DR-218,Pretoria DC,2026-05-21 08:00,43.72,23.61,1032.03,53227.9,Diesel,**** 2848,Sasol Fleet
F-VH-1019-96,VH-1019,DR-203,Nelspruit DC,2026-08-05 08:00,8.6,24.07,207.08,64512.8,Diesel,**** 2520,Sasol Fleet
F-VH-1023-59,VH-1023,DR-219,Polokwane DC,2026-06-29 07:00,108.63,24.9,2704.67,59081.8,Diesel,**** 3072,BP Fleet
F-VH-1024-90,VH-1024,DR-208,Polokwane DC,2026-07-30 15:00,70.75,23.94,1693.9,63721.6,Diesel,**** 3672,Shell Fleet
F-VH-1021-77,VH-1021,DR-227,Nelspruit DC,2026-07-17 11:00,12.78,22.86,292.27,61683.1,Diesel,**** 7647,Sasol Fleet
F-VH-1019-47,VH-1019,DR-203,Nelspruit DC,2026-06-17 06:00,18.07,23.36,422.1,57223.5,Diesel,**** 3419,Shell Fleet
F-VH-1023-117,VH-1023,DR-219,Polokwane DC,2026-08-26 09:00,55.07,23.84,1312.8,67756.9,Diesel,**** 9195,Sasol Fleet
F-VH-1009-118,VH-1009,DR-213,Nelspruit DC,2026-08-27 09:00,14.76,22.75,335.84,67865.4,Petrol,**** 2591,Shell Fleet
F-VH-1008-89,VH-1008,DR-222,Polokwane DC,2026-07-29 06:00,37.16,23.51,873.52,63536.3,Diesel,**** 4148,Engen Fleet
F-VH-1018-116,VH-1018,DR-212,Nelspruit DC,2026-08-25 06:00,35.23,23.54,829.3,67566.8,Diesel,**** 4621,Sasol Fleet
F-VH-1021-90,VH-1021,DR-227,Nelspruit DC,2026-07-30 18:00,6.89,23.63,162.77,63558.6,Petrol,**** 1221,Sasol Fleet
F-VH-1020-118,VH-1020,DR-211,Polokwane DC,2026-08-27 07:00,36.61,23.62,864.73,67849.1,Diesel,**** 6067,Engen Fleet
F-VH-1020-31,VH-1020,DR-211,Polokwane DC,2026-06-01 13:00,16.45,23.7,390.0,54709.3,Diesel,**** 2609,Engen Fleet
F-VH-1004-71,VH-1004,DR-200,Nelspruit DC,2026-07-11 06:00,55.65,23.07,1283.73,60872.6,Diesel,**** 3043,BP Fleet
F-VH-1010-54,VH-1010,DR-210,Pretoria DC,2026-06-24 08:00,64.13,23.28,1493.26,58292.7,Diesel,**** 5552,Shell Fleet
F-VH-1003-33,VH-1003,DR-227,Nelspruit DC,2026-06-03 15:00,79.37,23.28,1847.65,55251.0,Diesel,**** 2929,BP Fleet
F-VH-1016-50,VH-1016,DR-203,Nelspruit DC,2026-06-20 15:00,24.13,22.97,554.27,57763.7,Petrol,**** 3877,Engen Fleet
F-VH-1012-52,VH-1012,DR-204,Pretoria DC,2026-06-22 10:00,45.18,24.07,1087.23,58058.5,Diesel,**** 5641,Engen Fleet
F-VH-1008-74,VH-1008,DR-222,Polokwane DC,2026-07-14 11:00,22.49,23.95,538.69,61237.6,Diesel,**** 8533,Shell Fleet
F-VH-1011-38,VH-1011,DR-208,Polokwane DC,2026-06-08 16:00,42.72,23.65,1010.23,55942.6,Diesel,**** 3561,Engen Fleet
F-VH-1004-28,VH-1004,DR-200,Nelspruit DC,2026-05-29 13:00,66.67,23.11,1541.1,54448.9,Diesel,**** 3290,Sasol Fleet
F-VH-1009-110,VH-1009,DR-213,Nelspruit DC,2026-08-19 17:00,14.92,22.4,334.18,66680.2,Diesel,**** 3487,Sasol Fleet
F-VH-1015-32,VH-1015,DR-210,Johannesburg DC,2026-06-02 07:00,33.98,23.83,809.56,54924.1,Diesel,**** 6509,Shell Fleet
F-VH-1015-33,VH-1015,DR-210,Johannesburg DC,2026-06-03 15:00,33.64,24.4,820.88,55060.9,Diesel,**** 2069,Sasol Fleet
F-VH-1011-42,VH-1011,DR-208,Polokwane DC,2026-06-12 12:00,48.92,21.96,1074.15,56553.8,Diesel,**** 7099,Shell Fleet
F-VH-1002-111,VH-1002,DR-225,Pretoria DC,2026-08-20 16:00,18.58,23.42,435.09,66821.9,Diesel,**** 8982,Engen Fleet
F-VH-1019-39,VH-1019,DR-203,Nelspruit DC,2026-06-09 15:00,13.49,24.75,334.0,55989.3,Petrol,**** 4773,BP Fleet
F-VH-1003-105,VH-1003,DR-227,Nelspruit DC,2026-08-14 15:00,40.28,24.29,978.51,65896.1,Diesel,**** 2384,Sasol Fleet
F-VH-1000-41,VH-1000,DR-218,Pretoria DC,2026-06-11 17:00,41.39,23.37,967.05,56348.4,Diesel,**** 2642,Engen Fleet
F-VH-1004-113,VH-1004,DR-200,Nelspruit DC,2026-08-22 16:00,39.35,23.51,925.28,67108.1,Diesel,**** 4130,Engen Fleet
F-VH-1012-97,VH-1012,DR-204,Pretoria DC,2026-08-06 18:00,37.93,24.3,921.61,64777.2,Diesel,**** 8992,BP Fleet
F-VH-1008-40,VH-1008,DR-222,Polokwane DC,2026-06-10 13:00,24.35,23.78,579.08,56157.8,Diesel,**** 1639,Sasol Fleet
F-VH-1002-68,VH-1002,DR-225,Pretoria DC,2026-07-08 13:00,27.57,24.02,662.27,60472.8,Diesel,**** 8825,Shell Fleet
F-VH-1015-20,VH-1015,DR-210,Johannesburg DC,2026-05-21 11:00,40.7,24.45,995.2,53158.2,Diesel,**** 8369,Shell Fleet
F-VH-1018-67,VH-1018,DR-212,Nelspruit DC,2026-07-07 18:00,32.93,23.14,762.11,60210.1,Diesel,**** 3525,Sasol Fleet
F-VH-1000-105,VH-1000,DR-218,Pretoria DC,2026-08-14 11:00,30.48,23.68,721.86,65936.9,Diesel,**** 3325,Sasol Fleet
F-VH-1010-89,VH-1010,DR-210,Pretoria DC,2026-07-29 12:00,57.66,23.15,1334.93,63546.9,Diesel,**** 5985,Sasol Fleet
F-VH-1000-11,VH-1000,DR-218,Pretoria DC,2026-05-12 07:00,28.39,23.32,662.04,51825.8,Diesel,**** 4629,Sasol Fleet
F-VH-1017-106,VH-1017,DR-202,Polokwane DC,2026-08-15 11:00,18.22,25.1,457.46,66063.4,Petrol,**** 7716,Shell Fleet
F-VH-1004-11,VH-1004,DR-200,Nelspruit DC,2026-05-12 13:00,38.71,24.02,929.86,51820.0,Diesel,**** 8048,Sasol Fleet
F-VH-1018-24,VH-1018,DR-212,Nelspruit DC,2026-05-25 10:00,22.53,23.48,528.83,53733.5,Diesel,**** 7116,Engen Fleet
F-VH-1011-92,VH-1011,DR-208,Polokwane DC,2026-08-01 07:00,45.28,24.17,1094.24,64034.2,Diesel,**** 1179,Shell Fleet
F-VH-1018-108,VH-1018,DR-212,Nelspruit DC,2026-08-17 06:00,34.32,22.2,761.92,66371.0,Diesel,**** 9844,Engen Fleet
F-VH-1017-117,VH-1017,DR-202,Polokwane DC,2026-08-26 16:00,13.23,24.06,318.45,67683.4,Diesel,**** 7378,Engen Fleet
F-VH-1023-75,VH-1023,DR-219,Polokwane DC,2026-07-15 12:00,103.75,22.41,2324.63,61556.0,Diesel,**** 4046,Engen Fleet
F-VH-1011-90,VH-1011,DR-208,Polokwane DC,2026-07-30 06:00,44.74,23.82,1065.71,63747.8,Diesel,**** 2743,BP Fleet
F-VH-1008-66,VH-1008,DR-222,Polokwane DC,2026-07-06 17:00,32.89,23.78,782.26,60084.8,Diesel,**** 8433,BP Fleet
F-VH-1009-91,VH-1009,DR-213,Nelspruit DC,2026-07-31 13:00,21.18,24.24,513.39,63865.4,Diesel,**** 2251,Sasol Fleet
F-VH-1017-18,VH-1017,DR-202,Polokwane DC,2026-05-19 09:00,18.31,22.28,408.07,52894.6,Petrol,**** 1969,Sasol Fleet
F-VH-1022-28,VH-1022,DR-211,Pretoria DC,2026-05-29 15:00,78.72,23.34,1837.52,54479.4,Diesel,**** 3137,Shell Fleet
F-VH-1007-53,VH-1007,DR-205,Pretoria DC,2026-06-23 18:00,11.74,22.25,261.16,58073.5,Diesel,**** 8122,Shell Fleet
F-VH-1014-4,VH-1014,DR-224,Nelspruit DC,2026-05-05 17:00,54.65,22.88,1250.59,50753.4,Diesel,**** 5082,Sasol Fleet
F-VH-1011-81,VH-1011,DR-208,Polokwane DC,2026-07-21 07:00,32.01,24.64,788.72,62345.6,Diesel,**** 8652,Shell Fleet
F-VH-1014-47,VH-1014,DR-224,Nelspruit DC,2026-06-17 16:00,35.58,23.08,821.23,57185.2,Diesel,**** 4120,Shell Fleet
F-VH-1002-78,VH-1002,DR-225,Pretoria DC,2026-07-18 08:00,21.9,23.87,522.64,61903.0,Diesel,**** 3102,Shell Fleet
F-VH-1022-111,VH-1022,DR-211,Pretoria DC,2026-08-20 18:00,0.0,22.63,1935.47,66882.3,Diesel,**** 8728,Shell Fleet
F-VH-1011-74,VH-1011,DR-208,Polokwane DC,2026-07-14 16:00,52.55,21.97,1154.3,61412.1,Diesel,**** 9825,Sasol Fleet
F-VH-1018-52,VH-1018,DR-212,Nelspruit DC,2026-06-22 09:00,20.51,24.02,492.69,57920.5,Diesel,**** 5227,Shell Fleet
F-VH-1007-68,VH-1007,DR-205,Pretoria DC,2026-07-08 08:00,15.09,22.64,341.56,60372.3,Petrol,**** 7819,Shell Fleet
F-VH-1021-27,VH-1021,DR-227,Nelspruit DC,2026-05-28 16:00,22.13,23.3,515.51,54298.5,Petrol,**** 2020,BP Fleet
F-VH-1016-119,VH-1016,DR-203,Nelspruit DC,2026-08-28 16:00,16.95,22.47,380.98,68039.5,Diesel,**** 3984,BP Fleet
F-VH-1016-61,VH-1016,DR-203,Nelspruit DC,2026-07-01 16:00,15.89,22.7,360.81,59312.3,Petrol,**** 2948,Shell Fleet
F-VH-1007-113,VH-1007,DR-205,Pretoria DC,2026-08-22 09:00,10.73,23.07,247.54,67053.9,Petrol,**** 8202,Shell Fleet
F-VH-1010-33,VH-1010,DR-210,Pretoria DC,2026-06-03 10:00,88.79,22.66,2011.83,55209.0,Diesel,**** 3762,Engen Fleet
F-VH-1006-87,VH-1006,DR-225,Pretoria DC,2026-07-27 17:00,29.73,23.64,702.73,63206.9,Diesel,**** 9021,Sasol Fleet
F-VH-1009-17,VH-1009,DR-213,Nelspruit DC,2026-05-18 07:00,17.39,25.09,436.3,52733.2,Diesel,**** 5382,BP Fleet
F-VH-1003-54,VH-1003,DR-227,Nelspruit DC,2026-06-24 14:00,38.06,23.97,912.24,58250.8,Diesel,**** 2449,Engen Fleet
F-VH-1003-98,VH-1003,DR-227,Nelspruit DC,2026-08-07 18:00,58.84,23.08,1357.74,64923.5,Diesel,**** 1076,BP Fleet
F-VH-1001-8,VH-1001,DR-208,Johannesburg DC,2026-05-09 17:00,47.07,23.06,1085.57,51435.4,Diesel,**** 6383,BP Fleet
F-VH-1021-12,VH-1021,DR-227,Nelspruit DC,2026-05-13 18:00,14.3,22.37,319.93,51935.7,Petrol,**** 8792,Engen Fleet
F-VH-1009-12,VH-1009,DR-213,Nelspruit DC,2026-05-13 12:00,21.34,23.37,498.6,52026.4,Diesel,**** 6083,Shell Fleet
F-VH-1007-48,VH-1007,DR-205,Pretoria DC,2026-06-18 12:00,10.24,22.62,231.69,57331.5,Diesel,**** 1482,Shell Fleet
F-VH-1024-102,VH-1024,DR-208,Polokwane DC,2026-08-11 17:00,44.43,22.98,1020.78,65458.6,Diesel,**** 3294,Shell Fleet
F-VH-1003-50,VH-1003,DR-227,Nelspruit DC,2026-06-20 10:00,61.67,24.16,1490.09,57727.4,Diesel,**** 7208,Sasol Fleet
F-VH-1016-68,VH-1016,DR-203,Nelspruit DC,2026-07-08 13:00,22.56,22.29,502.81,60435.3,Diesel,**** 2908,Engen Fleet
F-VH-1023-13,VH-1023,DR-219,Polokwane DC,2026-05-14 14:00,66.62,24.67,1643.41,52054.9,Diesel,**** 4637,BP Fleet
F-VH-1020-41,VH-1020,DR-211,Polokwane DC,2026-06-11 16:00,37.6,23.81,895.45,56287.6,Diesel,**** 4610,Engen Fleet
F-VH-1011-119,VH-1011,DR-208,Polokwane DC,2026-08-28 14:00,22.53,23.92,538.81,67996.0,Diesel,**** 8982,Shell Fleet
F-VH-1002-61,VH-1002,DR-225,Pretoria DC,2026-07-01 17:00,12.29,24.71,303.57,59242.9,Diesel,**** 5252,Engen Fleet
F-VH-1021-105,VH-1021,DR-227,Nelspruit DC,2026-08-14 06:00,25.3,24.31,614.98,66029.1,Petrol,**** 6145,Sasol Fleet
F-VH-1007-111,VH-1007,DR-205,Pretoria DC,2026-08-20 13:00,15.3,23.71,362.71,66840.3,Diesel,**** 3217,Engen Fleet
F-VH-1011-47,VH-1011,DR-208,Polokwane DC,2026-06-17 12:00,26.22,22.78,597.21,57207.5,Diesel,**** 3136,Engen Fleet
F-VH-1003-90,VH-1003,,Nelspruit DC,2026-07-30 09:00,46.95,24.11,1132.09,63680.4,Diesel,**** 5399,Sasol Fleet
F-VH-1006-99,VH-1006,DR-225,Pretoria DC,2026-08-08 10:00,40.96,23.53,963.88,65107.2,Diesel,**** 9087,BP Fleet
F-VH-1010-56,VH-1010,DR-210,Pretoria DC,2026-06-26 15:00,68.17,24.33,1658.56,58589.1,Diesel,**** 4613,Sasol Fleet
F-VH-1022-80,VH-1022,DR-211,Pretoria DC,2026-07-20 16:00,90.27,24.41,2203.33,62284.6,Diesel,**** 6209,BP Fleet
F-VH-1020-32,VH-1020,,Polokwane DC,2026-06-02 17:00,59.75,22.29,1331.78,55027.2,Diesel,**** 4111,Shell Fleet
F-VH-1015-90,VH-1015,DR-210,Johannesburg DC,2026-07-30 13:00,69.21,23.62,1635.04,63758.4,Diesel,**** 3973,BP Fleet
F-VH-1024-109,VH-1024,DR-208,Polokwane DC,2026-08-18 17:00,61.68,24.31,1499.19,66562.5,Diesel,**** 7212,Sasol Fleet
F-VH-1023-4,VH-1023,DR-219,Polokwane DC,2026-05-05 18:00,36.62,23.99,878.33,50742.5,Diesel,**** 7232,BP Fleet
F-VH-1006-61,VH-1006,DR-225,Pretoria DC,2026-07-01 07:00,45.37,24.32,1103.67,59392.6,Diesel,**** 4002,Sasol Fleet
F-VH-1018-88,VH-1018,DR-212,Nelspruit DC,2026-07-28 13:00,17.49,23.3,407.59,63297.0,Diesel,**** 8198,Engen Fleet
F-VH-1022-48,VH-1022,DR-211,Pretoria DC,2026-06-18 09:00,47.82,23.09,1104.35,57335.3,Diesel,**** 1245,Shell Fleet
F-VH-1017-64,VH-1017,DR-202,Polokwane DC,2026-07-04 08:00,28.34,22.41,635.08,59868.2,Diesel,**** 7656,Sasol Fleet
F-VH-1014-96,VH-1014,DR-224,Nelspruit DC,2026-08-05 06:00,22.86,23.5,537.16,64457.1,Diesel,**** 1455,Sasol Fleet
F-VH-1006-63,VH-1006,DR-225,Pretoria DC,2026-07-03 06:00,25.9,22.28,576.91,59581.9,Diesel,**** 7921,BP Fleet
F-VH-1015-88,VH-1015,DR-210,Johannesburg DC,2026-07-28 12:00,26.58,24.48,650.46,63314.0,Diesel,**** 2388,Engen Fleet
F-VH-1024-25,VH-1024,DR-208,Polokwane DC,2026-05-26 12:00,54.66,23.63,1291.63,53918.2,Diesel,**** 3161,Shell Fleet
F-VH-1014-46,VH-1014,DR-224,Nelspruit DC,2026-06-16 07:00,46.89,23.34,1094.44,57046.7,Diesel,**** 8515,BP Fleet
F-VH-1005-10,VH-1005,DR-224,Polokwane DC,2026-05-11 09:00,41.61,23.2,965.15,51641.9,Diesel,**** 7511,Shell Fleet
F-VH-1010-97,VH-1010,DR-210,Pretoria DC,2026-08-06 12:00,20.08,23.02,462.13,64619.0,Diesel,**** 5097,Engen Fleet
F-VH-1007-26,VH-1007,DR-205,Pretoria DC,2026-05-27 16:00,12.57,22.79,286.43,54060.9,Diesel,**** 4490,Engen Fleet
F-VH-1020-110,VH-1020,DR-211,Polokwane DC,2026-08-19 15:00,20.95,22.11,463.21,66565.7,Diesel,**** 1091,Shell Fleet
F-VH-1003-88,VH-1003,DR-227,Nelspruit DC,2026-07-28 12:00,10.87,23.13,251.4,63227.7,Diesel,**** 2855,Shell Fleet
F-VH-1020-78,VH-1020,DR-211,Polokwane DC,2026-07-18 07:00,50.54,24.02,1214.15,61898.0,Diesel,**** 8476,Shell Fleet
F-VH-1009-0,VH-1009,DR-213,Nelspruit DC,2026-05-01 15:00,13.62,23.44,319.27,50145.4,Diesel,**** 1188,Sasol Fleet
F-VH-1014-56,VH-1014,DR-224,Nelspruit DC,2026-06-26 18:00,42.33,23.8,1007.64,58514.7,Diesel,**** 3703,BP Fleet
F-VH-1023-41,VH-1023,DR-219,Polokwane DC,2026-06-11 16:00,42.8,23.7,1014.22,56290.1,Diesel,**** 3924,BP Fleet
F-VH-1002-116,VH-1002,DR-225,Pretoria DC,2026-08-25 13:00,17.15,22.67,388.85,67549.7,Diesel,**** 1583,Sasol Fleet
F-VH-1022-14,VH-1022,DR-211,Pretoria DC,2026-05-15 07:00,91.2,22.95,2092.82,52381.2,Diesel,**** 5843,Shell Fleet
F-VH-1011-49,VH-1011,DR-208,Polokwane DC,2026-06-19 08:00,21.15,24.07,509.08,57472.1,Diesel,**** 4308,BP Fleet
F-VH-1002-117,VH-1002,DR-225,Pretoria DC,2026-08-26 15:00,24.05,23.84,573.43,67770.1,Diesel,**** 6761,BP Fleet
F-VH-1001-73,VH-1001,DR-208,Johannesburg DC,2026-07-13 15:00,47.2,24.39,1151.09,61172.5,Diesel,**** 4814,BP Fleet
F-VH-1013-80,VH-1013,DR-206,Johannesburg DC,2026-07-20 06:00,40.36,23.21,936.78,62215.9,Diesel,**** 1238,Shell Fleet
F-VH-1010-57,VH-1010,DR-210,Pretoria DC,2026-06-27 08:00,111.97,22.57,2526.6,58884.1,Diesel,**** 4602,Shell Fleet
F-VH-1001-22,VH-1001,DR-208,Johannesburg DC,2026-05-23 18:00,40.34,23.38,943.25,53490.3,Diesel,**** 8381,BP Fleet
F-VH-1003-36,VH-1003,DR-227,Nelspruit DC,2026-06-06 14:00,34.27,25.14,861.6,55535.1,Diesel,**** 8415,Sasol Fleet
F-VH-1016-14,VH-1016,DR-203,Nelspruit DC,2026-05-15 18:00,7.06,24.05,169.91,52175.7,Diesel,**** 5476,Sasol Fleet
F-VH-1023-28,VH-1023,DR-219,Polokwane DC,2026-05-29 08:00,47.33,23.59,1116.34,54327.1,Diesel,**** 2817,Shell Fleet
F-VH-1005-82,VH-1005,DR-224,Polokwane DC,2026-07-22 07:00,41.49,22.94,951.91,62458.1,Diesel,**** 7297,BP Fleet
F-VH-1004-101,VH-1004,DR-200,Nelspruit DC,2026-08-10 12:00,61.41,24.02,1475.44,65366.5,Diesel,**** 5487,BP Fleet
F-VH-1009-47,VH-1009,DR-213,Nelspruit DC,2026-06-17 09:00,15.55,22.85,355.26,57226.4,Diesel,**** 3425,Engen Fleet
F-VH-1004-53,VH-1004,DR-200,Nelspruit DC,2026-06-23 07:00,52.28,24.01,1255.23,58166.2,Diesel,**** 7208,Shell Fleet
F-VH-1010-34,VH-1010,DR-210,Pretoria DC,2026-06-04 12:00,86.28,23.07,1990.06,55356.4,Diesel,**** 5453,BP Fleet
F-VH-1015-76,VH-1015,DR-210,Johannesburg DC,2026-07-16 06:00,54.82,21.27,1166.22,61625.4,Diesel,**** 5654,Engen Fleet
F-VH-1011-95,VH-1011,DR-208,Polokwane DC,2026-08-04 06:00,27.02,24.95,674.13,64404.2,Diesel,**** 4253,Sasol Fleet
F-VH-1015-81,VH-1015,DR-210,Johannesburg DC,2026-07-21 07:00,61.12,22.97,1404.01,62372.5,Diesel,**** 5918,Engen Fleet
F-VH-1002-102,VH-1002,DR-225,Pretoria DC,2026-08-11 12:00,16.9,23.78,401.92,65462.7,Diesel,**** 1432,BP Fleet
F-VH-1012-113,VH-1012,DR-204,Pretoria DC,2026-08-22 13:00,27.03,23.64,639.07,67096.3,Diesel,**** 2889,Engen Fleet
F-VH-1016-90,VH-1016,DR-203,Nelspruit DC,2026-07-30 13:00,10.72,24.11,258.53,63610.1,Petrol,**** 5621,Sasol Fleet
F-VH-1001-83,VH-1001,DR-208,Johannesburg DC,2026-07-23 16:00,79.35,24.91,1976.32,62698.1,Diesel,**** 6278,Sasol Fleet
F-VH-1012-103,VH-1012,DR-204,Pretoria DC,2026-08-12 06:00,28.89,24.21,699.43,65595.1,Diesel,**** 2576,Engen Fleet
F-VH-1014-115,VH-1014,DR-224,Nelspruit DC,2026-08-24 06:00,54.08,22.11,1195.63,67343.8,Diesel,**** 6563,BP Fleet
F-VH-1014-52,VH-1014,DR-224,Nelspruit DC,2026-06-22 06:00,56.4,22.4,1263.63,57970.2,Diesel,**** 2735,BP Fleet
F-VH-1018-15,VH-1018,DR-212,Nelspruit DC,2026-05-16 18:00,8.95,23.71,212.26,52307.7,Diesel,**** 2208,Engen Fleet
F-VH-1011-73,VH-1011,DR-208,Polokwane DC,2026-07-13 14:00,32.92,22.38,736.6,61158.3,Diesel,**** 5213,Sasol Fleet
F-VH-1005-41,VH-1005,DR-224,Polokwane DC,2026-06-11 15:00,37.77,23.13,873.43,56315.6,Diesel,**** 3871,BP Fleet
F-VH-1024-80,VH-1024,DR-208,Polokwane DC,2026-07-20 17:00,59.91,22.65,1357.17,62207.1,Diesel,**** 1217,Engen Fleet
F-VH-1019-102,VH-1019,DR-203,Nelspruit DC,2026-08-11 18:00,18.92,23.92,452.6,65513.8,Diesel,**** 7960,Engen Fleet
F-VH-1007-8,VH-1007,DR-205,Pretoria DC,2026-05-09 11:00,26.36,22.86,602.5,51466.3,Petrol,**** 7751,Engen Fleet
F-VH-1018-62,VH-1018,DR-212,Nelspruit DC,2026-07-02 15:00,31.65,21.99,695.86,59475.3,Diesel,**** 2253,BP Fleet
F-VH-1012-73,VH-1012,DR-204,Pretoria DC,2026-07-13 10:00,33.79,24.18,817.26,61116.2,Diesel,**** 5187,Sasol Fleet
F-VH-1000-111,VH-1000,DR-218,Pretoria DC,2026-08-20 18:00,38.09,24.46,931.67,66828.4,Diesel,**** 9518,Sasol Fleet
F-VH-1024-112,VH-1024,DR-208,Polokwane DC,2026-08-21 18:00,105.18,24.29,2555.17,67092.1,Diesel,**** 5368,Sasol Fleet
F-VH-1024-89,VH-1024,DR-208,Polokwane DC,2026-07-29 17:00,25.53,23.69,604.9,63446.8,Diesel,**** 7512,BP Fleet
F-VH-1023-47,VH-1023,DR-219,Polokwane DC,2026-06-17 16:00,46.83,23.56,1103.44,57188.2,Diesel,**** 1984,Shell Fleet
F-VH-1008-90,VH-1008,DR-222,Polokwane DC,2026-07-30 08:00,25.54,23.32,595.57,63658.2,Diesel,**** 5831,Shell Fleet
F-VH-1003-31,VH-1003,DR-227,Nelspruit DC,2026-06-01 08:00,32.84,23.86,783.69,54773.8,Diesel,**** 4157,Engen Fleet
F-VH-1007-27,VH-1007,DR-205,Pretoria DC,2026-05-28 08:00,16.72,22.77,380.63,54242.1,Diesel,**** 1579,BP Fleet
F-VH-1008-19,VH-1008,DR-222,Polokwane DC,2026-05-20 16:00,20.35,23.21,472.39,52978.0,Diesel,**** 4871,Sasol Fleet
F-VH-1001-34,VH-1001,DR-208,Johannesburg DC,2026-06-04 07:00,34.19,21.23,725.9,55231.8,Diesel,**** 9095,Engen Fleet
F-VH-1018-10,VH-1018,DR-212,Nelspruit DC,2026-05-11 07:00,26.48,22.65,599.82,51652.8,Diesel,**** 8450,Sasol Fleet
F-VH-1016-60,VH-1016,DR-203,Nelspruit DC,2026-06-30 18:00,14.94,22.67,338.7,59163.8,Diesel,**** 7786,Engen Fleet
F-VH-1010-102,VH-1010,DR-210,Pretoria DC,2026-08-11 17:00,42.59,23.47,999.45,65448.5,Diesel,**** 3234,Engen Fleet
F-VH-1021-29,VH-1021,DR-227,Nelspruit DC,2026-05-30 10:00,15.65,23.52,367.99,54512.6,Diesel,**** 2892,Shell Fleet
F-VH-1022-17,VH-1022,DR-211,Pretoria DC,2026-05-18 06:00,19.68,23.74,467.08,52624.1,Diesel,**** 3245,Shell Fleet
F-VH-1021-50,VH-1021,DR-227,Nelspruit DC,2026-06-20 17:00,13.51,24.4,329.64,57667.1,Diesel,**** 1306,Engen Fleet
F-VH-1005-53,VH-1005,DR-224,Polokwane DC,2026-06-23 08:00,33.97,23.6,801.85,58061.0,Diesel,**** 1003,Engen Fleet
F-VH-1017-77,VH-1017,DR-202,Polokwane DC,2026-07-17 13:00,38.14,22.59,861.51,61757.0,Diesel,**** 2350,Shell Fleet
F-VH-1002-12,VH-1002,DR-225,Pretoria DC,2026-05-13 09:00,21.76,24.4,530.97,51978.9,Diesel,**** 5186,Shell Fleet
F-VH-1011-90,VH-1011,DR-208,Polokwane DC,2026-07-30 06:00,44.74,23.82,1065.71,63747.8,Diesel,**** 2743,BP Fleet
F-VH-1019-105,VH-1019,DR-203,Nelspruit DC,2026-08-14 10:00,13.98,21.68,303.1,65924.1,Diesel,**** 5333,Engen Fleet
F-VH-1010-13,VH-1010,DR-210,Pretoria DC,2026-05-14 08:00,84.4,23.16,1954.33,52223.4,Diesel,**** 5846,Sasol Fleet
F-VH-1004-45,VH-1004,DR-200,Nelspruit DC,2026-06-15 08:00,59.47,22.65,1347.1,56948.1,Diesel,**** 5097,BP Fleet
F-VH-1015-5,VH-1015,DR-210,Johannesburg DC,2026-05-06 11:00,51.68,22.42,1158.55,50942.7,Diesel,**** 8532,Engen Fleet
F-VH-1007-33,VH-1007,DR-205,Pretoria DC,2026-06-03 09:00,25.94,21.59,560.11,55217.2,Diesel,**** 8496,Engen Fleet
F-VH-1016-24,VH-1016,DR-203,Nelspruit DC,2026-05-25 11:00,14.59,23.78,346.98,53751.7,Petrol,**** 9019,Shell Fleet
F-VH-1020-66,VH-1020,DR-211,Polokwane DC,2026-07-06 08:00,32.82,24.02,788.6,60047.5,Diesel,**** 9253,BP Fleet
F-VH-1012-103,VH-1012,DR-204,Pretoria DC,2026-08-12 06:00,28.89,24.21,699.43,65595.1,Diesel,**** 2576,Engen Fleet
F-VH-1012-29,VH-1012,DR-204,Pretoria DC,2026-05-30 17:00,44.33,24.63,1091.98,54576.8,Diesel,**** 3725,BP Fleet
F-VH-1008-27,VH-1008,DR-222,Polokwane DC,2026-05-28 17:00,35.15,22.49,790.57,54245.9,Diesel,**** 2276,Shell Fleet
F-VH-1010-55,VH-1010,DR-210,Pretoria DC,2026-06-25 10:00,39.45,23.48,926.37,58370.3,Diesel,**** 2137,BP Fleet
F-VH-1015-53,VH-1015,DR-210,Johannesburg DC,2026-06-23 14:00,54.78,22.95,1257.27,58171.9,Diesel,**** 6902,BP Fleet
F-VH-1020-1,VH-1020,DR-211,Polokwane DC,2026-05-02 15:00,56.23,24.14,1357.58,50351.4,Diesel,**** 2638,Sasol Fleet
F-VH-1004-87,VH-1004,DR-200,Nelspruit DC,2026-07-27 07:00,68.65,22.8,1565.46,63299.4,Diesel,**** 4640,BP Fleet
F-VH-1011-43,VH-1011,DR-208,Polokwane DC,2026-06-13 08:00,68.73,24.51,1684.59,56815.1,Diesel,**** 3795,Sasol Fleet
F-VH-1010-26,VH-1010,DR-210,Pretoria DC,2026-05-27 07:00,39.23,24.37,955.85,54011.0,Diesel,**** 7291,Shell Fleet
F-VH-1006-94,VH-1006,DR-225,Pretoria DC,2026-08-03 10:00,53.71,22.14,1189.34,64370.9,Diesel,**** 2428,BP Fleet
F-VH-1001-78,VH-1001,DR-208,Johannesburg DC,2026-07-18 09:00,13.51,22.72,306.94,61751.6,Diesel,**** 7843,Engen Fleet
F-VH-1022-117,VH-1022,DR-211,Pretoria DC,2026-08-26 06:00,94.17,23.39,2202.18,67821.9,Diesel,**** 8555,BP Fleet
F-VH-1024-94,VH-1024,DR-208,Polokwane DC,2026-08-03 15:00,31.83,23.98,763.27,64180.2,Diesel,**** 8802,Sasol Fleet
F-VH-1006-118,VH-1006,DR-225,Pretoria DC,2026-08-27 17:00,16.71,23.88,399.04,67774.4,Diesel,**** 7527,Sasol Fleet
F-VH-1022-85,VH-1022,DR-211,Pretoria DC,2026-07-25 14:00,98.39,24.66,2426.45,63065.8,Diesel,**** 7255,Engen Fleet
F-VH-1022-42,VH-1022,DR-211,Pretoria DC,2026-06-12 07:00,56.08,23.88,1339.16,56503.2,Diesel,**** 4259,Engen Fleet
F-VH-1016-6,VH-1016,DR-203,Nelspruit DC,2026-05-07 15:00,22.53,24.02,540.96,51141.0,Petrol,**** 5720,Shell Fleet
F-VH-1010-41,VH-1010,DR-210,Pretoria DC,2026-06-11 09:00,34.42,23.6,812.36,56260.1,Diesel,**** 2124,Sasol Fleet
F-VH-1010-117,VH-1010,DR-210,Pretoria DC,2026-08-26 12:00,42.51,23.51,999.13,67689.3,Diesel,**** 8600,Shell Fleet
F-VH-1007-61,VH-1007,DR-205,Pretoria DC,2026-07-01 11:00,17.98,22.29,400.78,59337.5,Diesel,**** 5932,Shell Fleet
F-VH-1015-119,VH-1015,DR-210,Johannesburg DC,2026-08-28 16:00,65.9,24.25,1597.68,68122.5,Diesel,**** 9719,Engen Fleet
F-VH-1002-76,VH-1002,DR-225,Pretoria DC,2026-07-16 16:00,9.86,24.16,238.36,61464.9,Diesel,**** 1939,Engen Fleet
F-VH-1006-14,VH-1006,DR-225,Pretoria DC,2026-05-15 06:00,21.97,23.19,509.39,52215.2,Diesel,**** 8489,Sasol Fleet
F-VH-1011-39,VH-1011,DR-208,Polokwane DC,2026-06-09 10:00,30.29,25.5,772.31,56023.9,Diesel,**** 1701,Engen Fleet
F-VH-1001-87,VH-1001,DR-208,Johannesburg DC,2026-07-27 18:00,36.53,23.66,864.12,63204.7,Diesel,**** 5055,Sasol Fleet
F-VH-1004-18,VH-1004,DR-200,Nelspruit DC,2026-05-19 17:00,39.54,23.14,914.92,52861.9,Diesel,**** 1310,BP Fleet
F-VH-1005-91,VH-1005,DR-224,Polokwane DC,2026-07-31 07:00,56.19,23.69,1331.33,63852.9,Diesel,**** 3475,Engen Fleet
F-VH-1001-80,VH-1001,DR-208,Johannesburg DC,2026-07-20 18:00,23.93,23.05,551.79,62077.1,Diesel,**** 5141,Engen Fleet
F-VH-1002-87,VH-1002,DR-225,Pretoria DC,2026-07-27 14:00,17.22,22.18,381.93,63214.1,Diesel,**** 6396,Sasol Fleet
F-VH-1020-43,VH-1020,DR-211,Polokwane DC,2026-06-13 09:00,34.06,24.4,830.93,56572.4,Diesel,**** 8161,BP Fleet
F-VH-1004-49,VH-1004,DR-200,Nelspruit DC,2026-06-19 17:00,59.04,23.18,1368.73,57589.9,Diesel,**** 9784,Sasol Fleet
F-VH-1000-38,VH-1000,DR-218,Pretoria DC,2026-06-08 14:00,10.57,23.06,243.63,55753.5,Diesel,**** 1404,Shell Fleet
F-VH-1002-89,VH-1002,DR-225,Pretoria DC,2026-07-29 18:00,18.65,23.4,436.26,63535.3,Diesel,**** 1852,Shell Fleet
F-VH-1001-52,VH-1001,DR-208,Johannesburg DC,2026-06-22 09:00,55.0,24.24,1333.34,58035.7,Diesel,**** 5958,Engen Fleet
F-VH-1009-117,VH-1009,DR-213,Nelspruit DC,2026-08-26 15:00,8.19,22.47,184.15,67632.3,Diesel,**** 2730,Shell Fleet
F-VH-1009-77,VH-1009,DR-213,Nelspruit DC,2026-07-17 14:00,11.86,23.56,279.29,61707.0,Diesel,**** 9342,Shell Fleet
F-VH-1024-43,VH-1024,DR-208,Polokwane DC,2026-06-13 10:00,51.18,22.77,1165.52,56611.8,Diesel,**** 8460,BP Fleet
F-VH-1004-12,VH-1004,DR-200,Nelspruit DC,2026-05-13 17:00,51.92,24.43,1268.53,51995.4,Diesel,**** 1307,BP Fleet
F-VH-1015-8,VH-1015,DR-210,Johannesburg DC,2026-05-09 12:00,51.35,24.86,1276.67,51403.0,Diesel,**** 2747,Engen Fleet
F-VH-1018-77,VH-1018,DR-212,Nelspruit DC,2026-07-17 07:00,40.28,24.37,981.74,61796.3,Diesel,**** 4731,Sasol Fleet
F-VH-1010-82,VH-1010,DR-210,Pretoria DC,2026-07-22 08:00,71.68,23.51,1685.32,62527.0,Diesel,**** 1025,Sasol Fleet
F-VH-1003-11,VH-1003,DR-227,Nelspruit DC,2026-05-12 15:00,35.04,23.57,825.74,51762.2,Diesel,**** 9984,Shell Fleet
F-VH-1010-43,VH-1010,DR-210,Pretoria DC,2026-06-13 15:00,54.97,23.34,1282.77,56592.3,Diesel,**** 7387,Shell Fleet
F-VH-1008-15,VH-1008,DR-222,Polokwane DC,2026-05-16 18:00,51.57,24.24,1249.99,52557.3,Diesel,**** 8311,Engen Fleet
F-VH-1004-57,VH-1004,DR-200,Nelspruit DC,2026-06-27 07:00,34.75,23.2,806.09,58698.5,Diesel,**** 8287,Shell Fleet
F-VH-1005-25,VH-1005,DR-224,Polokwane DC,2026-05-26 06:00,47.73,22.88,1091.85,53918.2,Diesel,**** 6711,Sasol Fleet
F-VH-1012-102,VH-1012,DR-204,Pretoria DC,2026-08-11 10:00,27.61,21.91,604.95,65435.5,Diesel,**** 1105,BP Fleet
F-VH-1004-111,VH-1004,DR-200,Nelspruit DC,2026-08-20 15:00,70.0,23.42,1639.49,66906.4,Diesel,**** 3718,Engen Fleet
F-VH-1016-82,VH-1016,DR-203,Nelspruit DC,2026-07-22 07:00,10.86,21.92,238.08,62438.0,Diesel,**** 8829,BP Fleet
F-VH-1001-24,VH-1001,DR-208,Johannesburg DC,2026-05-25 15:00,24.36,23.21,565.38,53701.7,Diesel,**** 9300,BP Fleet
F-VH-1015-95,VH-1015,DR-210,Johannesburg DC,2026-08-04 09:00,49.53,22.85,1131.7,64466.4,Diesel,**** 4074,BP Fleet
F-VH-1006-102,VH-1006,DR-225,Pretoria DC,2026-08-11 18:00,36.92,22.63,835.45,65478.7,Diesel,**** 8540,Sasol Fleet
F-VH-1018-38,VH-1018,DR-212,Nelspruit DC,2026-06-08 07:00,55.13,24.28,1338.37,55972.5,Diesel,**** 4234,BP Fleet
F-VH-1003-14,VH-1003,DR-227,Nelspruit DC,2026-05-15 10:00,58.76,24.12,1417.39,52309.0,Diesel,**** 8740,Engen Fleet
F-VH-1019-103,VH-1019,DR-203,Nelspruit DC,2026-08-12 13:00,18.48,23.66,437.19,65661.0,Diesel,**** 6421,Sasol Fleet
F-VH-1020-42,VH-1020,DR-211,Polokwane DC,2026-06-12 16:00,53.65,23.4,1255.2,56472.1,Diesel,**** 6483,Shell Fleet
F-VH-1010-42,VH-1010,DR-210,Pretoria DC,2026-06-12 10:00,56.46,23.7,1338.23,56482.4,Diesel,**** 8722,Shell Fleet
F-VH-1018-43,VH-1018,DR-212,Nelspruit DC,2026-06-13 13:00,39.0,25.07,977.85,56686.5,Diesel,**** 8816,Shell Fleet
F-VH-1001-11,VH-1001,DR-208,Johannesburg DC,2026-05-12 16:00,51.96,23.77,1235.21,51868.3,Diesel,**** 8847,BP Fleet
F-VH-1012-67,VH-1012,DR-204,Pretoria DC,2026-07-07 06:00,51.47,23.89,1229.61,60294.9,Diesel,**** 8423,Shell Fleet
F-VH-1015-14,VH-1015,DR-210,Johannesburg DC,2026-05-15 10:00,39.9,23.39,933.16,52242.4,Diesel,**** 9897,BP Fleet
F-VH-1011-103,VH-1011,DR-208,Polokwane DC,2026-08-12 10:00,25.49,22.91,583.95,65592.8,Diesel,**** 3655,BP Fleet
F-VH-1008-56,VH-1008,DR-222,Polokwane DC,2026-06-26 16:00,24.06,24.58,591.6,58521.1,Diesel,**** 6035,Sasol Fleet
F-VH-1008-36,VH-1008,DR-222,Polokwane DC,2026-06-06 18:00,34.1,24.52,836.33,55610.6,Diesel,**** 8259,Engen Fleet
F-VH-1019-27,VH-1019,DR-203,Nelspruit DC,2026-05-28 09:00,13.39,23.51,314.71,54187.4,Diesel,**** 7102,BP Fleet
F-VH-1011-56,VH-1011,DR-208,Polokwane DC,2026-06-26 17:00,30.97,23.59,730.56,58579.3,Diesel,**** 6312,Sasol Fleet
F-VH-1008-118,VH-1008,DR-222,Polokwane DC,2026-08-27 10:00,24.2,23.7,573.34,67828.9,Diesel,**** 2831,Engen Fleet
F-VH-1010-12,VH-1010,DR-210,Pretoria DC,2026-05-13 16:00,41.93,23.13,969.83,51925.3,Diesel,**** 9355,Engen Fleet
F-VH-1005-89,VH-1005,DR-224,Polokwane DC,2026-07-29 18:00,18.34,22.23,407.62,63413.4,Diesel,**** 5317,Engen Fleet
F-VH-1024-31,VH-1024,DR-208,Polokwane DC,2026-06-01 17:00,46.83,23.16,1084.34,54789.6,Diesel,**** 3222,Sasol Fleet
F-VH-1019-33,VH-1019,DR-203,Nelspruit DC,2026-06-03 06:00,20.73,25.08,519.83,55159.4,Petrol,**** 7006,Sasol Fleet
F-VH-1004-14,VH-1004,DR-200,Nelspruit DC,2026-05-15 06:00,49.26,23.86,1175.62,52289.7,Diesel,**** 1311,Shell Fleet
F-VH-1019-77,VH-1019,DR-203,Nelspruit DC,2026-07-17 09:00,19.97,24.39,487.15,61795.7,Diesel,**** 5096,Shell Fleet
F-VH-1019-1,VH-1019,DR-203,Nelspruit DC,2026-05-02 17:00,14.65,22.53,329.94,50309.7,Petrol,**** 3144,Shell Fleet
F-VH-1007-90,VH-1007,DR-205,Pretoria DC,2026-07-30 06:00,17.93,24.07,431.44,63684.6,Diesel,**** 7047,Shell Fleet
F-VH-1024-66,VH-1024,DR-208,Polokwane DC,2026-07-06 06:00,65.26,23.09,1506.84,60107.1,Diesel,**** 9179,Shell Fleet
F-VH-1003-67,VH-1003,DR-227,Nelspruit DC,2026-07-07 11:00,50.15,23.19,1163.23,60257.6,Diesel,**** 8949,BP Fleet
F-VH-1008-5,VH-1008,DR-222,Polokwane DC,2026-05-06 10:00,29.38,23.89,702.1,50913.1,Diesel,**** 3749,Sasol Fleet
F-VH-1011-113,VH-1011,DR-208,Polokwane DC,2026-08-22 17:00,22.51,22.17,498.89,67086.0,Diesel,**** 5406,Sasol Fleet
F-VH-1018-76,VH-1018,DR-212,Nelspruit DC,2026-07-16 09:00,31.36,24.87,779.76,61553.3,Diesel,**** 4934,Shell Fleet
F-VH-1009-6,VH-1009,DR-213,Nelspruit DC,2026-05-07 11:00,8.3,22.24,184.5,50996.3,Petrol,**** 8827,Sasol Fleet
F-VH-1001-63,VH-1001,DR-208,Johannesburg DC,2026-07-03 12:00,64.38,21.73,1398.62,59643.3,Diesel,**** 7189,Shell Fleet
F-VH-1016-89,VH-1016,DR-203,Nelspruit DC,2026-07-29 16:00,5.34,24.16,128.93,63434.3,Diesel,**** 2429,Sasol Fleet
F-VH-1010-52,VH-1010,DR-210,Pretoria DC,2026-06-22 14:00,26.03,23.67,616.05,57870.8,Diesel,**** 8227,Sasol Fleet
F-VH-1011-75,VH-1011,DR-208,Polokwane DC,2026-07-15 11:00,30.32,23.24,704.6,61434.7,Diesel,**** 6465,Engen Fleet
F-VH-1010-112,VH-1010,DR-210,Pretoria DC,2026-08-21 17:00,90.88,23.3,2117.23,67064.0,Diesel,**** 5492,Sasol Fleet
F-VH-1003-116,VH-1003,DR-227,Nelspruit DC,2026-08-25 12:00,43.74,22.33,976.46,67537.2,Diesel,**** 2377,Sasol Fleet
F-VH-1017-110,VH-1017,DR-202,Polokwane DC,2026-08-19 08:00,31.89,23.73,756.7,66666.1,Diesel,**** 2374,Engen Fleet
F-VH-1004-84,VH-1004,DR-200,Nelspruit DC,2026-07-24 18:00,35.93,22.31,801.55,62746.8,Diesel,**** 4450,Engen Fleet
F-VH-1016-53,VH-1016,DR-203,Nelspruit DC,2026-06-23 07:00,13.95,23.95,334.15,58090.4,Petrol,**** 8974,BP Fleet
F-VH-1002-115,VH-1002,DR-225,Pretoria DC,2026-08-24 11:00,20.85,23.62,492.36,67423.4,Diesel,**** 1881,Sasol Fleet
F-VH-1006-3,VH-1006,DR-225,Pretoria DC,2026-05-04 17:00,49.38,24.02,1185.94,50709.5,Diesel,**** 9938,Sasol Fleet
F-VH-1013-102,VH-1013,DR-206,Johannesburg DC,2026-08-11 06:00,39.44,24.62,970.8,65522.0,Diesel,**** 2983,Sasol Fleet
F-VH-1024-108,VH-1024,DR-208,Polokwane DC,2026-08-17 13:00,35.67,22.87,815.93,66313.5,Diesel,**** 9402,Sasol Fleet
F-VH-1004-3,VH-1004,DR-200,Nelspruit DC,2026-05-04 18:00,54.12,23.54,1273.77,50628.5,Diesel,**** 5291,Engen Fleet
F-VH-1012-77,VH-1012,DR-204,Pretoria DC,2026-07-17 09:00,31.24,23.0,718.5,61717.2,Diesel,**** 6013,BP Fleet
F-VH-1015-7,VH-1015,DR-210,Johannesburg DC,2026-05-08 13:00,70.55,24.12,1702.02,51322.0,Diesel,**** 4993,BP Fleet
F-VH-1006-119,VH-1006,DR-225,Pretoria DC,2026-08-28 09:00,28.15,22.43,631.51,68028.7,Diesel,**** 3993,Engen Fleet
F-VH-1019-34,VH-1019,DR-203,Nelspruit DC,2026-06-04 16:00,18.83,23.33,439.42,55304.4,Diesel,**** 1894,Sasol Fleet
F-VH-1024-85,VH-1024,DR-208,Polokwane DC,2026-07-25 07:00,75.53,24.04,1815.59,62976.6,Diesel,**** 5413,Engen Fleet
F-VH-1006-66,VH-1006,DR-225,Pretoria DC,2026-07-06 07:00,36.34,22.71,825.45,60121.9,Diesel,**** 4248,Shell Fleet
F-VH-1018-90,VH-1018,DR-212,Nelspruit DC,2026-07-30 07:00,21.38,23.45,501.45,63609.4,Diesel,**** 8455,BP Fleet
F-VH-1020-45,VH-1020,DR-211,Polokwane DC,2026-06-15 15:00,26.74,23.09,617.28,56864.0,Diesel,**** 3627,Sasol Fleet
F-VH-1011-82,VH-1011,DR-208,Polokwane DC,2026-07-22 16:00,46.81,23.63,1105.95,62576.9,Diesel,**** 8060,Engen Fleet
F-VH-1018-25,VH-1018,DR-212,Nelspruit DC,2026-05-26 06:00,32.14,23.65,759.93,53931.4,Diesel,**** 2526,BP Fleet
F-VH-1011-54,VH-1011,DR-208,Polokwane DC,2026-06-24 10:00,34.66,23.35,809.5,58281.1,Diesel,**** 2827,Engen Fleet
F-VH-1005-22,VH-1005,DR-224,Polokwane DC,2026-05-23 12:00,40.98,22.5,922.01,53468.5,Diesel,**** 2745,Sasol Fleet
F-VH-1005-28,VH-1005,DR-224,Polokwane DC,2026-05-29 12:00,43.97,23.09,1015.32,54369.0,Diesel,**** 2376,Shell Fleet
F-VH-1018-5,VH-1018,DR-212,Nelspruit DC,2026-05-06 09:00,50.1,23.36,1170.17,51040.9,Diesel,**** 2419,Shell Fleet
F-VH-1011-96,VH-1011,DR-208,Polokwane DC,2026-08-05 11:00,23.76,22.98,545.92,64521.9,Diesel,**** 8166,Engen Fleet
F-VH-1013-35,VH-1013,DR-206,Johannesburg DC,2026-06-05 17:00,42.95,25.09,1077.65,55506.3,Diesel,**** 8091,BP Fleet
F-VH-1015-111,VH-1015,DR-210,Johannesburg DC,2026-08-20 08:00,49.83,25.52,1271.47,66834.9,Diesel,**** 4546,Shell Fleet
F-VH-1009-78,VH-1009,DR-213,Nelspruit DC,2026-07-18 08:00,20.38,22.29,454.26,61922.1,Diesel,**** 7322,Shell Fleet
F-VH-1016-56,VH-1016,DR-203,Nelspruit DC,2026-06-26 06:00,0.0,23.37,515.76,58655.3,Petrol,**** 5648,BP Fleet
F-VH-1014-26,VH-1014,DR-224,Nelspruit DC,2026-05-27 07:00,101.6,22.11,2245.97,54094.1,Diesel,**** 2163,Sasol Fleet
F-VH-1005-115,VH-1005,DR-224,Polokwane DC,2026-08-24 09:00,48.49,24.96,1210.12,67409.0,Diesel,**** 5009,Engen Fleet
F-VH-1024-14,VH-1024,DR-208,Polokwane DC,2026-05-15 16:00,66.06,21.78,1439.01,52283.4,Diesel,**** 9406,Engen Fleet
F-VH-1015-38,VH-1015,DR-210,Johannesburg DC,2026-06-08 06:00,248.39,22.85,5674.74,55946.4,Diesel,**** 7456,Sasol Fleet
F-VH-1002-26,VH-1002,DR-225,Pretoria DC,2026-05-27 15:00,11.58,25.17,291.52,54016.7,Diesel,**** 8291,Sasol Fleet
F-VH-1014-81,VH-1014,DR-224,Nelspruit DC,2026-07-21 14:00,82.13,24.83,2039.17,62418.1,Diesel,**** 3553,BP Fleet
F-VH-1023-97,VH-1023,DR-219,Polokwane DC,2026-08-06 09:00,48.89,23.38,1142.97,64719.1,Diesel,**** 5555,Sasol Fleet
F-VH-1006-116,VH-1006,DR-225,Pretoria DC,2026-08-25 08:00,35.72,23.21,828.91,67607.8,Diesel,**** 2656,BP Fleet
F-VH-1007-64,VH-1007,DR-205,Pretoria DC,2026-07-04 07:00,11.58,23.0,266.34,59715.2,Diesel,**** 7388,Engen Fleet
F-VH-1009-34,VH-1009,DR-213,Nelspruit DC,2026-06-04 13:00,13.47,23.33,314.32,55249.5,Petrol,**** 2522,Shell Fleet
F-VH-1024-63,VH-1024,DR-208,Polokwane DC,2026-07-03 06:00,60.52,22.11,1337.82,59651.7,Diesel,**** 5468,Engen Fleet
F-VH-1024-27,VH-1024,DR-208,Polokwane DC,2026-05-28 12:00,68.19,23.64,1612.14,54261.2,Diesel,**** 6870,Engen Fleet
F-VH-1020-25,VH-1020,DR-211,Polokwane DC,2026-05-26 12:00,21.87,23.04,503.69,53840.7,Diesel,**** 9105,Shell Fleet
F-VH-1010-6,VH-1010,DR-210,Pretoria DC,2026-05-07 15:00,89.56,23.27,2083.73,51173.6,Diesel,**** 1878,Engen Fleet
F-VH-1017-24,VH-1017,DR-202,Polokwane DC,2026-05-25 07:00,20.14,25.04,504.39,53810.5,Diesel,**** 5873,Sasol Fleet
F-VH-1014-62,VH-1014,DR-224,Nelspruit DC,2026-07-02 16:00,86.44,22.93,1981.85,59554.5,Diesel,**** 8938,Shell Fleet
F-VH-1010-71,VH-1010,DR-210,Pretoria DC,2026-07-11 08:00,68.68,23.55,1616.99,60864.3,Diesel,**** 7751,Sasol Fleet
F-VH-1016-46,VH-1016,DR-203,Nelspruit DC,2026-06-16 14:00,24.73,22.59,558.84,57170.2,Petrol,**** 8258,Shell Fleet
F-VH-1003-94,VH-1003,DR-227,Nelspruit DC,2026-08-03 11:00,38.99,23.25,906.63,64231.5,Diesel,**** 8059,Sasol Fleet
F-VH-1000-45,VH-1000,DR-218,Pretoria DC,2026-06-15 08:00,22.5,24.44,550.03,56872.7,Diesel,**** 9764,Sasol Fleet
F-VH-1016-74,VH-1016,DR-203,Nelspruit DC,2026-07-14 11:00,10.1,23.64,238.84,61209.8,Diesel,**** 4629,Sasol Fleet
F-VH-1023-105,VH-1023,DR-219,Polokwane DC,2026-08-14 16:00,47.18,23.48,1107.89,65845.7,Diesel,**** 1812,Engen Fleet
F-VH-1011-11,VH-1011,DR-208,Polokwane DC,2026-05-12 14:00,8.97,24.17,216.74,51715.3,Diesel,**** 3002,BP Fleet
F-VH-1009-92,VH-1009,DR-213,Nelspruit DC,2026-08-01 16:00,24.65,22.76,560.85,64079.5,Diesel,**** 3700,Sasol Fleet
F-VH-1021-108,VH-1021,DR-227,Nelspruit DC,2026-08-17 12:00,18.6,25.19,468.57,66414.8,Petrol,**** 3241,Shell Fleet
F-VH-1009-24,VH-1009,DR-213,Nelspruit DC,2026-05-25 06:00,17.57,23.74,417.02,53814.8,Petrol,**** 2406,Sasol Fleet
F-VH-1016-41,VH-1016,DR-203,Nelspruit DC,2026-06-11 13:00,26.21,26.32,689.99,56447.5,Diesel,**** 4985,Shell Fleet
F-VH-1003-66,VH-1003,DR-227,Nelspruit DC,2026-07-06 17:00,58.15,22.96,1335.41,60147.7,Diesel,**** 3842,Shell Fleet
F-VH-1001-0,VH-1001,DR-208,Johannesburg DC,2026-05-01 06:00,34.25,21.79,746.3,50134.8,Diesel,**** 2084,Engen Fleet
F-VH-1024-75,VH-1024,DR-208,Polokwane DC,2026-07-15 10:00,57.91,24.5,1418.69,61425.3,Diesel,**** 9407,Shell Fleet
F-VH-1005-97,VH-1005,DR-224,Polokwane DC,2026-08-06 14:00,51.88,23.29,1208.29,64741.6,Diesel,**** 3496,Engen Fleet
F-VH-1016-115,VH-1016,DR-203,Nelspruit DC,2026-08-24 12:00,22.39,22.78,509.88,67499.8,Diesel,**** 8617,Sasol Fleet
F-VH-1012-89,VH-1012,DR-204,Pretoria DC,2026-07-29 06:00,43.83,24.3,1064.94,63578.8,Diesel,**** 1008,Sasol Fleet
F-VH-1005-29,VH-1005,DR-224,Polokwane DC,2026-05-30 17:00,52.56,23.16,1217.42,54544.3,Diesel,**** 3911,Sasol Fleet
F-VH-1001-19,VH-1001,DR-208,Johannesburg DC,2026-05-20 09:00,31.96,25.09,801.82,53021.0,Diesel,**** 8518,Shell Fleet
F-VH-1022-19,VH-1022,DR-211,Pretoria DC,2026-05-20 16:00,70.84,23.7,1678.66,53071.7,Diesel,**** 9835,Engen Fleet
F-VH-1020-6,VH-1020,DR-211,Polokwane DC,2026-05-07 18:00,54.44,24.08,1310.73,51083.7,Diesel,**** 5728,BP Fleet
F-VH-1024-59,VH-1024,DR-208,Polokwane DC,2026-06-29 17:00,17.17,22.79,391.16,58897.4,Diesel,**** 6192,Shell Fleet
F-VH-1006-96,VH-1006,DR-225,Pretoria DC,2026-08-05 16:00,43.43,23.14,1004.85,64664.4,Diesel,**** 7794,Engen Fleet
F-VH-1005-62,VH-1005,DR-224,Polokwane DC,2026-07-02 12:00,35.86,23.16,830.54,59445.5,Diesel,**** 2140,BP Fleet
F-VH-1007-18,VH-1007,DR-205,Pretoria DC,2026-05-19 14:00,12.88,23.02,296.51,52843.7,Diesel,**** 5331,BP Fleet
F-VH-1018-35,VH-1018,DR-212,Nelspruit DC,2026-06-05 11:00,46.21,23.16,1070.14,55501.4,Diesel,**** 8419,Engen Fleet
F-VH-1018-71,VH-1018,DR-212,Nelspruit DC,2026-07-11 10:00,16.66,24.58,409.52,60722.4,Diesel,**** 5968,Shell Fleet
F-VH-1013-6,VH-1013,DR-206,Johannesburg DC,2026-05-07 15:00,18.82,23.24,437.44,51011.0,Diesel,**** 6003,Sasol Fleet
F-VH-1013-29,VH-1013,DR-206,Johannesburg DC,2026-05-30 12:00,28.22,23.3,657.55,54507.1,Diesel,**** 8855,Engen Fleet
F-VH-1020-11,VH-1020,DR-211,Polokwane DC,2026-05-12 12:00,41.82,23.48,981.98,51833.3,Diesel,**** 3578,Shell Fleet
F-VH-1004-81,VH-1004,DR-200,Nelspruit DC,2026-07-21 18:00,50.05,23.71,1186.58,62336.1,Diesel,**** 9533,BP Fleet
F-VH-1013-33,VH-1013,DR-206,Johannesburg DC,2026-06-03 17:00,26.26,23.0,604.11,55086.9,Diesel,**** 1230,Shell Fleet
F-VH-1009-28,VH-1009,DR-213,Nelspruit DC,2026-05-29 09:00,16.18,23.5,380.3,54389.3,Petrol,**** 8307,Engen Fleet
F-VH-1017-12,VH-1017,DR-202,Polokwane DC,2026-05-13 10:00,19.04,23.65,450.31,51962.3,Diesel,**** 5703,Sasol Fleet
F-VH-1015-40,VH-1015,DR-210,Johannesburg DC,2026-06-10 08:00,19.95,22.61,450.94,56089.4,Diesel,**** 4809,Sasol Fleet
F-VH-1014-18,VH-1014,DR-224,Nelspruit DC,2026-05-19 11:00,61.39,22.74,1395.84,52893.4,Diesel,**** 3252,Sasol Fleet
F-VH-1015-115,VH-1015,DR-210,Johannesburg DC,2026-08-24 10:00,28.66,22.76,652.12,67378.4,Diesel,**** 8875,Sasol Fleet
F-VH-1014-13,VH-1014,DR-224,Nelspruit DC,2026-05-14 08:00,62.11,24.0,1490.86,52070.4,Diesel,**** 3712,BP Fleet
F-VH-1004-99,VH-1004,DR-200,Nelspruit DC,2026-08-08 12:00,72.55,23.0,1668.86,65130.1,Diesel,**** 9321,Shell Fleet
F-VH-1000-21,VH-1000,DR-218,Pretoria DC,2026-05-22 09:00,25.16,23.6,593.77,53303.1,Diesel,**** 1265,Shell Fleet
F-VH-1003-0,VH-1003,DR-227,Nelspruit DC,2026-05-01 13:00,44.18,23.27,1027.89,50184.1,Diesel,**** 8517,Engen Fleet
F-VH-1011-52,VH-1011,DR-208,Polokwane DC,2026-06-22 06:00,37.35,24.42,912.08,58008.8,Diesel,**** 9422,Sasol Fleet
F-VH-1023-63,VH-1023,DR-219,Polokwane DC,2026-07-03 09:00,163.19,23.44,3825.64,59719.7,Diesel,**** 6087,BP Fleet
F-VH-1008-22,VH-1008,DR-222,Polokwane DC,2026-05-23 11:00,50.76,23.88,1212.34,53565.1,Diesel,**** 6315,BP Fleet
F-VH-1009-7,VH-1009,DR-213,Nelspruit DC,2026-05-08 10:00,12.29,24.8,304.89,51196.8,Diesel,**** 2989,Sasol Fleet
F-VH-1010-67,VH-1010,DR-210,Pretoria DC,2026-07-07 15:00,79.69,24.0,1912.17,60291.2,Diesel,**** 2737,Shell Fleet
F-VH-1016-67,VH-1016,DR-203,Nelspruit DC,2026-07-07 06:00,20.58,23.69,487.53,60260.7,Petrol,**** 1909,Sasol Fleet
F-VH-1007-85,VH-1007,DR-205,Pretoria DC,2026-07-25 14:00,12.74,22.89,291.67,62911.1,Diesel,**** 3033,Engen Fleet
F-VH-1012-109,VH-1012,DR-204,Pretoria DC,2026-08-18 11:00,18.58,22.91,425.75,66472.1,Diesel,**** 5840,Sasol Fleet
F-VH-1006-33,VH-1006,DR-225,Pretoria DC,2026-06-03 16:00,33.55,23.36,783.94,55137.0,Diesel,**** 5888,BP Fleet
F-VH-1013-92,VH-1013,DR-206,Johannesburg DC,2026-08-01 15:00,35.82,24.37,872.73,64012.1,Diesel,**** 8926,Sasol Fleet
F-VH-1020-33,VH-1020,DR-211,Polokwane DC,2026-06-03 14:00,30.7,22.98,705.55,55085.0,Diesel,**** 1785,Sasol Fleet
F-VH-1001-96,VH-1001,DR-208,Johannesburg DC,2026-08-05 18:00,33.43,24.17,807.8,64500.6,Diesel,**** 7891,Engen Fleet
F-VH-1022-29,VH-1022,DR-211,Pretoria DC,2026-05-30 16:00,59.01,22.16,1307.57,54542.6,Diesel,**** 9914,BP Fleet
F-VH-1001-102,VH-1001,DR-208,Johannesburg DC,2026-08-11 12:00,44.74,23.65,1058.14,65437.6,Diesel,**** 6132,Shell Fleet
F-VH-1015-0,VH-1015,DR-210,Johannesburg DC,2026-05-01 09:00,54.04,23.86,1289.57,50240.4,Diesel,**** 3646,Sasol Fleet
F-VH-1020-102,VH-1020,DR-211,Polokwane DC,2026-08-11 12:00,41.72,23.5,980.1,65463.8,Diesel,**** 5960,Sasol Fleet
F-VH-1000-89,VH-1000,DR-218,Pretoria DC,2026-07-29 18:00,38.02,23.06,876.5,63549.8,Diesel,**** 7551,BP Fleet
F-VH-1022-22,VH-1022,DR-211,Pretoria DC,2026-05-23 18:00,71.37,22.07,1574.82,53533.3,Diesel,**** 8563,Engen Fleet
F-VH-1012-48,VH-1012,DR-204,Pretoria DC,2026-06-18 08:00,29.76,23.79,707.82,57346.3,Diesel,**** 4314,Engen Fleet
F-VH-1021-73,VH-1021,DR-227,Nelspruit DC,2026-07-13 12:00,23.19,22.29,517.08,61188.6,Diesel,**** 9199,Engen Fleet
F-VH-1010-49,VH-1010,DR-210,Pretoria DC,2026-06-19 14:00,73.29,24.79,1817.0,57582.1,Diesel,**** 9952,Engen Fleet
F-VH-1020-98,VH-1020,DR-211,Polokwane DC,2026-08-07 07:00,57.24,23.42,1340.76,64911.2,Diesel,**** 9644,Shell Fleet
F-VH-1006-110,VH-1006,DR-225,Pretoria DC,2026-08-19 10:00,23.95,21.64,518.37,66649.1,Diesel,**** 4768,Engen Fleet
F-VH-1016-28,VH-1016,DR-203,Nelspruit DC,2026-05-29 18:00,12.59,24.08,303.14,54340.9,Petrol,**** 3615,Sasol Fleet
F-VH-1024-5,VH-1024,DR-208,Polokwane DC,2026-05-06 06:00,69.85,21.56,1505.98,50991.4,Diesel,**** 4630,BP Fleet
F-VH-1016-34,VH-1016,DR-203,Nelspruit DC,2026-06-04 07:00,17.33,24.07,417.08,55294.2,Diesel,**** 9598,Engen Fleet
F-VH-1024-50,VH-1024,DR-208,Polokwane DC,2026-06-20 06:00,49.41,24.25,1198.25,57642.3,Diesel,**** 7147,Engen Fleet
F-VH-1023-32,VH-1023,DR-219,Polokwane DC,2026-06-02 08:00,66.58,24.2,1611.24,55010.3,Diesel,**** 3967,Shell Fleet
F-VH-1021-48,VH-1021,DR-227,Nelspruit DC,2026-06-18 15:00,17.97,23.87,428.9,57410.8,Diesel,**** 4014,BP Fleet
F-VH-1007-47,VH-1007,DR-205,Pretoria DC,2026-06-17 10:00,13.84,22.7,314.09,57228.0,Diesel,**** 3450,Shell Fleet
F-VH-1004-50,VH-1004,DR-200,Nelspruit DC,2026-06-20 13:00,23.75,22.37,531.14,57604.5,Diesel,**** 5496,Shell Fleet
F-VH-1017-80,VH-1017,DR-202,Polokwane DC,2026-07-20 09:00,28.63,22.92,656.15,62153.4,Petrol,**** 6181,Sasol Fleet
F-VH-1006-17,VH-1006,DR-225,Pretoria DC,2026-05-18 07:00,28.67,24.39,699.43,52701.8,Diesel,**** 3589,BP Fleet
F-VH-1014-101,VH-1014,DR-224,Nelspruit DC,2026-08-10 15:00,110.4,23.9,2638.26,65331.8,Diesel,**** 1083,BP Fleet
F-VH-1013-112,VH-1013,DR-206,Johannesburg DC,2026-08-21 17:00,16.9,24.79,419.01,66902.3,Diesel,**** 9938,Sasol Fleet
F-VH-1006-18,VH-1006,DR-225,Pretoria DC,2026-05-19 11:00,45.53,24.2,1101.52,52970.8,Diesel,**** 8837,BP Fleet
F-VH-1022-0,VH-1022,DR-211,Pretoria DC,2026-05-01 14:00,70.84,23.73,1681.23,50229.9,Diesel,**** 5061,Engen Fleet
F-VH-1008-104,VH-1008,DR-222,Polokwane DC,2026-08-13 12:00,53.42,24.16,1290.81,65884.5,Diesel,**** 1296,BP Fleet
F-VH-1022-62,VH-1022,DR-211,Pretoria DC,2026-07-02 12:00,25.7,23.5,604.14,59378.9,Diesel,**** 1589,Sasol Fleet
F-VH-1024-91,VH-1024,DR-208,Polokwane DC,2026-07-31 17:00,51.25,23.05,1181.05,63815.9,Diesel,**** 2208,BP Fleet
F-VH-1016-3,VH-1016,DR-203,Nelspruit DC,2026-05-04 18:00,12.32,22.81,280.95,50600.2,Petrol,**** 4164,BP Fleet
F-VH-1009-57,VH-1009,DR-213,Nelspruit DC,2026-06-27 08:00,16.79,23.67,397.41,58724.7,Diesel,**** 5597,Engen Fleet
F-VH-1015-6,VH-1015,DR-210,Johannesburg DC,2026-05-07 07:00,0.0,21.9,1232.0,51116.7,Diesel,**** 3847,Sasol Fleet
F-VH-1009-18,VH-1009,DR-213,Nelspruit DC,2026-05-19 11:00,18.21,24.19,440.61,52908.9,Diesel,**** 5480,Shell Fleet
F-VH-1023-11,VH-1023,DR-219,Polokwane DC,2026-05-12 07:00,98.37,24.01,2361.81,51831.3,Diesel,**** 8957,BP Fleet
F-VH-1004-80,VH-1004,DR-200,Nelspruit DC,2026-07-20 17:00,51.05,22.25,1135.68,62177.5,Diesel,**** 6359,BP Fleet
F-VH-1021-13,VH-1021,DR-227,Nelspruit DC,2026-05-14 10:00,16.06,23.76,381.48,52148.7,Diesel,**** 7081,Sasol Fleet
F-VH-1005-104,VH-1005,DR-224,Polokwane DC,2026-08-13 06:00,49.31,24.6,1213.15,65761.2,Diesel,**** 9136,Engen Fleet
F-VH-1014-71,VH-1014,DR-224,Nelspruit DC,2026-07-11 13:00,60.73,23.18,1407.31,60856.8,Diesel,**** 7830,Engen Fleet
F-VH-1000-81,VH-1000,DR-218,Pretoria DC,2026-07-21 17:00,22.38,24.23,542.28,62262.3,Diesel,**** 4990,Sasol Fleet
F-VH-1013-99,VH-1013,DR-206,Johannesburg DC,2026-08-08 09:00,27.42,23.05,632.02,64990.9,Diesel,**** 5718,Shell Fleet
F-VH-1018-63,VH-1018,DR-212,Nelspruit DC,2026-07-03 16:00,26.78,23.77,636.57,59612.9,Diesel,**** 8106,Sasol Fleet
F-VH-1007-66,VH-1007,DR-205,Pretoria DC,2026-07-06 15:00,16.86,24.19,407.87,60079.8,Petrol,**** 2459,Shell Fleet
F-VH-1022-92,VH-1022,DR-211,Pretoria DC,2026-08-01 08:00,56.99,22.67,1291.79,63958.7,Diesel,**** 2290,Sasol Fleet
F-VH-1007-5,VH-1007,DR-205,Pretoria DC,2026-05-06 06:00,8.29,22.53,186.79,50844.3,Petrol,**** 8758,Sasol Fleet
F-VH-1005-20,VH-1005,DR-224,Polokwane DC,2026-05-21 14:00,39.18,23.13,906.22,53161.1,Diesel,**** 1924,Engen Fleet
F-VH-1012-12,VH-1012,DR-204,Pretoria DC,2026-05-13 08:00,31.56,22.88,722.13,51955.8,Diesel,**** 3842,Engen Fleet
F-VH-1005-5,VH-1005,DR-224,Polokwane DC,2026-05-06 12:00,54.82,24.35,1335.08,50950.0,Diesel,**** 2341,BP Fleet
F-VH-1013-24,VH-1013,DR-206,Johannesburg DC,2026-05-25 14:00,23.5,23.93,562.42,53748.6,Diesel,**** 8570,Engen Fleet
F-VH-1018-56,VH-1018,DR-212,Nelspruit DC,2026-06-26 13:00,38.17,23.72,905.19,58611.3,Diesel,**** 3859,Sasol Fleet
F-VH-1020-91,VH-1020,DR-211,Polokwane DC,2026-07-31 18:00,60.71,23.32,1415.95,63904.7,Diesel,**** 5828,BP Fleet
F-VH-1019-50,VH-1019,DR-203,Nelspruit DC,2026-06-20 13:00,12.82,22.4,287.17,57646.0,Diesel,**** 6490,BP Fleet
F-VH-1008-84,VH-1008,DR-222,Polokwane DC,2026-07-24 13:00,28.36,22.76,645.44,62766.8,Diesel,**** 7412,BP Fleet
F-VH-1020-8,VH-1020,DR-211,Polokwane DC,2026-05-09 09:00,23.06,23.18,534.47,51295.0,Diesel,**** 3240,Sasol Fleet
F-VH-1022-98,VH-1022,DR-211,Pretoria DC,2026-08-07 08:00,50.85,22.94,1166.62,64867.5,Diesel,**** 6957,BP Fleet
F-VH-1016-73,VH-1016,DR-203,Nelspruit DC,2026-07-13 07:00,22.26,22.92,510.16,61198.6,Diesel,**** 7669,Sasol Fleet
F-VH-1010-1,VH-1010,DR-210,Pretoria DC,2026-05-02 12:00,90.09,25.2,2270.18,50440.7,Diesel,**** 3697,BP Fleet
F-VH-1006-78,VH-1006,DR-225,Pretoria DC,2026-07-18 11:00,39.06,24.45,955.18,61905.5,Diesel,**** 7404,BP Fleet
F-VH-1012-36,VH-1012,DR-204,Pretoria DC,2026-06-06 08:00,36.46,22.59,823.78,55608.3,Diesel,**** 2955,BP Fleet
F-VH-1014-89,VH-1014,DR-224,Nelspruit DC,2026-07-29 10:00,44.67,23.46,1047.99,63441.9,Diesel,**** 3134,Shell Fleet
F-VH-1006-5,VH-1006,DR-225,Pretoria DC,2026-05-06 11:00,27.58,23.08,636.7,50913.0,Diesel,**** 2124,Sasol Fleet
F-VH-1007-15,VH-1007,DR-205,Pretoria DC,2026-05-16 10:00,8.74,25.17,219.96,52349.9,Petrol,**** 4048,BP Fleet
F-VH-1018-20,VH-1018,DR-212,Nelspruit DC,2026-05-21 11:00,22.37,23.03,515.17,53141.2,Diesel,**** 1251,Engen Fleet
F-VH-1002-109,VH-1002,DR-225,Pretoria DC,2026-08-18 14:00,18.98,23.72,450.39,66529.1,Diesel,**** 1583,Sasol Fleet
F-VH-1016-81,VH-1016,DR-203,Nelspruit DC,2026-07-21 13:00,19.14,22.74,435.27,62357.0,Petrol,**** 8878,Sasol Fleet
F-VH-1013-68,VH-1013,DR-206,Johannesburg DC,2026-07-08 07:00,31.65,23.1,731.05,60390.2,Diesel,**** 4083,Sasol Fleet
F-VH-1021-49,VH-1021,DR-227,Nelspruit DC,2026-06-19 13:00,15.26,24.14,368.38,57514.8,Diesel,**** 1094,BP Fleet
F-VH-1023-60,VH-1023,DR-219,Polokwane DC,2026-06-30 10:00,57.63,23.28,1341.73,59155.1,Diesel,**** 8742,Sasol Fleet
F-VH-1014-34,VH-1014,DR-224,Nelspruit DC,2026-06-04 16:00,24.67,21.58,532.34,55201.6,Diesel,**** 3140,BP Fleet
F-VH-1012-20,VH-1012,DR-204,Pretoria DC,2026-05-21 09:00,35.37,22.06,780.47,53214.3,Diesel,**** 3365,BP Fleet
F-VH-1002-7,VH-1002,DR-225,Pretoria DC,2026-05-08 16:00,13.83,23.39,323.5,51161.9,Diesel,**** 5557,Engen Fleet
F-VH-1023-6,VH-1023,DR-219,Polokwane DC,2026-05-07 15:00,133.49,24.73,3300.82,51186.7,Diesel,**** 6280,Shell Fleet
F-VH-1009-64,VH-1009,DR-213,Nelspruit DC,2026-07-04 10:00,23.66,22.88,541.54,59835.7,Petrol,**** 1916,BP Fleet
F-VH-1018-8,VH-1018,DR-212,Nelspruit DC,2026-05-09 15:00,30.86,24.46,754.7,51383.8,Diesel,**** 1803,BP Fleet
F-VH-1024-61,VH-1024,DR-208,Polokwane DC,2026-07-01 17:00,25.29,23.7,599.17,59251.6,Diesel,**** 4506,BP Fleet
F-VH-1006-104,VH-1006,DR-225,Pretoria DC,2026-08-13 18:00,35.16,25.63,901.19,65805.2,Diesel,**** 4731,Sasol Fleet
F-VH-1006-115,VH-1006,DR-225,Pretoria DC,2026-08-24 08:00,37.55,24.41,916.54,67461.3,Diesel,**** 8713,BP Fleet
F-VH-1023-10,VH-1023,DR-219,Polokwane DC,2026-05-11 06:00,91.66,24.32,2229.55,51679.1,Diesel,**** 4898,Shell Fleet
F-VH-1021-5,VH-1021,DR-227,Nelspruit DC,2026-05-06 11:00,17.27,22.5,388.63,50969.0,Petrol,**** 5232,Shell Fleet
F-VH-1013-98,VH-1013,DR-206,Johannesburg DC,2026-08-07 10:00,41.76,23.88,997.24,64916.5,Diesel,**** 6395,BP Fleet
F-VH-1000-42,VH-1000,DR-218,Pretoria DC,2026-06-12 09:00,45.8,24.22,1109.14,56538.3,Diesel,**** 4965,Shell Fleet
F-VH-1013-56,VH-1013,DR-206,Johannesburg DC,2026-06-26 18:00,32.62,23.31,760.38,58561.5,Diesel,**** 1746,Engen Fleet
F-VH-1004-115,VH-1004,DR-200,Nelspruit DC,2026-08-24 16:00,58.73,22.89,1344.14,67470.8,Diesel,**** 3819,Shell Fleet
F-VH-1016-12,VH-1016,DR-203,Nelspruit DC,2026-05-13 13:00,6.15,23.49,144.49,51890.0,Diesel,**** 5961,Shell Fleet
F-VH-1011-61,VH-1011,DR-208,Polokwane DC,2026-07-01 08:00,49.58,22.3,1105.72,59415.1,Diesel,**** 8856,Shell Fleet
F-VH-1008-11,VH-1008,DR-222,Polokwane DC,2026-05-12 17:00,24.06,23.43,563.82,51812.6,Diesel,**** 7992,Shell Fleet
F-VH-1003-45,VH-1003,DR-227,Nelspruit DC,2026-06-15 18:00,56.53,22.79,1288.56,56943.9,Diesel,**** 1918,Shell Fleet
F-VH-1024-4,VH-1024,DR-208,Polokwane DC,2026-05-05 12:00,29.07,25.08,729.15,50690.8,Diesel,**** 7865,Engen Fleet
F-VH-1022-38,VH-1022,DR-211,Pretoria DC,2026-06-08 15:00,93.3,23.35,2178.57,55980.4,Diesel,**** 6182,BP Fleet
F-VH-1003-55,VH-1003,DR-227,Nelspruit DC,2026-06-25 16:00,48.97,22.28,1091.2,58416.6,Diesel,**** 3947,Shell Fleet
F-VH-1004-96,VH-1004,DR-200,Nelspruit DC,2026-08-05 16:00,49.65,24.41,1211.77,64593.1,Diesel,**** 7484,Sasol Fleet
F-VH-1019-101,VH-1019,DR-203,Nelspruit DC,2026-08-10 11:00,19.98,24.49,489.23,65374.3,Diesel,**** 7328,BP Fleet
F-VH-1013-54,VH-1013,DR-206,Johannesburg DC,2026-06-24 08:00,28.02,24.9,697.71,58281.1,Diesel,**** 4869,BP Fleet
F-VH-1012-76,VH-1012,DR-204,Pretoria DC,2026-07-16 09:00,46.87,23.83,1116.92,61645.6,Diesel,**** 6431,BP Fleet
F-VH-1013-41,VH-1013,DR-206,Johannesburg DC,2026-06-11 14:00,17.89,22.81,408.1,56256.7,Diesel,**** 5821,Shell Fleet
F-VH-1010-77,VH-1010,DR-210,Pretoria DC,2026-07-17 17:00,15.8,23.78,375.78,61606.1,Diesel,**** 8918,BP Fleet
F-VH-1018-96,VH-1018,DR-212,Nelspruit DC,2026-08-05 08:00,29.26,23.39,684.42,64564.4,Diesel,**** 2694,Sasol Fleet
F-VH-1005-102,VH-1005,DR-224,Polokwane DC,2026-08-11 15:00,38.68,23.95,926.51,65465.7,Diesel,**** 1877,BP Fleet
F-VH-1015-15,VH-1015,DR-210,Johannesburg DC,2026-05-16 10:00,65.91,23.77,1566.44,52473.8,Diesel,**** 3580,Engen Fleet
F-VH-1010-14,VH-1010,DR-210,Pretoria DC,2026-05-15 14:00,34.2,22.17,758.06,52211.9,Diesel,**** 9316,Sasol Fleet
F-VH-1005-117,VH-1005,DR-224,Polokwane DC,2026-08-26 15:00,61.14,23.03,1408.23,67816.2,Diesel,**** 3023,Sasol Fleet
F-VH-1013-43,VH-1013,DR-206,Johannesburg DC,2026-06-13 14:00,39.19,22.94,899.3,56681.3,Diesel,**** 9987,BP Fleet
F-VH-1016-64,VH-1016,DR-203,Nelspruit DC,2026-07-04 09:00,17.7,23.44,414.83,59786.8,Diesel,**** 7438,Shell Fleet
F-VH-1015-108,VH-1015,DR-210,Johannesburg DC,2026-08-17 08:00,43.06,23.61,1016.36,66348.8,Diesel,**** 5486,BP Fleet
F-VH-1004-92,VH-1004,DR-200,Nelspruit DC,2026-08-01 12:00,51.91,24.98,1296.53,63977.6,Diesel,**** 8443,Shell Fleet
F-VH-1021-26,VH-1021,DR-227,Nelspruit DC,2026-05-27 09:00,13.41,21.5,288.44,54032.5,Petrol,**** 6353,BP Fleet
F-VH-1007-98,VH-1007,DR-205,Pretoria DC,2026-08-07 16:00,14.0,23.93,334.98,64865.5,Petrol,**** 7126,Sasol Fleet
F-VH-1012-28,VH-1012,DR-204,Pretoria DC,2026-05-29 18:00,36.63,23.81,872.19,54391.9,Diesel,**** 9907,Sasol Fleet
F-VH-1024-68,VH-1024,DR-208,Polokwane DC,2026-07-08 15:00,75.04,24.23,1818.2,60415.4,Diesel,**** 8993,Engen Fleet
F-VH-1021-89,VH-1021,DR-227,Nelspruit DC,2026-07-29 09:00,12.69,23.99,304.45,63473.7,Diesel,**** 6690,Shell Fleet
F-VH-1002-74,VH-1002,DR-225,Pretoria DC,2026-07-14 14:00,25.69,23.22,596.44,61302.9,Diesel,**** 5925,Sasol Fleet
F-VH-1001-43,VH-1001,DR-208,Johannesburg DC,2026-06-13 08:00,16.27,23.75,386.26,56521.6,Diesel,**** 6527,BP Fleet
F-VH-1017-10,VH-1017,DR-202,Polokwane DC,2026-05-11 13:00,12.65,23.23,293.95,51596.7,Petrol,**** 7018,Shell Fleet
F-VH-1003-21,VH-1003,DR-227,Nelspruit DC,2026-05-22 13:00,51.68,24.92,1287.6,53350.1,Diesel,**** 9037,BP Fleet
F-VH-1009-41,VH-1009,DR-213,Nelspruit DC,2026-06-11 06:00,13.79,23.4,322.84,56303.9,Petrol,**** 5520,BP Fleet
F-VH-1009-115,VH-1009,DR-213,Nelspruit DC,2026-08-24 08:00,17.6,23.85,419.61,67452.6,Diesel,**** 5639,BP Fleet
F-VH-1013-34,VH-1013,DR-206,Johannesburg DC,2026-06-04 15:00,12.51,24.01,300.37,55188.8,Diesel,**** 3969,BP Fleet
F-VH-1001-118,VH-1001,DR-208,Johannesburg DC,2026-08-27 06:00,61.94,23.66,1465.83,67983.2,Diesel,**** 9515,BP Fleet
F-VH-1009-42,VH-1009,DR-213,Nelspruit DC,2026-06-12 06:00,18.92,24.5,463.52,56515.3,Petrol,**** 2650,Shell Fleet
F-VH-1003-77,VH-1003,DR-227,Nelspruit DC,2026-07-17 08:00,76.17,22.92,1745.76,61837.0,Diesel,**** 1872,Shell Fleet
F-VH-1009-83,VH-1009,DR-213,Nelspruit DC,2026-07-23 13:00,21.71,21.82,473.77,62688.5,Diesel,**** 9990,BP Fleet
F-VH-1018-115,VH-1018,DR-212,Nelspruit DC,2026-08-24 08:00,30.96,24.02,743.57,67396.1,Diesel,**** 7291,BP Fleet
F-VH-1000-60,VH-1000,DR-218,Pretoria DC,2026-06-30 08:00,22.83,22.99,524.92,59130.4,Diesel,**** 2990,Sasol Fleet
F-VH-1001-26,VH-1001,DR-208,Johannesburg DC,2026-05-27 17:00,28.15,22.24,626.09,54046.7,Diesel,**** 2494,Sasol Fleet
F-VH-1012-96,VH-1012,DR-204,Pretoria DC,2026-08-05 16:00,28.71,23.88,685.58,64545.7,Diesel,**** 7422,Shell Fleet
F-VH-1021-28,VH-1021,DR-227,Nelspruit DC,2026-05-29 08:00,8.59,23.54,202.32,54311.3,Petrol,**** 4811,Engen Fleet
F-VH-1009-60,VH-1009,DR-213,Nelspruit DC,2026-06-30 16:00,12.52,22.32,279.46,59130.6,Diesel,**** 5553,Engen Fleet
F-VH-1017-85,VH-1017,DR-202,Polokwane DC,2026-07-25 14:00,32.3,22.94,741.17,62999.6,Diesel,**** 3291,BP Fleet
F-VH-1010-45,VH-1010,,Pretoria DC,2026-06-15 16:00,78.15,22.66,1770.85,56991.2,Diesel,**** 6905,Sasol Fleet
F-VH-1015-117,VH-1015,DR-210,Johannesburg DC,2026-08-26 09:00,75.43,22.27,1679.82,67839.6,Diesel,**** 9247,Sasol Fleet
F-VH-1002-45,VH-1002,DR-225,Pretoria DC,2026-06-15 12:00,30.79,23.23,715.17,57059.9,Diesel,**** 9165,Shell Fleet
F-VH-1018-40,VH-1018,DR-212,Nelspruit DC,2026-06-10 07:00,48.66,24.93,1213.04,56264.7,Diesel,**** 5155,Shell Fleet
F-VH-1019-46,VH-1019,DR-203,Nelspruit DC,2026-06-16 17:00,25.81,23.61,609.33,57194.6,Petrol,**** 9939,Engen Fleet
F-VH-1006-59,VH-1006,DR-225,Pretoria DC,2026-06-29 13:00,36.22,24.25,878.29,59053.1,Diesel,**** 3010,BP Fleet
F-VH-1023-53,VH-1023,DR-219,Polokwane DC,2026-06-23 14:00,62.73,23.23,1457.36,58138.1,Diesel,**** 1620,BP Fleet
F-VH-1009-96,VH-1009,DR-213,Nelspruit DC,2026-08-05 16:00,21.35,22.58,482.03,64633.3,Petrol,**** 8030,Engen Fleet
F-VH-1000-69,VH-1000,DR-218,Pretoria DC,2026-07-09 15:00,32.35,23.91,773.28,60556.4,Diesel,**** 2040,Shell Fleet
F-VH-1010-103,VH-1010,DR-210,Pretoria DC,2026-08-12 17:00,45.8,24.15,1106.12,65588.3,Diesel,**** 3182,Engen Fleet
F-VH-1004-103,VH-1004,DR-200,Nelspruit DC,2026-08-12 17:00,54.35,23.43,1273.35,65638.1,Diesel,**** 2581,Sasol Fleet
F-VH-1006-53,VH-1006,DR-225,Pretoria DC,2026-06-23 12:00,52.09,24.79,1291.61,58243.8,Diesel,**** 8326,Engen Fleet
F-VH-1019-61,VH-1019,DR-203,Nelspruit DC,2026-07-01 11:00,13.0,24.0,312.02,59282.6,Petrol,**** 5544,Shell Fleet
F-VH-1008-80,VH-1008,DR-222,Polokwane DC,2026-07-20 12:00,26.27,23.52,617.76,62135.9,Diesel,**** 1183,Shell Fleet
F-VH-1008-82,VH-1008,DR-222,Polokwane DC,2026-07-22 15:00,45.76,22.32,1021.4,62541.9,Diesel,**** 6642,Engen Fleet
F-VH-1000-66,VH-1000,DR-218,Pretoria DC,2026-07-06 10:00,32.86,23.18,761.57,60099.9,Diesel,**** 2347,Sasol Fleet
F-VH-1006-95,VH-1006,DR-225,Pretoria DC,2026-08-04 08:00,26.7,23.27,621.32,64399.6,Diesel,**** 2134,Shell Fleet
F-VH-1023-35,VH-1023,DR-219,Polokwane DC,2026-06-05 17:00,122.29,23.93,2926.54,55459.4,Diesel,**** 3173,Engen Fleet
F-VH-1017-96,VH-1017,DR-202,Polokwane DC,2026-08-05 09:00,19.25,23.16,446.01,64491.9,Petrol,**** 7194,Shell Fleet
F-VH-1022-87,VH-1022,DR-211,Pretoria DC,2026-07-27 14:00,39.01,23.05,899.43,63160.5,Diesel,**** 9722,Sasol Fleet
F-VH-1008-18,VH-1008,,Polokwane DC,2026-05-19 10:00,26.26,22.62,594.2,52861.2,Diesel,**** 5876,Shell Fleet
F-VH-1013-116,VH-1013,DR-206,Johannesburg DC,2026-08-25 18:00,48.04,24.48,1175.96,67697.0,Diesel,**** 5502,Engen Fleet
F-VH-1014-80,VH-1014,DR-224,Nelspruit DC,2026-07-20 07:00,74.98,24.18,1813.44,62199.6,Diesel,**** 3750,Engen Fleet
F-VH-1016-45,VH-1016,DR-203,Nelspruit DC,2026-06-15 18:00,10.66,23.6,251.47,56885.4,Petrol,**** 3521,Sasol Fleet
F-VH-1001-110,VH-1001,DR-208,Johannesburg DC,2026-08-19 06:00,49.73,22.94,1140.98,66729.9,Diesel,**** 4251,Engen Fleet
F-VH-1006-108,VH-1006,DR-225,Pretoria DC,2026-08-17 11:00,29.66,24.29,720.37,66368.4,Diesel,**** 2765,Sasol Fleet
F-VH-1012-115,VH-1012,DR-204,Pretoria DC,2026-08-24 11:00,33.83,23.45,793.32,67426.9,Diesel,**** 1026,BP Fleet
F-VH-1008-12,VH-1008,DR-222,Polokwane DC,2026-05-13 17:00,26.18,23.07,604.01,51954.2,Diesel,**** 2443,BP Fleet
F-VH-1021-0,VH-1021,DR-227,Nelspruit DC,2026-05-01 09:00,15.65,23.71,370.95,50178.7,Diesel,**** 4295,Shell Fleet
F-VH-1001-113,VH-1001,DR-208,Johannesburg DC,2026-08-22 14:00,27.93,24.75,691.41,67051.0,Diesel,**** 2410,BP Fleet
F-VH-1020-15,VH-1020,DR-211,Polokwane DC,2026-05-16 14:00,76.23,22.92,1747.38,52528.8,Diesel,**** 3981,Engen Fleet
F-VH-1021-75,VH-1021,DR-227,Nelspruit DC,2026-07-15 11:00,17.19,23.73,407.95,61425.5,Petrol,**** 1201,Sasol Fleet
F-VH-1024-73,VH-1024,DR-208,Polokwane DC,2026-07-13 13:00,75.71,23.7,1794.03,61173.6,Diesel,**** 5739,Engen Fleet
F-VH-1003-57,VH-1003,DR-227,Nelspruit DC,2026-06-27 06:00,48.97,24.48,1198.67,58732.2,Diesel,**** 3881,Engen Fleet
F-VH-1021-10,VH-1021,DR-227,Nelspruit DC,2026-05-11 09:00,23.06,23.17,534.38,51772.8,Petrol,**** 3417,Sasol Fleet
F-VH-1012-21,VH-1012,DR-204,Pretoria DC,2026-05-22 14:00,37.92,23.78,901.53,53351.0,Diesel,**** 6807,Shell Fleet
F-VH-1007-32,VH-1007,DR-205,Pretoria DC,2026-06-02 12:00,17.84,23.36,416.71,55008.9,Diesel,**** 1145,BP Fleet
F-VH-1024-33,VH-1024,DR-208,Polokwane DC,2026-06-03 15:00,59.72,23.43,1399.42,55125.1,Diesel,**** 5308,Engen Fleet
F-VH-1001-53,VH-1001,DR-208,Johannesburg DC,2026-06-23 11:00,100.4,23.91,2400.64,58237.7,Diesel,**** 8063,BP Fleet
F-VH-1022-119,VH-1022,DR-211,Pretoria DC,2026-08-28 09:00,50.81,24.6,1249.99,67978.2,Diesel,**** 3814,Engen Fleet
F-VH-1007-52,VH-1007,DR-205,Pretoria DC,2026-06-22 17:00,16.62,22.65,376.31,57970.2,Petrol,**** 6095,Sasol Fleet
F-VH-1001-67,VH-1001,DR-208,Johannesburg DC,2026-07-07 13:00,42.06,24.99,1050.98,60269.5,Diesel,**** 8208,Sasol Fleet
F-VH-1015-25,VH-1015,DR-210,Johannesburg DC,2026-05-26 12:00,43.05,22.72,978.21,53940.4,Diesel,**** 2237,Sasol Fleet
F-VH-1001-57,VH-1001,DR-208,Johannesburg DC,2026-06-27 06:00,37.16,23.49,872.69,58649.7,Diesel,**** 4433,BP Fleet
F-VH-1014-99,VH-1014,DR-224,Nelspruit DC,2026-08-08 17:00,57.18,22.81,1304.25,65013.9,Diesel,**** 4909,Engen Fleet
F-VH-1002-63,VH-1002,DR-225,Pretoria DC,2026-07-03 06:00,26.84,24.17,648.63,59677.6,Diesel,**** 3100,Shell Fleet
F-VH-1019-59,VH-1019,DR-203,Nelspruit DC,2026-06-29 11:00,26.36,22.88,603.15,59134.5,Diesel,**** 1775,Engen Fleet
F-VH-1004-22,VH-1004,DR-200,Nelspruit DC,2026-05-23 09:00,37.73,22.83,861.48,53464.7,Diesel,**** 2344,Shell Fleet
F-VH-1009-89,VH-1009,DR-213,Nelspruit DC,2026-07-29 06:00,18.81,23.85,448.6,63574.4,Diesel,**** 4791,Engen Fleet
F-VH-1011-117,VH-1011,DR-208,Polokwane DC,2026-08-26 08:00,30.5,23.15,706.13,67723.8,Diesel,**** 1054,Shell Fleet
F-VH-1013-7,VH-1013,DR-206,Johannesburg DC,2026-05-08 07:00,42.02,24.0,1008.72,51258.7,Diesel,**** 3522,BP Fleet
F-VH-1023-20,VH-1023,DR-219,Polokwane DC,2026-05-21 11:00,71.52,23.94,1712.41,53197.2,Diesel,**** 2615,BP Fleet
F-VH-1003-84,VH-1003,DR-227,Nelspruit DC,2026-07-24 17:00,56.38,23.78,1340.54,62783.2,Diesel,**** 4534,BP Fleet
F-VH-1003-61,VH-1003,DR-227,Nelspruit DC,2026-07-01 17:00,58.73,23.69,1391.48,59386.1,Diesel,**** 3675,Sasol Fleet
F-VH-1012-59,VH-1012,DR-204,Pretoria DC,2026-06-29 16:00,45.46,23.16,1052.52,59086.3,Diesel,**** 7824,Engen Fleet
F-VH-1004-78,VH-1004,DR-200,Nelspruit DC,2026-07-18 12:00,36.0,22.58,812.87,61826.1,Diesel,**** 7608,Shell Fleet
F-VH-1009-96,VH-1009,DR-213,Nelspruit DC,2026-08-05 16:00,21.35,22.58,482.03,64633.3,Petrol,**** 8030,Engen Fleet
F-VH-1023-89,VH-1023,DR-219,Polokwane DC,2026-07-29 14:00,79.31,22.33,1770.88,63599.3,Diesel,**** 5491,Engen Fleet
F-VH-1001-116,VH-1001,DR-208,Johannesburg DC,2026-08-25 16:00,82.03,23.41,1920.05,67617.6,Diesel,**** 9892,Shell Fleet
F-VH-1020-47,VH-1020,DR-211,Polokwane DC,2026-06-17 13:00,65.74,23.57,1549.65,57298.6,Diesel,**** 4424,Engen Fleet
F-VH-1013-95,VH-1013,DR-206,Johannesburg DC,2026-08-04 13:00,28.08,25.0,702.09,64405.4,Diesel,**** 9182,Shell Fleet
F-VH-1007-42,VH-1007,DR-205,Pretoria DC,2026-06-12 14:00,18.72,24.57,460.07,56534.1,Diesel,**** 3863,BP Fleet
F-VH-1007-28,VH-1007,DR-205,Pretoria DC,2026-05-29 16:00,8.86,24.75,219.2,54274.2,Petrol,**** 6432,Sasol Fleet
F-VH-1013-1,VH-1013,DR-206,Johannesburg DC,2026-05-02 06:00,50.07,24.23,1212.96,50414.6,Diesel,**** 9883,Sasol Fleet
F-VH-1011-18,VH-1011,DR-208,Polokwane DC,2026-05-19 13:00,31.32,23.68,741.74,52850.8,Diesel,**** 8849,Engen Fleet
F-VH-1005-38,VH-1005,DR-224,Polokwane DC,2026-06-08 17:00,71.6,24.91,1783.7,55946.1,Diesel,**** 2433,Sasol Fleet
F-VH-1021-95,VH-1021,DR-227,Nelspruit DC,2026-08-04 08:00,18.51,22.73,420.72,64439.6,Diesel,**** 3664,BP Fleet
F-VH-1014-110,VH-1014,DR-224,Nelspruit DC,2026-08-19 13:00,50.69,24.54,1244.06,66626.8,Diesel,**** 9955,Sasol Fleet
F-VH-1006-26,VH-1006,DR-225,Pretoria DC,2026-05-27 18:00,25.32,22.96,581.16,54045.0,Diesel,**** 3181,Engen Fleet
F-VH-1003-46,VH-1003,DR-227,Nelspruit DC,2026-06-16 11:00,32.68,25.68,839.14,57032.2,Diesel,**** 2161,Sasol Fleet
F-VH-1011-29,VH-1011,DR-208,Polokwane DC,2026-05-30 17:00,24.65,23.63,582.36,54496.2,Diesel,**** 5205,Sasol Fleet
F-VH-1000-0,VH-1000,DR-218,Pretoria DC,2026-05-01 16:00,39.27,24.11,946.85,50213.8,Diesel,**** 4598,Shell Fleet
F-VH-1002-53,VH-1002,DR-225,Pretoria DC,2026-06-23 09:00,23.57,22.8,537.36,58155.9,Diesel,**** 2276,BP Fleet
F-VH-1006-89,VH-1006,DR-225,Pretoria DC,2026-07-29 17:00,26.58,23.89,634.83,63512.5,Diesel,**** 2688,Engen Fleet
F-VH-1013-82,VH-1013,DR-206,Johannesburg DC,2026-07-22 07:00,28.78,23.34,671.64,62460.2,Diesel,**** 4482,Engen Fleet
F-VH-1013-69,VH-1013,DR-206,Johannesburg DC,2026-07-09 08:00,40.79,21.13,861.76,60569.1,Diesel,**** 9248,Sasol Fleet
F-VH-1009-108,VH-1009,DR-213,Nelspruit DC,2026-08-17 13:00,20.88,22.82,476.51,66440.4,Diesel,**** 9345,Sasol Fleet
F-VH-1005-56,VH-1005,DR-224,Polokwane DC,2026-06-26 16:00,45.86,23.4,1073.26,58582.3,Diesel,**** 9791,Engen Fleet
F-VH-1005-68,VH-1005,DR-224,Polokwane DC,2026-07-08 07:00,37.51,23.74,890.69,60360.5,Diesel,**** 5151,Shell Fleet
F-VH-1022-104,VH-1022,DR-211,Pretoria DC,2026-08-13 14:00,83.3,22.6,1882.76,65876.3,Diesel,**** 1884,Shell Fleet
F-VH-1020-85,VH-1020,DR-211,Polokwane DC,2026-07-25 07:00,27.63,23.01,635.74,62876.0,Diesel,**** 1732,Engen Fleet
F-VH-1024-29,VH-1024,DR-208,Polokwane DC,2026-05-30 18:00,41.84,24.36,1019.04,54493.6,Diesel,**** 2584,Sasol Fleet
F-VH-1001-18,VH-1001,DR-208,Johannesburg DC,2026-05-19 07:00,45.05,22.97,1034.51,52900.8,Diesel,**** 1436,BP Fleet
F-VH-1019-45,VH-1019,DR-203,Nelspruit DC,2026-06-15 17:00,21.66,24.41,528.81,57003.7,Diesel,**** 9906,Shell Fleet
F-VH-1023-67,VH-1023,DR-219,Polokwane DC,2026-07-07 13:00,61.24,24.23,1483.95,60260.0,Diesel,**** 7931,Sasol Fleet
F-VH-1014-73,VH-1014,DR-224,Nelspruit DC,2026-07-13 17:00,92.34,22.63,2089.75,61142.1,Diesel,**** 6243,Engen Fleet
F-VH-1011-10,VH-1011,DR-208,Polokwane DC,2026-05-11 06:00,27.6,24.05,663.91,51660.4,Diesel,**** 5986,BP Fleet
F-VH-1009-61,VH-1009,DR-213,Nelspruit DC,2026-07-01 13:00,21.96,22.71,498.83,59407.0,Diesel,**** 3671,Sasol Fleet
F-VH-1019-88,VH-1019,DR-203,Nelspruit DC,2026-07-28 17:00,20.59,23.46,482.86,63418.7,Petrol,**** 1659,Engen Fleet
F-VH-1023-5,VH-1023,DR-219,Polokwane DC,2026-05-06 09:00,60.95,22.36,1362.55,50853.3,Diesel,**** 9004,Engen Fleet
F-VH-1006-32,VH-1006,DR-225,Pretoria DC,2026-06-02 12:00,36.01,24.48,881.54,55001.6,Diesel,**** 4511,Engen Fleet
F-VH-1015-78,VH-1015,DR-210,Johannesburg DC,2026-07-18 17:00,52.25,23.3,1217.43,61892.7,Diesel,**** 3601,Shell Fleet
F-VH-1017-89,VH-1017,DR-202,Polokwane DC,2026-07-29 15:00,20.66,23.66,488.92,63547.0,Diesel,**** 4160,BP Fleet
F-VH-1016-71,VH-1016,DR-203,Nelspruit DC,2026-07-11 17:00,30.0,24.06,721.81,60994.1,Diesel,**** 2945,BP Fleet
F-VH-1020-4,VH-1020,DR-211,Polokwane DC,2026-05-05 09:00,60.67,22.47,1363.15,50859.2,Diesel,**** 2269,Shell Fleet
F-VH-1004-48,VH-1004,DR-200,Nelspruit DC,2026-06-18 08:00,51.15,22.42,1146.78,57417.6,Diesel,**** 8503,Sasol Fleet
F-VH-1000-115,VH-1000,DR-218,Pretoria DC,2026-08-24 10:00,22.23,22.82,507.28,67397.7,Diesel,**** 9586,Engen Fleet
F-VH-1022-48,VH-1022,DR-211,Pretoria DC,2026-06-18 09:00,47.82,23.09,1104.35,57335.3,Diesel,**** 1245,Shell Fleet
F-VH-1022-27,VH-1022,DR-211,Pretoria DC,2026-05-28 10:00,50.36,24.33,1225.22,54197.3,Diesel,**** 7438,Shell Fleet
F-VH-1006-20,VH-1006,DR-225,Pretoria DC,2026-05-21 17:00,14.46,22.82,330.02,53073.7,Diesel,**** 6253,Engen Fleet
F-VH-1020-77,VH-1020,DR-211,Polokwane DC,2026-07-17 15:00,39.38,23.47,924.33,61709.4,Diesel,**** 9898,Shell Fleet
F-VH-1009-27,VH-1009,DR-213,Nelspruit DC,2026-05-28 18:00,22.59,23.7,535.57,54275.0,Petrol,**** 7568,Sasol Fleet
F-VH-1022-33,VH-1022,DR-211,Pretoria DC,2026-06-03 16:00,44.95,22.35,1004.35,55065.9,Diesel,**** 5933,BP Fleet
F-VH-1014-49,VH-1014,DR-224,Nelspruit DC,2026-06-19 17:00,77.43,23.34,1807.45,57587.2,Diesel,**** 9582,BP Fleet
F-VH-1018-103,VH-1018,DR-212,Nelspruit DC,2026-08-12 12:00,24.39,22.28,543.53,65586.7,Diesel,**** 2280,Engen Fleet
F-VH-1012-63,VH-1012,DR-204,Pretoria DC,2026-07-03 10:00,41.89,22.24,931.85,59679.1,Diesel,**** 7586,Engen Fleet
F-VH-1024-21,VH-1024,DR-208,Polokwane DC,2026-05-22 11:00,57.05,22.59,1288.9,53312.9,Diesel,**** 8161,Engen Fleet
F-VH-1005-34,VH-1005,DR-224,Polokwane DC,2026-06-04 06:00,51.06,23.53,1201.58,55292.5,Diesel,**** 3862,Sasol Fleet
F-VH-1009-8,VH-1009,DR-213,Nelspruit DC,2026-05-09 15:00,22.73,24.55,557.9,51446.1,Diesel,**** 5161,BP Fleet
F-VH-1005-48,VH-1005,DR-224,Polokwane DC,2026-06-18 13:00,67.58,23.15,1564.29,57462.1,Diesel,**** 3572,Sasol Fleet
F-VH-1019-48,VH-1019,DR-203,Nelspruit DC,2026-06-18 08:00,15.65,23.71,371.01,57352.0,Diesel,**** 5372,Engen Fleet
F-VH-1010-119,VH-1010,DR-210,Pretoria DC,2026-08-28 16:00,40.06,23.23,930.47,67955.7,Diesel,**** 8836,Sasol Fleet
F-VH-1000-108,VH-1000,DR-218,Pretoria DC,2026-08-17 07:00,23.75,22.9,543.85,66352.9,Diesel,**** 8698,Sasol Fleet
F-VH-1010-25,VH-1010,DR-210,Pretoria DC,2026-05-26 11:00,93.19,24.52,2284.85,54049.1,Diesel,**** 5794,Shell Fleet
F-VH-1018-4,VH-1018,DR-212,Nelspruit DC,2026-05-05 14:00,15.83,22.1,349.76,50691.8,Diesel,**** 3607,BP Fleet
F-VH-1018-14,VH-1018,DR-212,Nelspruit DC,2026-05-15 08:00,32.27,23.62,762.34,52266.0,Diesel,**** 9151,Shell Fleet
F-VH-1017-7,VH-1017,DR-202,Polokwane DC,2026-05-08 18:00,20.5,23.98,491.5,51241.2,Petrol,**** 5891,BP Fleet
F-VH-1009-39,VH-1009,DR-213,Nelspruit DC,2026-06-09 08:00,19.12,22.67,433.44,56049.8,Diesel,**** 3395,BP Fleet
F-VH-1006-22,VH-1006,DR-225,Pretoria DC,2026-05-23 18:00,33.98,23.05,783.25,53479.9,Diesel,**** 3170,Sasol Fleet
F-VH-1002-106,VH-1002,DR-225,Pretoria DC,2026-08-15 11:00,21.72,23.71,515.02,66063.8,Diesel,**** 7815,Sasol Fleet
F-VH-1005-80,VH-1005,DR-224,Polokwane DC,2026-07-20 16:00,4.74,24.5,116.03,62004.0,Diesel,**** 8171,Engen Fleet
F-VH-1024-34,VH-1024,DR-208,Polokwane DC,2026-06-04 12:00,44.81,21.66,970.45,55225.4,Diesel,**** 9996,Sasol Fleet
F-VH-1016-31,VH-1016,DR-203,Nelspruit DC,2026-06-01 08:00,10.97,23.35,256.17,54750.4,Diesel,**** 7581,Sasol Fleet
F-VH-1016-110,VH-1016,DR-203,Nelspruit DC,2026-08-19 13:00,12.86,22.96,295.3,66645.0,Diesel,**** 6446,Engen Fleet
F-VH-1014-17,VH-1014,DR-224,Nelspruit DC,2026-05-18 14:00,45.21,24.16,1091.99,52671.6,Diesel,**** 9148,Sasol Fleet
F-VH-1024-111,VH-1024,DR-208,Polokwane DC,2026-08-20 07:00,55.99,22.95,1285.02,66843.4,Diesel,**** 4504,Engen Fleet
F-VH-1000-47,VH-1000,DR-218,Pretoria DC,2026-06-17 08:00,13.62,24.16,328.97,57108.6,Diesel,**** 7014,Engen Fleet
F-VH-1021-102,VH-1021,DR-227,Nelspruit DC,2026-08-11 11:00,13.33,21.73,289.58,65472.0,Diesel,**** 8509,Shell Fleet
F-VH-1023-1,VH-1023,DR-219,Polokwane DC,2026-05-02 14:00,167.09,23.89,3992.49,50431.5,Diesel,**** 3200,Shell Fleet
F-VH-1016-15,VH-1016,DR-203,Nelspruit DC,2026-05-16 09:00,15.08,24.18,364.5,52424.1,Petrol,**** 9094,Sasol Fleet
F-VH-1014-102,VH-1014,DR-224,Nelspruit DC,2026-08-11 14:00,41.64,22.99,957.47,65425.9,Diesel,**** 2995,Shell Fleet
F-VH-1009-63,VH-1009,DR-213,Nelspruit DC,2026-07-03 07:00,25.75,23.08,594.32,59741.6,Petrol,**** 4373,Shell Fleet
F-VH-1007-54,VH-1007,DR-205,Pretoria DC,2026-06-24 18:00,13.25,23.54,311.93,58265.9,Petrol,**** 5981,Shell Fleet
F-VH-1003-12,VH-1003,DR-227,Nelspruit DC,2026-05-13 12:00,41.89,24.34,1019.76,51956.9,Diesel,**** 7229,Engen Fleet
F-VH-1002-6,VH-1002,DR-225,Pretoria DC,2026-05-07 17:00,19.82,24.95,494.61,51059.1,Diesel,**** 2958,Engen Fleet
F-VH-1020-24,VH-1020,DR-211,Polokwane DC,2026-05-25 16:00,87.98,23.01,2024.7,53930.4,Diesel,**** 3838,Engen Fleet
F-VH-1000-53,VH-1000,DR-218,Pretoria DC,2026-06-23 12:00,35.24,22.08,778.11,58138.9,Diesel,**** 4908,Engen Fleet
F-VH-1016-99,VH-1016,DR-203,Nelspruit DC,2026-08-08 08:00,8.37,23.27,194.72,64950.4,Diesel,**** 3797,Sasol Fleet
F-VH-1021-7,VH-1021,DR-227,Nelspruit DC,2026-05-08 18:00,2.55,23.92,61.05,51082.5,Diesel,**** 8749,BP Fleet
F-VH-1005-99,VH-1005,DR-224,Polokwane DC,2026-08-08 06:00,35.65,23.19,826.64,64970.4,Diesel,**** 7923,Engen Fleet
F-VH-1000-68,VH-1000,DR-218,Pretoria DC,2026-07-08 14:00,57.82,23.28,1346.1,60525.9,Diesel,**** 8594,Engen Fleet
F-VH-1003-106,VH-1003,DR-227,Nelspruit DC,2026-08-15 11:00,59.74,22.83,1363.7,66135.0,Diesel,**** 6902,Shell Fleet
F-VH-1001-38,VH-1001,DR-208,Johannesburg DC,2026-06-08 06:00,46.72,23.12,1080.22,55826.2,Diesel,**** 6248,Sasol Fleet
F-VH-1015-11,VH-1015,DR-210,Johannesburg DC,2026-05-12 10:00,59.29,23.4,1387.27,51878.5,Diesel,**** 8030,Sasol Fleet
F-VH-1024-101,VH-1024,DR-208,Polokwane DC,2026-08-10 12:00,22.2,24.22,537.69,65211.5,Diesel,**** 5932,Shell Fleet
F-VH-1020-39,VH-1020,DR-211,Polokwane DC,2026-06-09 13:00,55.46,23.42,1299.03,56054.0,Diesel,**** 3641,BP Fleet
F-VH-1000-8,VH-1000,DR-218,Pretoria DC,2026-05-09 16:00,28.08,23.4,656.98,51350.9,Diesel,**** 2225,BP Fleet
F-VH-1024-8,VH-1024,DR-208,Polokwane DC,2026-05-09 12:00,73.31,22.79,1670.92,51445.0,Diesel,**** 3165,Shell Fleet
F-VH-1018-27,VH-1018,DR-212,Nelspruit DC,2026-05-28 09:00,29.16,24.45,712.98,54195.7,Diesel,**** 1981,Engen Fleet
F-VH-1014-1,VH-1014,DR-224,Nelspruit DC,2026-05-02 13:00,53.09,23.0,1221.18,50300.9,Diesel,**** 3579,Sasol Fleet
F-VH-1005-18,VH-1005,DR-224,Polokwane DC,2026-05-19 09:00,63.91,23.58,1506.8,52944.4,Diesel,**** 8726,Sasol Fleet
F-VH-1004-21,VH-1004,DR-200,Nelspruit DC,2026-05-22 17:00,51.23,23.33,1195.24,53338.6,Diesel,**** 4015,Sasol Fleet
F-VH-1018-29,VH-1018,DR-212,Nelspruit DC,2026-05-30 09:00,20.04,25.41,509.28,54441.1,Diesel,**** 7705,Shell Fleet
F-VH-1002-47,VH-1002,DR-225,Pretoria DC,2026-06-17 17:00,28.24,22.43,633.29,57288.7,Diesel,**** 2562,Shell Fleet
F-VH-1011-28,VH-1011,DR-208,Polokwane DC,2026-05-29 14:00,35.96,22.81,819.99,54424.4,Diesel,**** 2437,Shell Fleet
F-VH-1010-74,VH-1010,DR-210,Pretoria DC,2026-07-14 06:00,61.01,23.76,1449.77,61300.0,Diesel,**** 7769,BP Fleet
F-VH-1015-6,VH-1015,DR-210,Johannesburg DC,2026-05-07 07:00,56.25,21.9,1232.0,51116.7,Diesel,**** 3847,Sasol Fleet
F-VH-1015-50,VH-1015,DR-210,Johannesburg DC,2026-06-20 14:00,59.18,22.38,1324.54,57707.9,Diesel,**** 1100,Sasol Fleet
F-VH-1014-61,VH-1014,DR-224,Nelspruit DC,2026-07-01 07:00,68.11,23.9,1628.22,59358.5,Diesel,**** 2830,Sasol Fleet
F-VH-1024-104,VH-1024,DR-208,Polokwane DC,2026-08-13 07:00,47.64,23.19,1104.99,65781.3,Diesel,**** 3246,Engen Fleet
F-VH-1001-31,VH-1001,DR-208,Johannesburg DC,2026-06-01 12:00,51.71,22.56,1166.5,54889.4,Diesel,**** 9773,BP Fleet
F-VH-1000-28,VH-1000,DR-218,Pretoria DC,2026-05-29 07:00,50.45,24.0,1210.84,54493.9,Diesel,**** 5984,Sasol Fleet
F-VH-1007-88,VH-1007,DR-205,Pretoria DC,2026-07-28 09:00,99.96,22.76,2275.45,63371.9,Diesel,**** 7449,Engen Fleet
F-VH-1011-1,VH-1011,DR-208,Polokwane DC,2026-05-02 18:00,38.39,23.86,915.89,50395.9,Diesel,**** 5673,BP Fleet
F-VH-1017-6,VH-1017,DR-202,Polokwane DC,2026-05-07 09:00,21.58,23.86,514.86,51105.6,Diesel,**** 4241,BP Fleet
F-VH-1023-119,VH-1023,DR-219,Polokwane DC,2026-08-28 14:00,63.94,25.04,1600.78,68042.7,Diesel,**** 7830,Shell Fleet
F-VH-1017-102,VH-1017,DR-202,Polokwane DC,2026-08-11 17:00,16.57,24.32,402.97,65440.6,Diesel,**** 9956,Engen Fleet
F-VH-1015-66,VH-1015,DR-210,Johannesburg DC,2026-07-06 13:00,25.82,22.88,590.83,60010.6,Diesel,**** 6296,BP Fleet
F-VH-1014-11,VH-1014,DR-224,Nelspruit DC,2026-05-12 08:00,44.21,23.67,1046.13,51802.9,Diesel,**** 2773,Shell Fleet
F-VH-1000-67,VH-1000,DR-218,Pretoria DC,2026-07-07 10:00,11.71,23.94,280.24,60120.6,Diesel,**** 5321,Shell Fleet
F-VH-1018-47,VH-1018,DR-212,Nelspruit DC,2026-06-17 09:00,37.22,22.78,847.73,57247.1,Diesel,**** 7124,Engen Fleet
F-VH-1007-116,VH-1007,DR-205,Pretoria DC,2026-08-25 16:00,17.16,24.33,417.61,67570.1,Diesel,**** 1366,Engen Fleet
F-VH-1010-38,VH-1010,DR-210,Pretoria DC,2026-06-08 14:00,74.39,22.63,1683.78,55922.0,Diesel,**** 5937,Sasol Fleet
F-VH-1021-24,VH-1021,DR-227,Nelspruit DC,2026-05-25 13:00,15.88,23.04,365.92,53775.1,Diesel,**** 1157,BP Fleet
F-VH-1012-110,VH-1012,DR-204,Pretoria DC,2026-08-19 12:00,33.66,22.74,765.3,66714.6,Diesel,**** 8919,Shell Fleet
F-VH-1009-80,VH-1009,DR-213,Nelspruit DC,2026-07-20 17:00,15.31,22.69,347.3,62189.3,Diesel,**** 4541,BP Fleet
F-VH-1023-26,VH-1023,DR-219,Polokwane DC,2026-05-27 15:00,44.12,23.9,1054.53,54041.3,Diesel,**** 3877,Sasol Fleet
F-VH-1007-24,VH-1007,DR-205,Pretoria DC,2026-05-25 09:00,16.53,24.18,399.79,53751.4,Diesel,**** 4621,BP Fleet
F-VH-1020-55,VH-1020,DR-211,Polokwane DC,2026-06-25 11:00,29.31,23.14,678.34,58355.2,Diesel,**** 8530,Shell Fleet
F-VH-1004-98,VH-1004,DR-200,Nelspruit DC,2026-08-07 14:00,43.62,24.27,1058.69,64881.7,Diesel,**** 1640,Shell Fleet
F-VH-1012-34,VH-1012,DR-204,Pretoria DC,2026-06-04 17:00,26.75,24.18,646.84,55234.6,Diesel,**** 3611,Sasol Fleet
F-VH-1022-103,VH-1022,DR-211,Pretoria DC,2026-08-12 07:00,108.08,23.97,2590.28,65741.3,Diesel,**** 5309,Sasol Fleet
F-VH-1018-91,VH-1018,DR-212,Nelspruit DC,2026-07-31 18:00,23.42,23.78,556.85,63798.7,Diesel,**** 4593,Sasol Fleet
F-VH-1018-33,VH-1018,DR-212,Nelspruit DC,2026-06-03 18:00,45.46,23.53,1069.4,55184.9,Diesel,**** 4742,Engen Fleet
F-VH-1005-36,VH-1005,DR-224,Polokwane DC,2026-06-06 14:00,63.59,25.36,1612.5,55656.2,Diesel,**** 5712,Sasol Fleet
F-VH-1004-62,VH-1004,DR-200,Nelspruit DC,2026-07-02 10:00,27.27,22.15,603.98,59411.7,Diesel,**** 6111,BP Fleet
F-VH-1012-108,VH-1012,DR-204,Pretoria DC,2026-08-17 15:00,36.82,23.6,869.11,66408.4,Diesel,**** 9604,BP Fleet
F-VH-1005-98,VH-1005,DR-224,Polokwane DC,2026-08-07 18:00,41.16,23.45,965.2,64859.7,Diesel,**** 5931,Shell Fleet
F-VH-1013-84,VH-1013,DR-206,Johannesburg DC,2026-07-24 18:00,32.35,24.35,787.62,62781.2,Diesel,**** 3418,BP Fleet
F-VH-1009-49,VH-1009,DR-213,Nelspruit DC,2026-06-19 12:00,19.43,23.3,452.77,57555.0,Diesel,**** 9470,Engen Fleet
F-VH-1014-90,VH-1014,DR-224,Nelspruit DC,2026-07-30 10:00,60.98,21.77,1327.73,63656.6,Diesel,**** 7479,Engen Fleet
F-VH-1010-92,VH-1010,DR-210,Pretoria DC,2026-08-01 07:00,40.69,21.91,891.47,63934.8,Diesel,**** 6942,Shell Fleet
F-VH-1023-45,VH-1023,DR-219,Polokwane DC,2026-06-15 17:00,81.98,23.8,1951.4,56917.5,Diesel,**** 7348,Engen Fleet
F-VH-1019-109,VH-1019,DR-203,Nelspruit DC,2026-08-18 11:00,21.47,24.96,535.85,66585.5,Diesel,**** 7966,BP Fleet
F-VH-1006-42,VH-1006,DR-225,Pretoria DC,2026-06-12 09:00,41.88,23.08,966.42,56551.7,Diesel,**** 3101,Sasol Fleet
F-VH-1024-19,VH-1024,DR-208,Polokwane DC,2026-05-20 17:00,42.17,24.02,1012.88,52974.7,Diesel,**** 9715,BP Fleet
F-VH-1013-89,VH-1013,DR-206,Johannesburg DC,2026-07-29 13:00,39.94,22.77,909.46,63566.0,Diesel,**** 2650,BP Fleet
F-VH-1010-17,VH-1010,DR-210,Pretoria DC,2026-05-18 12:00,46.15,23.69,1093.52,52684.1,Diesel,**** 7850,Engen Fleet
F-VH-1012-18,VH-1012,DR-204,Pretoria DC,2026-05-19 14:00,50.97,23.28,1186.59,52996.8,Diesel,**** 3249,Sasol Fleet
F-VH-1005-14,VH-1005,DR-224,Polokwane DC,2026-05-15 17:00,53.38,23.72,1265.94,52280.6,Diesel,**** 7934,Sasol Fleet
F-VH-1007-21,VH-1007,DR-205,Pretoria DC,2026-05-22 15:00,13.62,24.52,334.08,53307.0,Diesel,**** 8916,BP Fleet
F-VH-1021-52,VH-1021,DR-227,Nelspruit DC,2026-06-22 07:00,7.56,23.59,178.43,57858.6,Diesel,**** 3798,Shell Fleet
F-VH-1001-70,VH-1001,DR-208,Johannesburg DC,2026-07-10 11:00,75.36,22.64,1706.59,60812.7,Diesel,**** 4307,BP Fleet
F-VH-1008-55,VH-1008,DR-222,Polokwane DC,2026-06-25 16:00,38.65,23.15,894.6,58465.2,Diesel,**** 8429,Shell Fleet
F-VH-1012-70,VH-1012,DR-204,Pretoria DC,2026-07-10 11:00,25.37,22.36,567.42,60630.9,Diesel,**** 3692,BP Fleet
F-VH-1023-14,VH-1023,DR-219,Polokwane DC,2026-05-15 13:00,55.26,24.13,1333.56,52287.2,Diesel,**** 6776,BP Fleet
F-VH-1003-83,VH-1003,DR-227,Nelspruit DC,2026-07-23 13:00,59.59,24.44,1456.34,62687.7,Diesel,**** 2333,Shell Fleet
F-VH-1015-97,VH-1015,DR-210,Johannesburg DC,2026-08-06 09:00,40.95,23.29,953.67,64721.2,Diesel,**** 7126,Sasol Fleet
F-VH-1008-7,VH-1008,DR-222,Polokwane DC,2026-05-08 15:00,31.45,25.56,803.86,51224.6,Diesel,**** 8242,Sasol Fleet
F-VH-1010-76,VH-1010,DR-210,Pretoria DC,2026-07-16 18:00,22.21,24.25,538.57,61462.2,Diesel,**** 9125,Engen Fleet
F-VH-1009-38,VH-1009,DR-213,Nelspruit DC,2026-06-08 07:00,24.84,23.61,586.62,55946.0,Diesel,**** 2036,Sasol Fleet
F-VH-1004-89,VH-1004,DR-200,Nelspruit DC,2026-07-29 07:00,43.27,23.15,1001.63,63516.0,Diesel,**** 5059,Engen Fleet
F-VH-1010-59,VH-1010,DR-210,Pretoria DC,2026-06-29 13:00,58.1,21.51,1249.91,59014.1,Diesel,**** 7400,Engen Fleet
F-VH-1016-21,VH-1016,DR-203,Nelspruit DC,2026-05-22 12:00,12.74,24.57,312.9,53280.7,Petrol,**** 1154,Engen Fleet
F-VH-1016-1,VH-1016,DR-203,Nelspruit DC,2026-05-02 07:00,20.97,24.66,517.25,50374.1,Petrol,**** 2964,Engen Fleet
F-VH-1003-111,VH-1003,DR-227,Nelspruit DC,2026-08-20 06:00,36.68,24.14,885.29,66796.7,Diesel,**** 8134,Shell Fleet
F-VH-1015-3,VH-1015,DR-210,Johannesburg DC,2026-05-04 06:00,98.36,22.36,2199.49,50800.7,Diesel,**** 4644,Engen Fleet
F-VH-1018-75,VH-1018,DR-212,Nelspruit DC,2026-07-15 18:00,34.64,23.73,822.06,61441.6,Diesel,**** 1173,BP Fleet
F-VH-1000-83,VH-1000,DR-218,Pretoria DC,2026-07-23 17:00,47.45,22.82,1082.9,62732.1,Diesel,**** 5072,Shell Fleet
F-VH-1013-101,VH-1013,DR-206,Johannesburg DC,2026-08-10 10:00,33.45,24.34,814.0,65321.0,Diesel,**** 5828,Sasol Fleet
F-VH-1022-26,VH-1022,DR-211,Pretoria DC,2026-05-27 12:00,55.22,24.51,1353.47,54079.7,Diesel,**** 4909,Sasol Fleet
F-VH-1008-87,VH-1008,DR-222,Polokwane DC,2026-07-27 06:00,52.17,22.81,1190.31,63378.0,Diesel,**** 7382,Engen Fleet
F-VH-1010-104,VH-1010,DR-210,Pretoria DC,2026-08-13 07:00,47.16,24.13,1137.76,65750.0,Diesel,**** 7024,Shell Fleet
F-VH-1001-106,VH-1001,DR-208,Johannesburg DC,2026-08-15 06:00,73.07,21.94,1603.11,66246.6,Diesel,**** 2269,BP Fleet
F-VH-1016-11,VH-1016,DR-203,Nelspruit DC,2026-05-12 10:00,5.83,22.55,131.47,51714.1,Diesel,**** 6567,Shell Fleet
F-VH-1017-42,VH-1017,DR-202,Polokwane DC,2026-06-12 08:00,28.29,24.68,698.32,56567.3,Diesel,**** 6172,BP Fleet
F-VH-1019-83,VH-1019,DR-203,Nelspruit DC,2026-07-23 07:00,14.75,22.9,337.71,62592.0,Diesel,**** 4082,Sasol Fleet
F-VH-1003-17,VH-1003,DR-227,Nelspruit DC,2026-05-18 15:00,42.2,24.11,1017.34,52730.5,Diesel,**** 1464,Sasol Fleet
F-VH-1022-36,VH-1022,DR-211,Pretoria DC,2026-06-06 09:00,51.95,23.83,1238.1,55565.2,Diesel,**** 9691,BP Fleet
F-VH-1018-28,VH-1018,DR-212,Nelspruit DC,2026-05-29 15:00,50.03,22.91,1146.12,54481.0,Diesel,**** 6878,Sasol Fleet
F-VH-1005-116,VH-1005,DR-224,Polokwane DC,2026-08-25 13:00,74.77,22.44,1677.96,67678.8,Diesel,**** 4999,BP Fleet
F-VH-1011-84,VH-1011,DR-208,Polokwane DC,2026-07-24 08:00,22.0,24.11,530.53,62727.1,Diesel,**** 8239,BP Fleet
F-VH-1005-105,VH-1005,DR-224,Polokwane DC,2026-08-14 16:00,65.76,24.52,1612.05,65976.1,Diesel,**** 1856,Shell Fleet
F-VH-1002-64,VH-1002,DR-225,Pretoria DC,2026-07-04 07:00,20.21,22.61,456.82,59773.9,Diesel,**** 5882,Sasol Fleet
F-VH-1023-87,VH-1023,DR-219,Polokwane DC,2026-07-27 17:00,76.09,23.33,1774.72,63210.7,Diesel,**** 9754,Shell Fleet
F-VH-1015-52,VH-1015,DR-210,Johannesburg DC,2026-06-22 17:00,33.98,23.84,810.14,57928.2,Diesel,**** 8304,Shell Fleet
F-VH-1009-55,VH-1009,DR-213,Nelspruit DC,2026-06-25 18:00,5.13,23.78,121.93,58307.8,Diesel,**** 7271,BP Fleet
F-VH-1014-24,VH-1014,DR-224,Nelspruit DC,2026-05-25 16:00,58.55,24.39,1428.31,53825.7,Diesel,**** 4232,BP Fleet
F-VH-1012-24,VH-1012,DR-204,Pretoria DC,2026-05-25 11:00,20.05,23.22,465.48,53695.8,Diesel,**** 3692,Engen Fleet
F-VH-1002-67,VH-1002,DR-225,Pretoria DC,2026-07-07 06:00,28.65,24.24,694.56,60294.9,Diesel,**** 3679,BP Fleet
F-VH-1006-64,VH-1006,DR-225,Pretoria DC,2026-07-04 15:00,29.72,23.02,684.34,59763.6,Diesel,**** 2976,Shell Fleet
F-VH-1014-94,VH-1014,DR-224,Nelspruit DC,2026-08-03 15:00,67.44,23.22,1565.73,64337.8,Diesel,**** 7769,BP Fleet
F-VH-1000-46,VH-1000,DR-218,Pretoria DC,2026-06-16 16:00,45.31,23.64,1070.84,57149.4,Diesel,**** 2577,Sasol Fleet
F-VH-1012-84,VH-1012,DR-204,Pretoria DC,2026-07-24 18:00,31.06,23.35,725.49,62766.3,Diesel,**** 1149,Shell Fleet
F-VH-1024-12,VH-1024,DR-208,Polokwane DC,2026-05-13 17:00,73.68,23.53,1733.88,52019.6,Diesel,**** 8199,Engen Fleet
F-VH-1009-119,VH-1009,DR-213,Nelspruit DC,2026-08-28 09:00,21.1,23.41,493.99,68072.1,Diesel,**** 8819,BP Fleet
F-VH-1020-10,VH-1020,DR-211,Polokwane DC,2026-05-11 08:00,34.76,23.41,813.48,51632.7,Diesel,**** 4362,Sasol Fleet
F-VH-1007-17,VH-1007,DR-205,Pretoria DC,2026-05-18 15:00,19.17,25.07,480.58,52772.0,Diesel,**** 6231,Shell Fleet
F-VH-1017-45,VH-1017,DR-202,Polokwane DC,2026-06-15 14:00,12.65,24.68,312.34,56884.0,Diesel,**** 8187,Engen Fleet
F-VH-1007-112,VH-1007,DR-205,Pretoria DC,2026-08-21 17:00,21.74,23.44,509.6,67052.1,Petrol,**** 6914,Engen Fleet
F-VH-1010-11,VH-1010,DR-210,Pretoria DC,2026-05-12 07:00,40.52,23.58,955.64,51805.3,Diesel,**** 2582,Shell Fleet
F-VH-1019-97,VH-1019,DR-203,Nelspruit DC,2026-08-06 11:00,14.49,22.79,330.07,64704.0,Diesel,**** 3003,Sasol Fleet
F-VH-1023-64,VH-1023,DR-219,Polokwane DC,2026-07-04 17:00,80.97,23.14,1873.91,59844.0,Diesel,**** 8426,Sasol Fleet
F-VH-1000-78,VH-1000,DR-218,Pretoria DC,2026-07-18 14:00,34.18,22.59,772.22,61890.0,Diesel,**** 8679,BP Fleet
F-VH-1017-97,VH-1017,DR-202,Polokwane DC,2026-08-06 16:00,3.29,23.45,77.14,64581.8,Diesel,**** 2878,Engen Fleet
F-VH-1002-91,VH-1002,DR-225,Pretoria DC,2026-07-31 12:00,19.08,23.59,450.03,63808.5,Diesel,**** 6788,Shell Fleet
F-VH-1024-60,VH-1024,DR-208,Polokwane DC,2026-06-30 13:00,46.9,22.84,1071.17,59152.1,Diesel,**** 5009,Sasol Fleet
F-VH-1014-25,VH-1014,DR-224,Nelspruit DC,2026-05-26 17:00,79.41,22.27,1768.08,53993.7,Diesel,**** 7434,BP Fleet
F-VH-1012-6,VH-1012,DR-204,Pretoria DC,2026-05-07 18:00,28.17,23.56,663.74,51069.8,Diesel,**** 4697,BP Fleet
F-VH-1011-35,VH-1011,DR-208,Polokwane DC,2026-06-05 16:00,48.52,21.45,1040.64,55501.5,Diesel,**** 3018,BP Fleet
F-VH-1016-104,VH-1016,DR-203,Nelspruit DC,2026-08-13 10:00,14.38,22.92,329.64,65751.4,Diesel,**** 5001,Shell Fleet
F-VH-1002-84,VH-1002,DR-225,Pretoria DC,2026-07-24 10:00,23.86,22.74,542.47,62823.8,Diesel,**** 1562,Shell Fleet
F-VH-1024-49,VH-1024,DR-208,Polokwane DC,2026-06-19 11:00,79.07,23.23,1836.83,57567.5,Diesel,**** 1531,Shell Fleet
F-VH-1010-73,VH-1010,DR-210,Pretoria DC,2026-07-13 15:00,65.56,25.52,1673.19,61187.7,Diesel,**** 1381,Shell Fleet
F-VH-1005-17,VH-1005,DR-224,Polokwane DC,2026-05-18 16:00,70.27,22.42,1575.12,52829.7,Diesel,**** 8912,Engen Fleet
F-VH-1013-4,VH-1013,DR-206,Johannesburg DC,2026-05-05 09:00,31.36,24.37,764.38,50782.0,Diesel,**** 1090,Sasol Fleet
F-VH-1009-22,VH-1009,DR-213,Nelspruit DC,2026-05-23 07:00,19.72,24.64,485.85,53526.8,Diesel,**** 4977,Engen Fleet
F-VH-1022-7,VH-1022,DR-211,Pretoria DC,2026-05-08 06:00,50.7,24.48,1240.89,51222.9,Diesel,**** 6439,Sasol Fleet
F-VH-1002-90,VH-1002,DR-225,Pretoria DC,2026-07-30 17:00,83.05,22.71,1885.93,63789.3,Diesel,**** 9401,BP Fleet
F-VH-1007-81,VH-1007,DR-205,Pretoria DC,2026-07-21 08:00,19.43,24.11,468.45,62373.5,Petrol,**** 9055,Sasol Fleet
F-VH-1023-33,VH-1023,DR-219,Polokwane DC,2026-06-03 15:00,67.47,24.19,1631.86,55184.2,Diesel,**** 2718,Sasol Fleet
F-VH-1018-99,VH-1018,DR-212,Nelspruit DC,2026-08-08 06:00,34.94,23.01,804.07,65036.8,Diesel,**** 5762,Engen Fleet
F-VH-1002-69,VH-1002,DR-225,Pretoria DC,2026-07-09 15:00,20.0,23.5,469.92,60547.1,Diesel,**** 6681,BP Fleet
F-VH-1001-47,VH-1001,DR-208,Johannesburg DC,2026-06-17 12:00,31.37,23.45,735.68,57174.3,Diesel,**** 2264,Shell Fleet
F-VH-1002-99,VH-1002,DR-225,Pretoria DC,2026-08-08 06:00,18.34,24.53,449.68,65021.3,Diesel,**** 9698,BP Fleet
F-VH-1005-54,VH-1005,DR-224,Polokwane DC,2026-06-24 06:00,53.37,23.62,1260.45,58325.4,Diesel,**** 9765,Sasol Fleet
F-VH-1008-47,VH-1008,DR-222,Polokwane DC,2026-06-17 16:00,53.94,22.98,1239.58,57355.6,Diesel,**** 7436,BP Fleet
F-VH-1018-17,VH-1018,DR-212,Nelspruit DC,2026-05-18 14:00,24.2,23.42,566.83,52684.1,Diesel,**** 5728,Sasol Fleet
F-VH-1000-26,VH-1000,DR-218,Pretoria DC,2026-05-27 11:00,56.77,23.43,1329.85,54208.8,Diesel,**** 7092,Engen Fleet
F-VH-1017-82,VH-1017,DR-202,Polokwane DC,2026-07-22 10:00,97.32,24.38,2372.6,62456.2,Diesel,**** 1685,Sasol Fleet
F-VH-1005-50,VH-1005,DR-224,Polokwane DC,2026-06-20 09:00,24.6,23.85,586.8,57610.7,Diesel,**** 2790,Sasol Fleet
F-VH-1009-66,VH-1009,DR-213,Nelspruit DC,2026-07-06 18:00,16.71,24.31,406.23,60091.5,Diesel,**** 7259,Engen Fleet
F-VH-1017-43,VH-1017,DR-202,Polokwane DC,2026-06-13 08:00,109.59,23.37,2561.16,56714.6,Diesel,**** 3233,Shell Fleet
F-VH-1002-21,VH-1002,DR-225,Pretoria DC,2026-05-22 09:00,20.51,23.6,484.03,53329.5,Diesel,**** 5026,BP Fleet
F-VH-1017-57,VH-1017,DR-202,Polokwane DC,2026-06-27 09:00,24.13,24.0,579.11,58686.6,Diesel,**** 7662,Engen Fleet
F-VH-1008-20,VH-1008,DR-222,Polokwane DC,2026-05-21 06:00,39.79,25.23,1003.92,53240.8,Diesel,**** 3869,BP Fleet
F-VH-1011-101,VH-1011,DR-208,Polokwane DC,2026-08-10 06:00,46.26,22.52,1041.92,65393.3,Diesel,**** 3410,BP Fleet
F-VH-1017-78,VH-1017,DR-202,Polokwane DC,2026-07-18 08:00,12.99,23.28,302.47,61792.1,Diesel,**** 5044,Shell Fleet
F-VH-1023-17,VH-1023,DR-219,Polokwane DC,2026-05-18 15:00,28.23,23.55,664.83,52652.0,Diesel,**** 6218,Engen Fleet
F-VH-1021-87,VH-1021,DR-227,Nelspruit DC,2026-07-27 10:00,14.89,24.15,359.55,63193.5,Diesel,**** 1175,BP Fleet
F-VH-1012-68,VH-1012,DR-204,Pretoria DC,2026-07-08 16:00,17.81,23.8,423.85,60315.9,Diesel,**** 7471,Shell Fleet
F-VH-1018-84,VH-1018,DR-212,Nelspruit DC,2026-07-24 07:00,37.36,23.35,872.31,62796.5,Diesel,**** 9005,Shell Fleet
F-VH-1010-115,VH-1010,DR-210,Pretoria DC,2026-08-24 13:00,89.43,22.5,2012.55,67528.2,Diesel,**** 1440,Engen Fleet
F-VH-1003-62,VH-1003,DR-227,Nelspruit DC,2026-07-02 18:00,35.43,23.71,840.05,59449.9,Diesel,**** 5723,Sasol Fleet
F-VH-1005-59,VH-1005,DR-224,Polokwane DC,2026-06-29 10:00,51.5,24.16,1244.19,59043.4,Diesel,**** 7929,Shell Fleet
F-VH-1000-5,VH-1000,DR-218,Pretoria DC,2026-05-06 06:00,30.63,22.44,687.53,50924.2,Diesel,**** 7624,Engen Fleet
F-VH-1023-24,VH-1023,DR-219,Polokwane DC,2026-05-25 13:00,52.78,23.66,1248.96,53771.9,Diesel,**** 9006,Engen Fleet
F-VH-1023-103,VH-1023,DR-219,Polokwane DC,2026-08-12 11:00,52.09,22.46,1169.89,65628.3,Diesel,**** 4346,Shell Fleet
F-VH-1016-116,VH-1016,DR-203,Nelspruit DC,2026-08-25 09:00,8.84,23.38,206.69,67486.0,Diesel,**** 3126,Shell Fleet
F-VH-1001-118,VH-1001,DR-208,Johannesburg DC,2026-08-27 06:00,61.94,23.66,1465.83,67983.2,Diesel,**** 9515,BP Fleet
F-VH-1009-84,VH-1009,DR-213,Nelspruit DC,2026-07-24 09:00,14.23,23.93,340.43,62774.2,Diesel,**** 2594,Engen Fleet
F-VH-1015-80,VH-1015,DR-210,Johannesburg DC,2026-07-20 11:00,44.47,22.92,1019.3,62180.5,Diesel,**** 4105,Engen Fleet
F-VH-1006-10,VH-1006,DR-225,Pretoria DC,2026-05-11 14:00,42.65,23.34,995.41,51739.0,Diesel,**** 7038,Shell Fleet
F-VH-1015-17,VH-1015,DR-210,Johannesburg DC,2026-05-18 09:00,63.13,22.9,1445.85,52806.5,Diesel,**** 6781,Sasol Fleet
F-VH-1024-35,VH-1024,DR-208,Polokwane DC,2026-06-05 07:00,59.33,22.97,1362.66,55468.4,Diesel,**** 8870,BP Fleet
F-VH-1016-29,VH-1016,DR-203,Nelspruit DC,2026-05-30 07:00,17.37,22.98,398.97,54525.9,Diesel,**** 8909,Sasol Fleet
F-VH-1015-101,VH-1015,DR-210,Johannesburg DC,2026-08-10 08:00,48.14,25.21,1213.87,65312.0,Diesel,**** 5641,Engen Fleet
F-VH-1018-3,VH-1018,DR-212,Nelspruit DC,2026-05-04 14:00,25.31,23.81,602.77,50612.8,Diesel,**** 1452,Sasol Fleet
F-VH-1010-68,VH-1010,DR-210,Pretoria DC,2026-07-08 07:00,47.36,22.16,1049.28,60340.5,Diesel,**** 8817,BP Fleet
F-VH-1000-34,VH-1000,DR-218,Pretoria DC,2026-06-04 06:00,39.37,23.78,936.37,55296.4,Diesel,**** 4402,BP Fleet
F-VH-1024-36,VH-1024,DR-208,Polokwane DC,2026-06-06 11:00,82.24,23.47,1929.9,55630.0,Diesel,**** 4994,Sasol Fleet
F-VH-1019-62,VH-1019,DR-203,Nelspruit DC,2026-07-02 13:00,16.44,23.15,380.55,59468.3,Petrol,**** 6629,Sasol Fleet
F-VH-1016-38,VH-1016,DR-203,Nelspruit DC,2026-06-08 16:00,29.01,23.61,685.0,56014.3,Petrol,**** 4014,Engen Fleet
F-VH-1009-14,VH-1009,DR-213,Nelspruit DC,2026-05-15 15:00,12.38,23.38,289.4,52245.9,Diesel,**** 4068,Sasol Fleet
F-VH-1000-25,VH-1000,DR-218,Pretoria DC,2026-05-26 14:00,31.59,22.69,716.83,53905.7,Diesel,**** 8492,BP Fleet
F-VH-1007-94,VH-1007,DR-205,Pretoria DC,2026-08-03 10:00,25.7,23.85,612.95,64388.6,Petrol,**** 6952,Shell Fleet
F-VH-1007-1,VH-1007,DR-205,Pretoria DC,2026-05-02 13:00,7.18,25.22,181.03,50225.2,Petrol,**** 8579,Engen Fleet
F-VH-1018-106,VH-1018,DR-212,Nelspruit DC,2026-08-15 11:00,36.94,23.21,857.51,66106.8,Diesel,**** 4774,BP Fleet
F-VH-1015-48,VH-1015,DR-210,Johannesburg DC,2026-06-18 14:00,46.01,23.47,1079.9,57361.2,Diesel,**** 2939,Engen Fleet
F-VH-1008-35,VH-1008,DR-222,Polokwane DC,2026-06-05 07:00,44.32,24.61,1090.97,55519.3,Diesel,**** 3689,BP Fleet
F-VH-1019-80,VH-1019,DR-203,Nelspruit DC,2026-07-20 18:00,26.22,23.41,613.78,62278.6,Diesel,**** 2668,Engen Fleet
F-VH-1004-67,VH-1004,DR-200,Nelspruit DC,2026-07-07 07:00,39.74,25.78,1024.53,60214.4,Diesel,**** 5654,Engen Fleet
F-VH-1013-75,VH-1013,DR-206,Johannesburg DC,2026-07-15 07:00,32.06,23.72,760.59,61438.7,Diesel,**** 3045,Sasol Fleet
F-VH-1016-7,VH-1016,DR-203,Nelspruit DC,2026-05-08 15:00,11.78,22.79,268.55,51189.0,Diesel,**** 2143,Shell Fleet
F-VH-1018-55,VH-1018,DR-212,Nelspruit DC,2026-06-25 17:00,25.31,22.17,561.18,58397.4,Diesel,**** 2148,Engen Fleet
F-VH-1021-34,VH-1021,DR-227,Nelspruit DC,2026-06-04 10:00,16.04,23.65,379.3,55286.4,Petrol,**** 7203,BP Fleet
F-VH-1003-18,VH-1003,,Nelspruit DC,2026-05-19 14:00,66.75,24.46,1632.59,52980.3,Diesel,**** 7229,Engen Fleet
F-VH-1012-78,VH-1012,DR-204,Pretoria DC,2026-07-18 12:00,35.74,24.52,876.11,61876.1,Diesel,**** 2126,BP Fleet
F-VH-1010-18,VH-1010,DR-210,Pretoria DC,2026-05-19 12:00,61.97,24.25,1502.4,52904.0,Diesel,**** 3399,Shell Fleet
F-VH-1014-33,VH-1014,DR-224,Nelspruit DC,2026-06-03 16:00,126.17,23.85,3009.47,55194.7,Diesel,**** 4707,Shell Fleet
F-VH-1020-81,VH-1020,DR-211,Polokwane DC,2026-07-21 15:00,53.56,21.96,1176.04,62359.8,Diesel,**** 1636,Sasol Fleet
F-VH-1008-111,VH-1008,DR-222,Polokwane DC,2026-08-20 12:00,32.63,22.95,748.97,66836.2,Diesel,**** 8708,Sasol Fleet
F-VH-1011-22,VH-1011,DR-208,Polokwane DC,2026-05-23 13:00,26.5,23.49,622.55,53450.1,Diesel,**** 6916,Shell Fleet
F-VH-1024-82,VH-1024,DR-208,Polokwane DC,2026-07-22 17:00,54.08,24.41,1320.0,62478.0,Diesel,**** 3275,Sasol Fleet
F-VH-1021-25,VH-1021,DR-227,Nelspruit DC,2026-05-26 15:00,15.36,23.24,357.14,53912.5,Diesel,**** 6631,Sasol Fleet
F-VH-1012-14,VH-1012,DR-204,Pretoria DC,2026-05-15 17:00,15.05,23.56,354.4,52174.2,Diesel,**** 2698,Shell Fleet
F-VH-1019-108,VH-1019,DR-203,Nelspruit DC,2026-08-17 10:00,7.84,24.41,191.34,66275.0,Diesel,**** 8288,Engen Fleet
F-VH-1004-27,VH-1004,DR-200,Nelspruit DC,2026-05-28 13:00,49.89,22.51,1123.14,54259.1,Diesel,**** 3734,Shell Fleet
F-VH-1001-29,VH-1001,DR-208,Johannesburg DC,2026-05-30 08:00,34.87,23.62,823.55,54489.4,Diesel,**** 8982,Shell Fleet
F-VH-1015-71,VH-1015,DR-210,Johannesburg DC,2026-07-11 13:00,32.55,22.25,724.12,60761.2,Diesel,**** 9408,Sasol Fleet
F-VH-1008-75,VH-1008,DR-222,Polokwane DC,2026-07-15 16:00,23.62,22.89,540.66,61384.8,Diesel,**** 1456,BP Fleet
F-VH-1016-49,VH-1016,DR-203,Nelspruit DC,2026-06-19 18:00,17.98,22.81,410.06,57580.2,Diesel,**** 3459,Engen Fleet
F-VH-1002-62,VH-1002,DR-225,Pretoria DC,2026-07-02 07:00,17.7,22.51,398.32,59478.6,Diesel,**** 6149,Sasol Fleet
F-VH-1007-109,VH-1007,DR-205,Pretoria DC,2026-08-18 13:00,19.95,24.47,488.13,66552.1,Petrol,**** 3918,Sasol Fleet
F-VH-1016-84,VH-1016,DR-203,Nelspruit DC,2026-07-24 06:00,9.65,22.0,212.18,62712.3,Diesel,**** 6545,BP Fleet
F-VH-1012-71,VH-1012,DR-204,Pretoria DC,2026-07-11 16:00,15.48,24.41,377.96,60753.4,Diesel,**** 9502,BP Fleet
F-VH-1011-0,VH-1011,DR-208,Polokwane DC,2026-05-01 12:00,32.15,24.09,774.68,50186.2,Diesel,**** 1053,Shell Fleet
F-VH-1002-92,VH-1002,DR-225,Pretoria DC,2026-08-01 16:00,21.04,22.99,483.79,63999.2,Diesel,**** 5698,Sasol Fleet
F-VH-1004-112,VH-1004,DR-200,Nelspruit DC,2026-08-21 11:00,64.7,23.17,1499.14,67059.7,Diesel,**** 6668,BP Fleet
F-VH-1024-10,VH-1024,DR-208,Polokwane DC,2026-05-11 17:00,33.31,24.39,812.3,51597.0,Diesel,**** 2862,Sasol Fleet
F-VH-1023-19,VH-1023,DR-219,Polokwane DC,2026-05-20 14:00,87.97,24.89,2189.41,53102.9,Diesel,**** 4648,Sasol Fleet
F-VH-1022-4,VH-1022,DR-211,Pretoria DC,2026-05-05 11:00,79.08,23.91,1891.19,50823.0,Diesel,**** 7812,Sasol Fleet
F-VH-1007-34,VH-1007,DR-205,Pretoria DC,2026-06-04 07:00,3.59,22.74,81.66,55136.7,Diesel,**** 1751,Sasol Fleet
F-VH-1011-14,VH-1011,DR-208,Polokwane DC,2026-05-15 12:00,17.85,24.33,434.16,52210.3,Diesel,**** 5155,Sasol Fleet
F-VH-1000-106,VH-1000,DR-218,Pretoria DC,2026-08-15 17:00,24.67,24.0,591.88,66025.3,Diesel,**** 5217,Sasol Fleet
F-VH-1000-104,VH-1000,DR-218,Pretoria DC,2026-08-13 07:00,15.95,24.51,391.02,65669.0,Diesel,**** 1579,Shell Fleet
F-VH-1014-19,VH-1014,DR-224,Nelspruit DC,2026-05-20 14:00,51.8,24.21,1254.19,52973.7,Diesel,**** 9525,BP Fleet
F-VH-1016-102,VH-1016,DR-203,Nelspruit DC,2026-08-11 15:00,26.55,25.2,669.2,65580.8,Diesel,**** 3018,BP Fleet
F-VH-1008-3,VH-1008,DR-222,Polokwane DC,2026-05-04 18:00,18.41,22.4,412.36,50541.0,Diesel,**** 1653,Shell Fleet
F-VH-1017-105,VH-1017,DR-202,Polokwane DC,2026-08-14 09:00,15.55,23.81,370.42,65900.6,Diesel,**** 1632,Shell Fleet
F-VH-1018-109,VH-1018,DR-212,Nelspruit DC,2026-08-18 10:00,41.38,22.08,913.51,66559.6,Diesel,**** 7701,Sasol Fleet
F-VH-1013-19,VH-1013,DR-206,Johannesburg DC,2026-05-20 11:00,29.37,23.92,702.56,53027.8,Diesel,**** 2838,Sasol Fleet
F-VH-1013-61,VH-1013,DR-206,Johannesburg DC,2026-07-01 07:00,29.65,24.22,718.08,59315.3,Diesel,**** 3332,Engen Fleet
F-VH-1005-57,VH-1005,DR-224,Polokwane DC,2026-06-27 07:00,35.55,22.63,804.62,58696.3,Diesel,**** 2606,Engen Fleet
F-VH-1003-38,VH-1003,DR-227,Nelspruit DC,2026-06-08 16:00,26.15,23.43,612.65,55815.7,Diesel,**** 4492,BP Fleet
F-VH-1004-68,VH-1004,DR-200,Nelspruit DC,2026-07-08 10:00,60.84,23.76,1445.76,60436.5,Diesel,**** 2253,Sasol Fleet
F-VH-1016-98,VH-1016,DR-203,Nelspruit DC,2026-08-07 15:00,18.02,23.34,420.69,64894.9,Diesel,**** 5596,Shell Fleet
F-VH-1007-7,VH-1007,DR-205,Pretoria DC,2026-05-08 18:00,12.22,23.83,291.3,51185.6,Diesel,**** 1018,BP Fleet
F-VH-1005-110,VH-1005,DR-224,Polokwane DC,2026-08-19 06:00,19.32,22.95,443.46,66567.8,Diesel,**** 9627,Sasol Fleet
F-VH-1019-95,VH-1019,DR-203,Nelspruit DC,2026-08-04 11:00,15.6,24.32,379.39,64397.1,Diesel,**** 9226,Sasol Fleet
F-VH-1016-19,VH-1016,DR-203,Nelspruit DC,2026-05-20 06:00,22.06,22.96,506.39,53110.7,Diesel,**** 8484,Sasol Fleet
F-VH-1017-81,VH-1017,DR-202,Polokwane DC,2026-07-21 09:00,51.74,23.66,1224.28,62440.3,Diesel,**** 7131,BP Fleet
